{"version":2,"languages":{"nodejs-npm":{"specfileHash":"6c3dcc50af858adb980364a12d11ab03","lockfileHash":"dc7cfb592fc22afa619bd9d5f4d5e6b3","guessedImports":["axios","steno","got","node-fetch","cookie","chalk","ms","@adiwajshing/keyed-db","node-youtube-music","form-data","mongoose","youtubedl-core","jimp","cheerio","awesome-phonenumber","fs-extra","qs","youtube-yts","google-reverse-image-search","performance-now","file-type","md5","spinnies","fluent-ffmpeg","emoji-api","@hapi/boom","yt-search","lodash","node-webpmux","node-id3","human-readable","jsdom","qrcode","qrcode-reader","@adiwajshing/baileys","pino","moment-timezone","request","ytdl-core"],"guessedImportsHash":"8b13e82a4db5d274f0bbed759055f10b"}}}
