{"version":20,"hash":{"type":"Buffer","data":"2pyZY4SBQnBo+4MVazmriyShyWNCOZSu7xeyeOoEHyJiNj1cQWeOEKUSdYohpJYkaAxmZszYWKHI0/w9l9BQbSjhwdxwQE2/mupeAGvOZdn5rDQ2qxUd5oJGnEbMZ+tbv2wRInrUj5HMiNI3BTYJaz3o/I/PZtDFrkxmnlB2Jq4="},"indexValueMap":{"05BNzTpGnC8MJFrdUp/svyyiHhpxn9Hi1A4+6E6meQk=":{"valueMac":{"type":"Buffer","data":"ZO+nh2wJXToiKApeQZKKAX/SozmAceUTMxVbcwmhNIc="}},"49ILH/Pl+CqLOnNmOkxTyKU8enrCpDk41ufvW3zPpt8=":{"valueMac":{"type":"Buffer","data":"3TPr+V3GDXAstDIbc+TDjFogE0MghaMo8p3MbxxIA0Y="}},"29rRoXm4MvTrwA+3HTKniqUsdkgFhD/mMh+5bqBFRMY=":{"valueMac":{"type":"Buffer","data":"NDiAAJ3HPR4BgkPx6wwydJDff/qjZT4DV4QKez8JMOM="}},"o27yOrtIXjpJuvUNKPkgBWtrO5WYrQl3F0n7/laYJM4=":{"valueMac":{"type":"Buffer","data":"oR+/48euvvg/qKiPqpSPL0uGLCKBx96ijzDq+itonfY="}},"N3ymdd9vm32NXLKHNVsg8paIHDNm42KkBqnsXE90CEs=":{"valueMac":{"type":"Buffer","data":"rHoFJfwnf54F9j+oduXXUwRKX893+5S/LwSBLlATiq4="}},"AdDD4sdzaIgG9VTpV7pFHf6K2sSOR3cvj75dTaPZ35Q=":{"valueMac":{"type":"Buffer","data":"sPadfV7lag/ycQZgHLqIcVKO+KVDDP1HubHxrM7Mto4="}}}}