{"version":13,"hash":{"type":"Buffer","data":"0/4h2VnJI2E8QTrihTYhKDjWzJ8XSrZePMlz9Dyd1wOC2tCazZm9ntCdVSoo/UKwA/2VLap0gnAKcDhrAIfUSAYr4rBVxYJw1cztqchsu6DGt7Iw+CzD0ScrdrmZVk33GSuKPxfgv47YYnlGtXTajKcHmS2xz+F3keNFO5LMKVo="},"indexValueMap":{"AI1Udlf6FqLuE5QU/gtmjakVAswMnJZA8ezfucWb3Qg=":{"valueMac":{"type":"Buffer","data":"9GH+ME6CBq+Q9EKnj55YEywksPcOUl7YP/9m5boz1Y4="}},"ALz4K3jBnugfpZT8ial/V+M6/34xt8iPMttmP0gNMB4=":{"valueMac":{"type":"Buffer","data":"GwPcfPue1J1lngZq6LnDY/kT9u/DRIW45bYn7By6PPI="}},"APsCyUOPZ6wrtpVUDsjut3AX9NaHm4m6Qe461QjoDRg=":{"valueMac":{"type":"Buffer","data":"jtgd5/es05gvjyN0lWFjr7+s0DVEFa4I+ErxXhv2l+w="}},"ARMsYK4kgcT3nU+s86NPJ0wysy+k8t8tl24dzxtWb0c=":{"valueMac":{"type":"Buffer","data":"I1hZRmKGg2ySLrzQ6b/oPfZf+RigfuFe9IuH0HsyTHA="}},"ASemnpkSq5NOfrc1bmw7MbNjPEJgkDC6xS28dPyCluc=":{"valueMac":{"type":"Buffer","data":"wHysBXGlvKyxhSoEX4NeOZ61fTXzsMF1JJ+X4gja2Xc="}},"AcEN87qf58wf6MUGGCyyg1kc6pd+lS67QY8lVeyqAK8=":{"valueMac":{"type":"Buffer","data":"aJovAUy80fI1OFE9s/Wxl65Z1pySwCGlOaGl7NoWpxo="}},"Ax8ZP0R1mM1I9P2JA/7ig8vvOpVkWo5kcfBaotJhtDA=":{"valueMac":{"type":"Buffer","data":"9GyNx7GTgMDxUdIBGqltIYpMZlmTjg7utREbrFjBlxU="}},"A0YfWAGsi5SMe1V9rEblUov/5I4smyGWPRsne4KSx2k=":{"valueMac":{"type":"Buffer","data":"kfMmtK/Q6wqe810XaKpZRJlJbmRlBKUopY/xPJSBSio="}},"BKzOC7Jce1eJPnwGlrXmZBSfgeuNiPd023sCOCE3Q/c=":{"valueMac":{"type":"Buffer","data":"7qc4ZT4kSw7EO0cqv2mTIw9iHcruECVAI+9i5+zkTJg="}},"BMs1p8ELOyXNyPvT9XNo6R2DVIbFSMij4wXp4nZNFEs=":{"valueMac":{"type":"Buffer","data":"rCoYhv7mSComwl/Omj2APAA6ZhILPeWHwCjusmkMs/8="}},"BOT1aGd0kb4LoXRsNhDSxlEzyPP9U3f2cLP5RQzAOEc=":{"valueMac":{"type":"Buffer","data":"vVlqctPxRpx1SkRso4V/D+5AOq7WwQBuW6dsvV49Lr0="}},"Blig7m+EAabB6Ir+jXGvmjUmoCX4S1pIrrHH5OnLQ6o=":{"valueMac":{"type":"Buffer","data":"BgxZQ8YQeSqcBda3vRHQwuVc03V9IYECxCzxawk5SE4="}},"BmCrdxGFVEr+pPW9VKiZg5efX1JY3cZOMWz5yjuemLA=":{"valueMac":{"type":"Buffer","data":"Qcgzo4e+wHIPF4IrTZ9f6lE/ISigBA3WrMFSZdsHh7k="}},"B3RACn9vW7FWNhYj1+H+DwuvLLmury4Ne5E/RoeqxTk=":{"valueMac":{"type":"Buffer","data":"CZSYboLoULL1chZ5EyzfcqQOiJI5StgUvGRwpexfo1s="}},"B99HkK3MqLvO4SCgD/+484Zd/odgF3CLJDg6CMLWVyA=":{"valueMac":{"type":"Buffer","data":"hx5KjBRISyclWT7mQDw5U5WurwO7aEQ6Qr6J+Wpju38="}},"CQTNwF6Vrym91mtsSPYZWKTe3E8gWrt7eZfBcSshcsg=":{"valueMac":{"type":"Buffer","data":"ZPoqyCjffQJs5UuLaFEA/R6yiZslCgGxhH+n3mGL4ew="}},"CVyLMdLWOF445VQ5gxQ1nIpfltliDRkXCag9TwWzx3Q=":{"valueMac":{"type":"Buffer","data":"ZtnoCOCp4WSljD46Ld7Jv/176eqTZec5FBTo+8P8gqE="}},"CkOaUv4mqnLh0Y0YHNmo77vNXjGv9ENCQkfP61Oyvt8=":{"valueMac":{"type":"Buffer","data":"Dpe3CWJhfYja2T4RzDo6Co1lMzuUKT+HvyJT1v/O7C8="}},"CkPfhsRZ+idPH+sZB6MyJaiSIWPPEeGlKD+87sXKqpA=":{"valueMac":{"type":"Buffer","data":"jxE3IzqJ2Ot6tbidsEavo44EcFGcRYHdQXhKeT7H91o="}},"CrDrRsOOEqt06x9XOQQEH8n9lOz1EOYRghHwraGJzVk=":{"valueMac":{"type":"Buffer","data":"8hesESSja93oodTFXbmM1jYkR82n43PfIYRh1jCdXYs="}},"CvzUkjVpBbk2z9f9jU1QTHstZNhWx6zjH+CHFzkDrUE=":{"valueMac":{"type":"Buffer","data":"fU3/f5J2Tk2xz9OblwqvFVDE5S43Je6gK4mEqsVTgD4="}},"C13HNsiwSmkKEwj2yU7KMU3rmxoyGHR2YASNJwr5JCQ=":{"valueMac":{"type":"Buffer","data":"kE7/qiaORkEf07QZ/h9sOZeDBi+zLbibNZooMph89tc="}},"DE6J+Qo3VUJ9j50oplwv1SIHurxqrxJH07hW5IrkVpc=":{"valueMac":{"type":"Buffer","data":"VSq7W6m1MPF7QIqH6rXQFgDf6hAiXq05+d6T8fWBfN4="}},"DLxshTOPFIbD+uVi0NUOwm0BrkfwRVHQIKWWyxO2xVk=":{"valueMac":{"type":"Buffer","data":"XYWgwfBx+bXIR71cDiwrix1PqHFFhWXEFJUphNEaQWI="}},"DOFtSD2jKP17hRtxyo4u2EFQTYjWlco6XWhWAq8YZ4g=":{"valueMac":{"type":"Buffer","data":"uuiqxbMDt1sWQSWflt+teXtaLrix7KWooWQgCJCtswo="}},"DPVLVfZRhuFpTS0ph+55JPrWOxh+ZXfzWS6J0gBJQfE=":{"valueMac":{"type":"Buffer","data":"ugo8ycDdukj1dPwwSUasJv2lJ3DtY6cTuUrVyTeEgEI="}},"DZpxCW8AWUxzKsP56QLLHoyRKEdgxZvnacAnRAarM04=":{"valueMac":{"type":"Buffer","data":"mvLBzd5UdNuTvfykIjhG2vch47SA4E4yUshSORARNxY="}},"DcKQrLZl2RXcgy8skxCXJ2TMyXbhaBa0VXLgWTOuqXw=":{"valueMac":{"type":"Buffer","data":"HLYCt5bmbxarJTXfFSqS1iGxhnbANkyC9WxtBspvGAY="}},"DwDpcs2zKAz/O1w0NERBZ8Zhq2K5Ps+h+IbADooM//w=":{"valueMac":{"type":"Buffer","data":"2IuRAxzeKIX3LWxcRj2XF0SIgjfkWWB87gIYUi9cb4E="}},"D3+0jbK+3AE0QueGgE8FIdUfZt94iSinrSQJfxG/r4A=":{"valueMac":{"type":"Buffer","data":"2ZHuJB3AbWZTgmtb9VBDEWEXryZJpDVT+h+HCOpc13Q="}},"D/zJfvzDMndhrMVjOKjm+Gw4LTfsqDZF9rTvD43c6lc=":{"valueMac":{"type":"Buffer","data":"Sa4ODhUUDUqAwPqzF2PVWhfxBbLSF0brRxTikUUnaTc="}},"ED6PLGpZXawEmcDMRu8ibPX9nD4uZu7yZgSHetwyu10=":{"valueMac":{"type":"Buffer","data":"85Uq5WRwGZRSukbrDJr+UyykPHk7UiBG8E2+Tb5clT0="}},"EE+KhjI9Ht/J7jUiy0jSXN8XNp1LWY5Se3ufAnYUQ+w=":{"valueMac":{"type":"Buffer","data":"NHaOxy5sMZoqUUoV7KzAjUKPujghJWqwHsgYtN3O5cU="}},"EH6Agilkx0C9SYB0LL+oL+suuXmYsMPgZX0IDgVQvZ4=":{"valueMac":{"type":"Buffer","data":"XHfg1qbM+v29+8ptBLcvussDTIl9Qsl4S4MxjvoMR4A="}},"ELNvnf4ludtIr4zVYcBS+SiYMhQFgqJeC8KGo9MVnJI=":{"valueMac":{"type":"Buffer","data":"lP1fRs0AaM1gOzNtvn0dSvsU/dl0/9i2OFW3yikRLPc="}},"EL/B+YRaug/gOKmZoayixcoWVFB1e98x+vAaRnK1eXo=":{"valueMac":{"type":"Buffer","data":"6U2JqIMLGymM6NP/hHUiWZ9J1AA9i3NBQrAs/nzj58Q="}},"EQjfk/CtQRnGBtIzEyFxymevfDHocp8APPjQC6V432k=":{"valueMac":{"type":"Buffer","data":"xFvpV6Khnot7L2RhHI9WlsayHnr+CkP06lBgn4qRdkY="}},"ETK0tVGlFftDYT6vvWvEEUoT9PjjDPjMZtUWUs60FO0=":{"valueMac":{"type":"Buffer","data":"oMM6f68LLoN8SUN2CiL3fwskbdahO4Ea1UGujpgC7kE="}},"EUK3YJUf7y2SYufnb+MPBjKh8W9pywzXU35Hw3sSSv4=":{"valueMac":{"type":"Buffer","data":"IAYWhnJUFKWpda/oxeg88kqh65HP856JqpVBS9zMTiw="}},"EWuZOdCjCZ4MVCDeyZafpvILMBLB1kxD0c1Yupym5rc=":{"valueMac":{"type":"Buffer","data":"EfulGM1K0yZCXJj+jG4q5hMfWLKDCEttkrEgMTI7hj4="}},"EcjS1AiEWoh72risgozyyUlNah4Ig0QhmLTqITG41N8=":{"valueMac":{"type":"Buffer","data":"ndWwlO0eaIEgd8zmRj4TOtHBBQwloKKcfnPxsYni7ik="}},"EmLNa+P4AWZtfwYGEjzKiBSL5eipZTYYD9bWyZZxKVE=":{"valueMac":{"type":"Buffer","data":"iLSmevOBQbqoE1+/YSvRNxnBMfRKZppB0YRXY1mrgSM="}},"EqF7dhvhFwA6M7tVePgEKh16Ugb1AmDa8ZWg06pe6sw=":{"valueMac":{"type":"Buffer","data":"9oxjlbeu7rpIqAi7G32nLAxwdKkOCVdYPwmd25pxUDU="}},"EqJzTl5Pyh09BsSNd5WEaSguRml1qo0mPJjnoOFVEzg=":{"valueMac":{"type":"Buffer","data":"J/cN+TRC/xAYrWZ/lkmKe/FlrHs+RcXqcY0P0Ol019E="}},"FUA9gTXINs/A4iBvtgOU/ufctdmRLZb5tutoB5GMOQw=":{"valueMac":{"type":"Buffer","data":"pCbe+aZA2LAd0EIXWL28YVL1UGvWIEaY25IxXIrGqek="}},"FXu0seCJMUUKYlCbVVvOFb6IfkholilRwabyvK9EjTc=":{"valueMac":{"type":"Buffer","data":"alCp/NjiE7DRN1fSMleNxgZW5nJ5yzHETHidLzaW77A="}},"FcILmXhwTotichXtaZdFOhqdrXVKySh709vBxE4PDr0=":{"valueMac":{"type":"Buffer","data":"Ry/Sk4lxxpBV3KMJOHb79wYUiY8RtmK20PdOsQggbWM="}},"Fd6KILfWa01fltxy65C6q+SNvCiWByY6zytOW/TFu30=":{"valueMac":{"type":"Buffer","data":"FlCexmDZmSSFE7ItwGnWnrbV3d6ohfXjQv2kow9od40="}},"FiluXgB5Gxy5AQCmU0u6+u1xpxLdkWh4sWLh9Z0cC8g=":{"valueMac":{"type":"Buffer","data":"wgl1zFpXuE7wePomTQBL4tNBwNZ6LApcPTXkqJhsE9A="}},"FulLhNIUPy1Rc6yusKPEuNwUQUAmcl/XwywPMVLO3rs=":{"valueMac":{"type":"Buffer","data":"3T9R5KH7Uq653ziF94uaE1wURK92x5dmg+7ZUDER2AI="}},"FyIBEJSTiLADNFX1UWwq5jGFv7h6zVm+cp9vMJ3P7KE=":{"valueMac":{"type":"Buffer","data":"z7NApkPxuQIwY4aWQpxeakba4HIN1osmbpF4k67aN6c="}},"Fyxfm6u8sRwCXYC39OALuvRchfsDxLNeQMF4bT/VBNY=":{"valueMac":{"type":"Buffer","data":"p+IuEi9IfIYIDsq0DezlSrUmH0B8poXcezBfVsWjzzs="}},"FzpmV57F4fbt9ewkAfpkFpsnqqtyKLnvIV7+DncUSfo=":{"valueMac":{"type":"Buffer","data":"OLnqy3T6mSDVtQS8PoxJ4pUu3VS/d+vKhhiT78qksqY="}},"Fzuy773vP6Hc2xRg3or9e93tIYGMQXdngCqf9euqER4=":{"valueMac":{"type":"Buffer","data":"u8v0bvAkwGn1u4f5oCbFxPXcSTycYqCpw7rw6xlyJc0="}},"GEQK5yOzm4Essrzsj4BOJFKSQgUF2QOjAU550Mqrldg=":{"valueMac":{"type":"Buffer","data":"Ww34nC20c/bCbo57hzX/qEcojv4kf8F6hrtg9KArjcs="}},"GWS2TslAb8eJjw2ngjrkapprk2Hlywdcz5w1Ve2XHdM=":{"valueMac":{"type":"Buffer","data":"QOb3WglmLUrdEPpFnhsfv4TnNwsSsU5EHWwuWC/vTZs="}},"GoiSIS/E4WN+F+7iAM4r74GZ7oJmShbZbMyYnGyDDho=":{"valueMac":{"type":"Buffer","data":"gqndrtoN0xl3TLNW/ESW9xzkXs18Z1CSVQNjz+XzMQw="}},"G1uY0xiGue3ZlzhSw67HE/QOvKJXiHv5vGDStRk7jwY=":{"valueMac":{"type":"Buffer","data":"XmNPp2c+q5AQ+XI2n1nmoqgGxxkj1rIPDO+zCgW31mQ="}},"HC9ImykhLrtl+x9EGVBcAPFdc8tHtAwuFONxYbO5LOs=":{"valueMac":{"type":"Buffer","data":"i7nAxOTuscd/IcSIIN/rbeNDWb/RF7xi4j/gN5daF6k="}},"HL2CFl4ML/6FWWWEXqY8efLt2A7bqxMjFQHlQWtd0YE=":{"valueMac":{"type":"Buffer","data":"v0CbS5rVFl7zcYLXnfgKf0aZ4q/7kelSbXJ2bNpkYyU="}},"HS+fkdEkGhOO0AFFBeSEz+RvDp8GK+BmkBZyKu249vY=":{"valueMac":{"type":"Buffer","data":"yS55wWH9uDn1nUcXSFZPwT9Bq5zPkQUjDm1c8b2v45U="}},"HZLypc0fTVlh5OrwSO+X8q9e/NyK3GzSebKeTe3AoLI=":{"valueMac":{"type":"Buffer","data":"eR+SaGdZlf8F6uZoCEUVNJqgpwsPOKnMjiRfKRfo6dU="}},"Hupc7dfNVYgayX62RAhwyzt4xvEPR8AfWj/QOUpCXuM=":{"valueMac":{"type":"Buffer","data":"rNMZHzWqN7iY8FGMUg0OvvDz/riZgT/MrKMeCfV9Bk4="}},"HyYT3XE7yKxPiJUtdNvQJGs3x9Ge168IHlKQ87yordE=":{"valueMac":{"type":"Buffer","data":"nntjZH+pR+jA6nKg7yE0VIqDlfXjCOCHf7+bL1XZSYM="}},"IAfxT9ZGL6bXabaYo0x17HIkdWYdYNBE0uq65u/G55A=":{"valueMac":{"type":"Buffer","data":"q4aVeBGUq4K4L0GF4YPHSYZ/LUQaH8HilINQlJic/U0="}},"IHL6LtzJe+48Vgfv9IUPxTiENh+OKUUZ/HMUZcHh0ZU=":{"valueMac":{"type":"Buffer","data":"JYPP9Z++fBLq/8pRyqSX+LHPTybAjjedTsfxmUI+y8s="}},"IQWpiMiJ3r9nlmMR7nm5Eo4/UJ8zhmqFnmWVp7SvTwQ=":{"valueMac":{"type":"Buffer","data":"nuCZnN7HJCRvfT19ES7S62++65c7EFBUTn6cgL/x8CY="}},"IUHUC5P80s7ZOu/vblAzQrXSk978rNeG3FyPZheSuEw=":{"valueMac":{"type":"Buffer","data":"qWIWOhD01mW8LR2PBtDV+Jmpu+2yb9aLCFUyqjlKdfo="}},"Iks41EtIoJz4MAHqscVllcdZaaE+IPGzcrHbyOgZfF0=":{"valueMac":{"type":"Buffer","data":"VQUMG2lsSTJIx/ou+DgzF+jpID19etdERnfDUwrt1Ao="}},"JEj3+ytL72MNYhgDLv3T7X4ByYv68ivYUygQVh4sAuM=":{"valueMac":{"type":"Buffer","data":"z3dSLL863bMR2NTGRFQ58xwNUoE2wHREUiJYHNfKC4A="}},"JSXLhlf4MHUgIOY+fNuNfffyKOqshm6pX0xVdjlC91E=":{"valueMac":{"type":"Buffer","data":"FX49Ld6CfNQFAZA2iUCO25jF6vl+a8tNhvkfAhKLJ+8="}},"JY2+MeCjlOk3p0DSa7Bw2wu6QhI3+tyr1YUDi2YxH1M=":{"valueMac":{"type":"Buffer","data":"+do3Zyoczp2xd6WpMC61C9WjlTtzPiAdlJYhKlL0Xlw="}},"Jp/0d88/OUqFe2CQrTOE+c/mP0s5Dg8D+3EXiMt81Kw=":{"valueMac":{"type":"Buffer","data":"FYgAvsVHX1AN82ijlgisvI5zJhHhxqMuUDeNhMmQA3E="}},"J0rzLmA3j6IvtYQanoZjFQz4eT3bSuDWZAswGycROl0=":{"valueMac":{"type":"Buffer","data":"U9l35L56eUXIs+MKRKkR+n13nd+13MCQ1AivVg5cj64="}},"KI28eynzegCiH/WpqVzQTN0gtH9dOMLrmYDj8seUubA=":{"valueMac":{"type":"Buffer","data":"lLeX+2io1RhAYibse3XfBOQPHjvVsEXUu6hN+5630kc="}},"KW+txKClvlikFjbZgsDVny8tde6qyF5jpWqbdp7w7Vo=":{"valueMac":{"type":"Buffer","data":"pZZQjS2VLn3nt/UxTAn4dibHNVBnTDD4hupFpASyAbY="}},"KbNBswGf+yan+1Ai0ao+x9nuZDZ0T6o2scKhMduD4WA=":{"valueMac":{"type":"Buffer","data":"kW/UlBW/dcRaV5ayj6mQIAtbrRdkUZRYVcSTwrU7fa4="}},"Knl0BHCcg9oisqAz3HVCQSqQxTswmoENmhT7hYY5gng=":{"valueMac":{"type":"Buffer","data":"kPZW9dbRAGyy+uGSE5bDJpZBSYKOKJdSozU2eC/sdkI="}},"KoYWLohPskaqcm8AYn8m2G3hYRBerBDkuT3tvNyA/nc=":{"valueMac":{"type":"Buffer","data":"hPcQj63oYH1e8/ryt7Lk/PDOFP72qqZuglwGQQfiFtc="}},"K22P/yWTu9cokzRweZ1fzFEyHL/mWK04uGRQZD+fCyg=":{"valueMac":{"type":"Buffer","data":"EaDklE+eGMoqAzFXPSEJqMzmx02ytlYaBuEgFzmVIiw="}},"K69S13bE4Tn4EnhSbv+3z+VVlXHKd7PRCxTc4/iFwpo=":{"valueMac":{"type":"Buffer","data":"GTFG/9B0QU7ajSlIdAwXAbPvINFqTK1wixiihbs9wYE="}},"K72+2Htm5PyNCdxd5Ckhjn6czzJkzxge2GBeX/BytPk=":{"valueMac":{"type":"Buffer","data":"P/5xjsjus9XmXB5f0iIt+zE1J5O47HxOH/+d4cgJDJE="}},"K80uRXUuSHg0aG3kuNBaIC0t2UbeKwrn3AFmry1TTuA=":{"valueMac":{"type":"Buffer","data":"lA++Nz3IozMZA5MiuHrfOGEqrKUIReWx3AwuB42qjP0="}},"LRQBiOmLzRq/9E8KypyYLThOq2FNGhKXfSqk/jqyJVk=":{"valueMac":{"type":"Buffer","data":"9M1cbjoP/UKRzkIx+SiTivNX0rf7WZILhBW65354mRg="}},"Lh2b7UX79UTgOoKRD+ncaQaUyryW89AG0nfkJGLbU68=":{"valueMac":{"type":"Buffer","data":"GshGaW9GNXtntb4PHgkt0c7KGgiYdECRucFVzCRPh4k="}},"LmkQsmsFBp5RORf6vFAGiWnTEDxsO1HqBjxcd26jHNk=":{"valueMac":{"type":"Buffer","data":"6AFj1UEz+RjpLDbvLJVeyrIozfxTnZdF51hHk0aIqDU="}},"LnlGaCObYoov3geFqnBAEboxpUNGPQiG31wdjjPeVb4=":{"valueMac":{"type":"Buffer","data":"wxJE1lYlJMCr94bdnJkCBg4AhQjH9sQ6s0oZpAc6Dqc="}},"L7kwwQSnhfoLMRzVSlTXqEOWVpFgsulP8O5fjXSRFAs=":{"valueMac":{"type":"Buffer","data":"u/cLtZ3Gay3LP3R2IaUGPw9Y5g4B2qgkNtOVvkH8YCk="}},"MAgpaDvyEwD9n7PFSTbIv6bApXbHz2WoVwc9Nw5twb8=":{"valueMac":{"type":"Buffer","data":"0GZf7cKJ92BRh1HS+KHQMr4pqDv0Gjd0ftgYpOZG4Cw="}},"MXNaTDINuTiX9SbgE3Y2m7Cfy8hYYVw8o2FvuwTmL3c=":{"valueMac":{"type":"Buffer","data":"/auyNC5NBhh+O+dqScAH+k4k23vDL9iNFin9uZoyxFU="}},"Mhi59nglj4DKGn4jza88LaINvO/H3uPFKeUhoQBEj70=":{"valueMac":{"type":"Buffer","data":"PQSaMHNwqcZjU15bSP8Tgcxslmx69J8uPSodRdOBY9E="}},"MlbXPb5sPmCiqkWAQUiFUpJG7qNPCGa9OlkwSqqQZJI=":{"valueMac":{"type":"Buffer","data":"v2Q+mSZjRckidr2jIelEkpISwticv0AbxnXFZu7qK+c="}},"MvrLt+U4DsZbhZ/A0JPxPKd1F3w8yFYiT9XODIuoBy8=":{"valueMac":{"type":"Buffer","data":"7hsVaDaxjA5Hy9hximMJDFjCHLLZx+AKBIVL38/4Xaw="}},"MyOj66/fl1VCSrR0avFtKmoRpeXtH18EBGlN6rinj1Y=":{"valueMac":{"type":"Buffer","data":"BvVLjatVBzP0F/nU2ym6qFsL7W+mzLFtgQ7KT5tRJGU="}},"M1b+IwGejZLqTlUz7qvQFaMk85OFqVJgqgvOAmcqQvU=":{"valueMac":{"type":"Buffer","data":"kSn3eRJgBWGhV8xxLFyqLk9PRwKgiUzrn1/zrpGNeUk="}},"NDZ13CSuI2KEgHZwasg7X6SJbEZ/HEO6SuBi7DGxiKo=":{"valueMac":{"type":"Buffer","data":"lh4zJIw87Rhz247cf7m+9HaquWgTiMYWD9kbnQ1npPM="}},"NKYztHQq8t2enHCfdFXlxnHQp+ME0CV0iVEvxHzTZrY=":{"valueMac":{"type":"Buffer","data":"RNOQFr7eoWZcpV6gRuGp7FTc32OmCp5/Rp/IAUrHmWs="}},"NT3K/2wcf2dSns5sEbbXpuy0pvmIQigIO8+xq7ajYzU=":{"valueMac":{"type":"Buffer","data":"ZmFpQs+AcasNYVgGuiC1cKKISZyWTxLLZAmauvr3XnI="}},"NcD7ehUFs3uQq7sxf9fdSgGmCZCfPwXken+z26zcyLI=":{"valueMac":{"type":"Buffer","data":"R9x9QwRcszEGiIZS8k39zx9phGjHVK1KgdHALu8AgY8="}},"NiOg0VgCJsKhlHy8doISs+w9UZ6dTX+aSJEBgaHUa+4=":{"valueMac":{"type":"Buffer","data":"ZaOQkOgn+E3s6lJGbkCYTq3+F6W1186LHmix0fnfCGc="}},"NmyxtINoFKtWEzovA3F2s9K2GkeO8iose65ixyyxdlE=":{"valueMac":{"type":"Buffer","data":"XkZk9U43brtCFUjBFzPrgRaJRx1qW9iu6+qKolD0Aas="}},"N3jhu5ZDCluH/m4Wwa/+hhtlI4pWU1sqUlxDg8x7VVw=":{"valueMac":{"type":"Buffer","data":"RTWMcxP9L3VLRIoxESgrUEb0Ad2Nuzwt35egr1Xpe1M="}},"OChqqj50+OBpz7Ck4gWZFMnqtr+G2+AjAcG7NKkJUp0=":{"valueMac":{"type":"Buffer","data":"j1o1uyAaz9TA0uU1di90FqzOlRPG1i8xzZj0nICxtyE="}},"OKyGxyA7F93LbdGs+HTPCU1bVa4pv4jAWVyqyLmr8Uw=":{"valueMac":{"type":"Buffer","data":"HLMmAi8bJqotQxZiMZdB851nRKEqMGFRAe8wYfq3Pr8="}},"OTEEuxn377lI8Wyr5jx8k2OgPvWlNBCeWwR6N4+ATBI=":{"valueMac":{"type":"Buffer","data":"OEPWI6hIda3QSgK/h73q3fASSXzPBVhJKkfK0SlasqY="}},"OtJw2OreMqG40qrc5DPGoNV6RAuQVhI4kEZE1PMuvVI=":{"valueMac":{"type":"Buffer","data":"QKqe1cqjuviGWj2JoWmDtBiTcyHvAkrs/rXDMooXq4g="}},"Otgt1MqasG/+pHeRSSUTrGiQg4yQHoul/QVciTpD5GY=":{"valueMac":{"type":"Buffer","data":"fO+qdbvOkgJSobH9u7965M3jda2nDPqiYIvCQyD19zY="}},"O5CKelWKqNmLF+ANVnMkj+FEgD6/G6ZAhZITwOIo13c=":{"valueMac":{"type":"Buffer","data":"S3Jy7iikLCs0TvGXlQciDLETZ/uoko7P1ZJXNE6ryiw="}},"O5JSdxWDjpntC8cict+H04qMTvz9mVpQGscCHuV/wYk=":{"valueMac":{"type":"Buffer","data":"SB6jT62CP1n9re5Zq6XVW6dbbJAJAzfVnJnL6+qHeU4="}},"PAiLbpuFm9KCIWblB6jX4wfmUG0voe26RJN43sCLY1Q=":{"valueMac":{"type":"Buffer","data":"LQXPrN8Fujrw8dlU6npCH1AbI84+/TQvrqCRDbS/Ry8="}},"PHl6hgECZpHGCyKslI/i1bZv8MqdnMSGHEOVyfKyk28=":{"valueMac":{"type":"Buffer","data":"KwMkVtRe6WufnmfkU60tQJTfcJxqnm1afFHLklsz41o="}},"POAZ/qw9dqA5yKJri6jphudbm/E3jisa/BxUirp+IkM=":{"valueMac":{"type":"Buffer","data":"j3H93NRzUi2wMbQ3gJsruGIY28QjVNDBARlWWDBMg4E="}},"PmeHVujbZ1JubaGqWGbZDr9K+LcpwDMzK98wFbFG55Y=":{"valueMac":{"type":"Buffer","data":"el0m4Wnyp7d+qZtpo8Tl4nX+bz8fFo8LALbCMbTYqiw="}},"Pp1FRMXTBtyNNmnp9yyaCT6s0bc6nNJkGPE+uY/sXfw=":{"valueMac":{"type":"Buffer","data":"rSi0l8O+fnUcEq+jBukqFeKFqnFBvNY1MQwHmJw0zQw="}},"Pw4iuQ6tXjrAxOi78GpdLDGGGh2Ui9TEDVKzzO5S8LM=":{"valueMac":{"type":"Buffer","data":"EBieZF2sVW1k0cQ7dtAOGugK3QGwiQk5Ie3bZGu/k0k="}},"P4r4flaaPz/2iN0goB/ooDG1+oxi4klXFY6XdhiebXY=":{"valueMac":{"type":"Buffer","data":"+a8LOEHaEfcMn3Ycje+GWU5cA+Pn/PK8Jkhjg/v1Qe4="}},"P43YTL8XSyw8XsrMVLOMCUMdLRMVEsMqHawglyjkLt0=":{"valueMac":{"type":"Buffer","data":"WPR3Doecfob7+QinWx2dj+TkRVRoRz6LagN/EbH+Ovs="}},"QAMxcBP+VH9gUcXNYZUJtwWSadYhqHzXRZXs11ob/2g=":{"valueMac":{"type":"Buffer","data":"SOehe6qEdr9VuhAGOP60vEAL0fHVnB1aL/WIiUeNVTU="}},"QIDvkX08T1eIJemucSR3B/GtOONDB1+DtrzrCvj003o=":{"valueMac":{"type":"Buffer","data":"2JYtE4vnwWN4P/SvZgDFzU+J/ktthmke5Wv/kbQpWYE="}},"QI/uRyut2fHmJXCLzaYjAUdmwWUFvJ80ZqNnZdUogOc=":{"valueMac":{"type":"Buffer","data":"1Mjg1LG/pfh3NzZE+yaz4WcbWYvC2yzaBhK9IUL4Fjs="}},"QVxC35m9SfSQG7yVux1xciEZyf3+mf+76p+QUcgfGYw=":{"valueMac":{"type":"Buffer","data":"jYljW2c5jwbXWsRGUBB8YfIV3r/Reh52oB2tOT/4hT0="}},"QWFueYDOas0NjiT8TG6uCa0mvpHd3Bo8RO4V2iBfVW0=":{"valueMac":{"type":"Buffer","data":"lTndf+fMmqNgrYru/h5t2ugLgE3fywikGDnhVLSrqjo="}},"QagWWOAIpAIcH2ZhKStiW0XsoEeTUq4tE44tm65uCb0=":{"valueMac":{"type":"Buffer","data":"ZqWjlLv0rr/myyniwhNJniLk+f/cQ2mGrnopKCrZn90="}},"QcbC2p3gcrdz83Nl/2mMI/fHWZemzikX7+P1WjJbhxc=":{"valueMac":{"type":"Buffer","data":"Zv6SVJAKpN36jjGpHY3OVDhXsZw7meiDel2thCpeqao="}},"QccUC84AMWqDCirkSQngukqeghfAG79f1KNJ6K9ENJU=":{"valueMac":{"type":"Buffer","data":"6G3SOU1I/Hzp7fx8UVCdP/wDBrj0uQvaq4XdNechRYc="}},"Qo2vPSbxJBNJpvMdSE58+JCcbyQ4WxCCaCfVaUdxTCY=":{"valueMac":{"type":"Buffer","data":"RtFaOzBBht4Dwu36Vn/LQ18bYeUmymuLBLpuLBLKfTk="}},"QuuUBjWQrAuM7b52kYJVVhJ6FGThtyONoJ1cygG2bzA=":{"valueMac":{"type":"Buffer","data":"+hhDNOw8byt6C7nq9uFSlIG6/g4RpLORyw7DoJ/2MDk="}},"RDf0B+N4WUQhtxm5t/rhJdDz2CBz//0F8E5aEZnDfE8=":{"valueMac":{"type":"Buffer","data":"dG3T618D0cQP0DKuadD3uFVJ3kEDiNRe4bG0bVgke74="}},"RH+3YTa7Bwz0F6o63vEU7m8NjzValyM6GHHLuqHT07M=":{"valueMac":{"type":"Buffer","data":"2R9LZv8v9AeTTUEXnFlrosIbcPc/LY7IYtspDKHfE6o="}},"RL9aREgXTwyiyJmuWTf0bYRR2lAs89Yri9rUAUFIkHU=":{"valueMac":{"type":"Buffer","data":"PRQU1Yjx/21vmuSh2ulxeMZQQ0ECxOtkv/BQWXSY6+8="}},"RPGA3yipZVdIJ1gESHsGV8ny6MBD/TBBUqMYvciaPYA=":{"valueMac":{"type":"Buffer","data":"PGXin/Hrprm9RwKjbi51V7n3fEwBlh0j0T7JNp4+C4s="}},"RhvFet1Pc1dhalmhCAS3n3kLk4Aa3/M7OKW9rSfhUIs=":{"valueMac":{"type":"Buffer","data":"h4x05neWk8oNz5Jgnu2cH46qHXGpcrn2ibE6LqnlxOY="}},"Rj2h/0fFtvF+SHVYfk+jwGZj/C5U9uI4NO6MQdy2s54=":{"valueMac":{"type":"Buffer","data":"nuht9KJtam1RBXsuJFrAW1bDR3BHBx/uQycuU0u3HcU="}},"R3t2b8miAqrp0QLR7yUaVZ5/aupHR/Ey2WUg4iKe1y8=":{"valueMac":{"type":"Buffer","data":"H1Rn7zo6+jAB6Jl1XWASr3NGvkWSG6mdMqqa2cQkK/I="}},"SDP+ZcKGAH/JSxTbyH3JgXsnJRJwBTZ2OaO7bG/8Ta8=":{"valueMac":{"type":"Buffer","data":"zHbI9jkxs1I8duYYJGZdZGJ03d3VxSbG0G4At+MWZik="}},"SLLvb3R8u47e+TMI3JY0v1txWeqLgoEHY5L/L3IogCM=":{"valueMac":{"type":"Buffer","data":"8VAHcLicq3XS9rGPS1rKA+rl8Uarhh9sZUsb2njfOsY="}},"SfzC/nSV9qQibQXqE2WpHjUtnLG8nb24skxBX4p6UY8=":{"valueMac":{"type":"Buffer","data":"QkWMiXrxdtFJAP3l6WXIkQ3emPdo5AFUQRh7Jv0YOIw="}},"SjVShbn7YCsKGQy/nWJJA1/fTQYkk6j7NQPakYj0YWA=":{"valueMac":{"type":"Buffer","data":"jarzqlI1xEsXfFJSzSCCgxTHXH4hZ7x4YTZr9RzwHi8="}},"SnSRFMWBZm/9IDur+wMHj/cM80RaWfJOxU/R3EAfq4s=":{"valueMac":{"type":"Buffer","data":"Kdxx89tf857mb39dNCFJDVpUkV7hUE0wvwqwPI9Fkzs="}},"SqwoedhARfHDgcmUKXdlWNpcPX/b48cEueDVSYXmIlU=":{"valueMac":{"type":"Buffer","data":"oRpBsSqjasekyZG/wLDX7A7gVHiSRZyrKhgoDO+kDN0="}},"Ss7/ytQtiG2smhmQNEoNS4Kk4DJvIkJ6u6Qv3MGLwC0=":{"valueMac":{"type":"Buffer","data":"BDMzuofXJMkUZxT7763i5DMAZU0EzAPeYA82EHbjk4I="}},"TDMIvm0yb01LG+zvmE59/ACIL/EQlx+lDB56UN5KZtQ=":{"valueMac":{"type":"Buffer","data":"taRmChYwHzULanBL1WJmUd5Vx118RHGIvbjrxuzg1SM="}},"TFXZ8eObjAY7Fu5QGAoB8qudqcRJ3d7ceLdAl7OMWrg=":{"valueMac":{"type":"Buffer","data":"25Oi5hvhwKytgTDPpFS3kZiKhFM8xbspDynr5AL829g="}},"TMtSKq8+W9ROgtDaJK3sem0MsHDpEoZPvCeyJRhp4wI=":{"valueMac":{"type":"Buffer","data":"prBKCl0sRAjs+g6aWZc5jQ3ARKJe7igHDf3Fsj+bmiI="}},"TVKmWr3TTgLBnH58bY5frMzxvRtFV9v/MBho5zFo80w=":{"valueMac":{"type":"Buffer","data":"OsHk+rT0Bdhts3EC2KzfZavLArI1ZXMyFEl262/SpTU="}},"TbjJwDj5Re/5OmeHl7ehRRaalDcvlRTS9JLNhfg8Plg=":{"valueMac":{"type":"Buffer","data":"McYQpwe2WkF+cXMhiqMmEwWhNmXn74mK0kB0AzVFcR8="}},"T+gVB57e4BfYk1bh8vnUmJYk/MsaYCNAajW0sQJNmKI=":{"valueMac":{"type":"Buffer","data":"2LXM4Tzzbtjx6omZVcnPiL1b0XpYXubxHyTfZGTsHjo="}},"UCBMC8waWlVheNgVypRd1CmYWNVDSlmssHjtedGe7H0=":{"valueMac":{"type":"Buffer","data":"/9/x8TrOiA4mmzjT2BOIz/1tfWbryuFL7Pygu/lbRtQ="}},"UFXIJ3J5+hM2edsjwCI2C0DKIBp6E1pa719KVKdIlMI=":{"valueMac":{"type":"Buffer","data":"/aA26TDxylH1AtnnwIn6xE7E/sTTSigoZ1YWBm93bTU="}},"UH9KAYUq8dBom2tzrymvW9QyfHtJ7rHgnBMye4q2zME=":{"valueMac":{"type":"Buffer","data":"US0tCng/z2/z3HBww4RIXUumVygDvcKFtoU2AXmpAhk="}},"UXFiAaeOElLUNqF/hdz0XVO1ksPd/1ISlUxTb22VHrw=":{"valueMac":{"type":"Buffer","data":"gRDQ0Au3wiL0JkoUVz8DUUEkJLeEdo3Rh4zJ0ytpCFQ="}},"UkCXRSZOoDUHwM0gRNhuwcXuDzBAmmTFPCIHu6Goz5A=":{"valueMac":{"type":"Buffer","data":"TPnI+36GRlVojcH/hSj5gI60G2G+pejNTnbMYMKGkGg="}},"U2Q952WmPgbWa2G9sr/Gh+46/JMowNfFtIlrmRauvFU=":{"valueMac":{"type":"Buffer","data":"uhf/urX/m8vj5R0Uo+fmMkrprRBcZ/evbE18l05s+bM="}},"VItRc+zlmmxTObpYWzM8x2wxhs1XDTO8IahiwrqUJW4=":{"valueMac":{"type":"Buffer","data":"DjnmEp/YBZow8UhfU6dbGnIG9CuE9/Fjno5NNjsYlXs="}},"VTAeznQeuRUmw1gZyfSxoJfM4L4U6s1YnF2KYZQCzuw=":{"valueMac":{"type":"Buffer","data":"e3skbyXUfzxgCJ6SlRX3Lh2lDnYtfwNdKpLlaiawiq8="}},"ViVExjhHOhRHThOt/UMRdaDNsIVpb3pF8MWH1ouuR7Y=":{"valueMac":{"type":"Buffer","data":"TqTEa/8JDvKaQxAx1/glNCb98BotQ0+S+8VBZ/viW/c="}},"VvPmNOrAgKRtSq6T+yx86D3TO22dPj1p3lMF6xpvdFM=":{"valueMac":{"type":"Buffer","data":"TnYklOL7S8gpyJPV3Ph/M2pIReKAJOji3gezneCWFWE="}},"WTZ+6hSIJ7C42UELhsUiWAsfj9wBpdwk7dk6aVP3seg=":{"valueMac":{"type":"Buffer","data":"kFFREFxYWy0MgAg0p4QSx2zWxI2lFHtazvvVbQmi24k="}},"Wg0L1KcVJW9l4CS5jlhfoQC62IS7PD7zM8fRSol3nNA=":{"valueMac":{"type":"Buffer","data":"a3jwzHmQo7XN9dVOhOH9EOYiZuVdeweC2g8yv9NOJeQ="}},"Wh3yfMwM8lHvgDIOIdCnWgcNhrNPnn53SRKUFNSlXoU=":{"valueMac":{"type":"Buffer","data":"pGuY5fvXDMtYogSn8pJrf+M8XpgmqaSdrb6XBUbmMm0="}},"WlUcUmM5PtC3+NWuT+teqBJr/SwVkdfk4aa945Ozl58=":{"valueMac":{"type":"Buffer","data":"cZVADEp3p/XokdXoYNr9aypni6NR+KmolmpJ/RtzoBs="}},"WnCRap0wTEvRy9zlmeotiFfSE6enowVMG/KYBer8xD0=":{"valueMac":{"type":"Buffer","data":"m6BCx1J39D3Dp3FcUIAWv8sGEBuprtg8aJ3iQpxob9A="}},"WvU71g8y9D5QXCUlqoUWekF4v2vKtaDBncHXMu2N7XQ=":{"valueMac":{"type":"Buffer","data":"IKZn8TQNgpvOkQCi6BL5dkySC8OwJWr8QSpeCIAQu34="}},"WyzDB3XBBWdj2s3GFh3pyb6qco9GyYmdktrNguxusTM=":{"valueMac":{"type":"Buffer","data":"N2caCmQuLDbLJbxEVgsKTCL69Zsp7Y9ZyODr6EQG3Gs="}},"W36HobroJHx0+QT5kpbPzhypAOi+r9C5EN3PvhkpQoI=":{"valueMac":{"type":"Buffer","data":"wT38e4e9nQzbsjTOt7fB0cybZTshFS8a1FlltteZ2dk="}},"W6/xHNk7eqROw//2T5gCGQn0T7IOuSGgh8Iua2tbJyk=":{"valueMac":{"type":"Buffer","data":"ypMw8Df9JbPaNTwLtuckeLksYQfE/SuEYOBZxM0cMzM="}},"XJBEU9Mv6YliZd5tYDlL4lLpkh/metdZ56OvcyJY1bQ=":{"valueMac":{"type":"Buffer","data":"jI6sOHYjykMqH+x+Jn5Lhla9SCM/ESo/wC9fg0raNV0="}},"Xg6Kmn7r10n9GXMqC3+zjnQgbU1CREQ/kZ8Py+Em/ps=":{"valueMac":{"type":"Buffer","data":"jJq29Lxzhkm9p83lnFzm6Wq3x0ZkgOI5gSCUEELWM0Y="}},"XoclnMNBos+IVRifyn/T71InFJ9K1ym7XGyIcCw3CfE=":{"valueMac":{"type":"Buffer","data":"hczFoKwV0lkXYzyo+lXz+9t4+ie1ju0EZqNm6dzVz8E="}},"X09l+Co69ZH7zCm9Mi2glHhrmWA/q9w4dEmeRGTKwt8=":{"valueMac":{"type":"Buffer","data":"msUiAmca43MmEmMRTQ9iXNGyACLc3Eb5btJKp0iGHrI="}},"X5G1K6Okbd5zZcheRr6i/XUxi3lrwIOQCLswY5y5uUA=":{"valueMac":{"type":"Buffer","data":"9KOqV9JiqODbvl5Gf/JJTnb1vCgC8O1J8jz3gY04tTI="}},"YFhuLRozQOn76RtMK88DQR1wWQxLHTqLarHzRsy2y2g=":{"valueMac":{"type":"Buffer","data":"XQZPnxKF0ieE7NJpbutKuK6ZVPQQsYZS9UcCxNFGrWA="}},"YH0Ia3ySWFycHcXSlO4oyE24l9t8pH/o5QJN5cC7vTo=":{"valueMac":{"type":"Buffer","data":"kJFJJ1BzBOoinhjmjb8zYBTIfLmDta4MP/j0Q0vahQ0="}},"YW2QISJRIJAhb0QLAPl+YRKUfYZrHMRju6iDoUdTaPs=":{"valueMac":{"type":"Buffer","data":"1ugn5IyOfaLHLwkwmDBNzWVf3tlfJS8KUjEpiJj2c4U="}},"YZ1jG3Dtyu9LXngdRLOHsrCo9A0wETJTK4Zb+NNXG9c=":{"valueMac":{"type":"Buffer","data":"gqTFbnGCo5TOqPDhS9+n1cV9pFPR3pnRU0XDK0MwS0g="}},"Ya1Vz44KN8cINlGi/U0+NQGrXdmJWSxnTj7P2w5taPk=":{"valueMac":{"type":"Buffer","data":"bibkFpZS/P9wr0/9xVlDlVKBUDyFHTwUoJs/BYbbhFk="}},"YsnLXiHCKRjBGgirIaCLBgLplJ+wNLkiBbPTpVYSFhw=":{"valueMac":{"type":"Buffer","data":"xVk5mxt9hBbltFIDtjIoEDu+qkmPHXbQQh7VOYWBw2A="}},"Yu7vpoIFJQJgNpJ5w80YJw8e4wyo5Py4BngKtabt1/8=":{"valueMac":{"type":"Buffer","data":"zNSPAb0zW/yIEvmVKbIbXCGAa1/X+26fb7SYaUPOgDc="}},"YyjFjeBrW+boOz9aoy1oeVqONxd5IdsTUmg5NAQk+KY=":{"valueMac":{"type":"Buffer","data":"yYrwbrW5Z20Ecv4LptR27CtA9RRW/iJWdoQMDWIS2w4="}},"YzY7awi+EvZK/0Z3hTHXXRCn32HNGlnwF0vsET8d/Fc=":{"valueMac":{"type":"Buffer","data":"thIlq60WFyrCybllIl30XZVePjHDwgDYM9D1y+jAtng="}},"Y1ps3s3Dgz2cELukfHr6Fjn758cyWQNU3EzqEVW0u6U=":{"valueMac":{"type":"Buffer","data":"5q6qzH74RLeeMg1khbg32To5/SjauCPEsTzpPbUy24U="}},"Y6wxhEzbiq7yC/4GOP7DWkJLJPHBoZTSGolpTEg2IOM=":{"valueMac":{"type":"Buffer","data":"vOkAdrhIK4IcH0eyOFQq9oC39MmJtVXjE+uUlFMcsBA="}},"ZL/BjevlFj4P4iTCM/E7VeEPxEXJi+fVsP8sHoKpIq8=":{"valueMac":{"type":"Buffer","data":"p2SSNgwoddyiCfhr26wSmIy6vG8fBUbJXREFM9PVKWs="}},"ZV1YB7KsDZjUd0Z/+HvX+ED911gg88Qmow5csiyK63c=":{"valueMac":{"type":"Buffer","data":"m3zK+hPaJvqi8W43WSkcV66a0yd79XgaFS5d9P1OJc8="}},"ZXjv0oLIGf4Zos+Nb6yDdIKjexOuEj4XZwnDNBORq/Y=":{"valueMac":{"type":"Buffer","data":"H0ug6KBUscvPmBkBiG/nAn1X0y+Wb1gbOn043vEClc0="}},"ZYC+6M02lJkJlewmc4c4X4Fl+ZJSJqR2Y19xpeCODqM=":{"valueMac":{"type":"Buffer","data":"FTrTD2toPDfepB8hXa1k8SSfmS7Jj/oLeJ7vJkXcIWo="}},"Zd0uHwXTqOOpwShHpnAc6hfsICkpb0jWNWJ+9dpUM0Q=":{"valueMac":{"type":"Buffer","data":"+tO7ICTREKsB2ETmJ+XtxU4vqUJ+RgJA7hEfihruU4U="}},"ZkrEsqDshPFR3RBfF86lCPlU+6ZQjR4T8J2V6u7S8q0=":{"valueMac":{"type":"Buffer","data":"bUV9aTrqi8z11nDQ+OgpLJ4V80UR+KcACAg7Hmqy+qo="}},"Z2OK7ari1zaMeLgsAZLXuTD1bsJnpDPZfYVbeNGQalc=":{"valueMac":{"type":"Buffer","data":"HhR2kPa1P1EpNJmBgMt8qNx49KfKM7XRjLs4Us5ZuMo="}},"aE/XurffXuQX3/wiQoChQDoL6WG5LXAIrszn9U392cI=":{"valueMac":{"type":"Buffer","data":"fvz+D6lDd1O8tMtOCih1jrY62rAmYZJ577CvfVp3ilU="}},"ayvgMarI/U0jvhRjntzhUSuHjkiUmA/3mEEe50sa9QA=":{"valueMac":{"type":"Buffer","data":"T+Bmub5UY3FkoH0IDzBiGOXgeX3sjYQECnt5NSZAzhc="}},"a7aZ/k1slkxNVXXVqsBAhqRaM+tGakLLzHqCOySgp10=":{"valueMac":{"type":"Buffer","data":"sERwQGnmy5SrVE0g6L2+CntM5NB1uEhfzPGij68i+vU="}},"a+tLYm5d8rlBOOvql4oJdyY9Vxp4fQ6KLCHIj0RVlXI=":{"valueMac":{"type":"Buffer","data":"uf/zhIBwEb57bO3mJMgfCzOp2ayvBW37PnHohylHgjg="}},"bUfM8HBfLs5XltFUkaHUD8dxdQ/eZQLnZM341Q3hGtQ=":{"valueMac":{"type":"Buffer","data":"s1a3voJcKFWC6Oyac8xlsQ66jA7mdi3ZFTvHBmj4lZ4="}},"bXP6TkmMTFGcl1YVV+7Sb9lepZjAWp2++5kC1nBp3qk=":{"valueMac":{"type":"Buffer","data":"f2hIDLnCSoG4kmGzLd+kGGTzG2EcHWzeSRxb5/A3XII="}},"bjkgyZgaYbPqf99UcXrne5XF1kqGCxpa7NLZVlW/y6E=":{"valueMac":{"type":"Buffer","data":"pSOS87ixCMzbYeNetlowgJqkgCuzV9HOCYcloPY//bI="}},"bn2Pykay2h4udEw5TyoxJTyyQRPAzITLlfS2ta82Pp8=":{"valueMac":{"type":"Buffer","data":"GMSnir3A0nDEAHna7YaBHvwJwGEmU0jeA4qBajMyWQo="}},"bs01SYqoYMmI39cdTVZuagjQyiVXv/waqjPiNLiWrJw=":{"valueMac":{"type":"Buffer","data":"r2IzHPDDeRzAGm5o8aIL6RThrXv2enq9eGphgfsbNFc="}},"b7puzpiXSDrUHP+q4+RdzPAUxJGfj6NqPAHKGMe6AEo=":{"valueMac":{"type":"Buffer","data":"Umg7TlTUh5R21Q4biwcGvImyg2lMhD2ZNlI7jtxsF5Q="}},"b9VsZVWaR0jTVlhu4zbjrgZ2U6GFSZbZm6MWbL7iFZg=":{"valueMac":{"type":"Buffer","data":"Mq+A1fiW3dLScSDh1o/A18upCVLCvHgMM3F7Tmr7PNE="}},"b++7ISPrRn4RQqhOHD7wYIc35ZFdw6qspn3nt6A54Fg=":{"valueMac":{"type":"Buffer","data":"m+gmkWyZUx0sTDVh2D04bG3wMUZaCA6jQ/zoydguUUA="}},"cGXThwUJ4RTYA5rp17pneEKhM0oFP6OxEwiyxOTDguc=":{"valueMac":{"type":"Buffer","data":"5SmEyBRmSm6KsCg9xuwXURTZKSyHIEA5iWuwW/nsv0M="}},"cT1i5KfLqnU2MFCG5ct7TF9RUN0TuiqpyQio/L1Q/PE=":{"valueMac":{"type":"Buffer","data":"Lm0R56cQkTPypbBRYodEP3TyiqiqkFZW/PJu85s8/Jw="}},"ca1uY6aRrdLV3rg7QDb29uI4TcrA4ErpsoLDToHScoo=":{"valueMac":{"type":"Buffer","data":"zICnD4oGLdvCS08ELT9vzQGtDGzEj58f7sfSkA4RSO0="}},"cbe/8iXA9Dy72FrzbIDVWw6YioDxB9RQbtQF2s8ezPA=":{"valueMac":{"type":"Buffer","data":"bVa5/jTKV+La5vAyFd3SQo6i8li5W8P/bOV4NbUt+fs="}},"cd/g4B+xlIYTizAAPcpQAfCWfmlVd5LTmSf85DF2480=":{"valueMac":{"type":"Buffer","data":"jZ65XMzDnyc6Q4lUcrrpNqJfG1eLFZnaMuoizUEOQek="}},"co9mn2GMHEf0uQ1VZFplVFCN9pxXmqvWW0QDSJeWzgU=":{"valueMac":{"type":"Buffer","data":"TGvDVOFCmRmJws2UozjFOJKVj8Ako+EQV1kDm4DuGis="}},"cwCY8Czm/C7yZ0hO8RnAJDS+x1x3hyXsb8MC+cTcJTM=":{"valueMac":{"type":"Buffer","data":"JJ4kM9ZXYQOdBQq3wrs5Z88F7LkZ41fH8hzi7WO+fXo="}},"cznIJ64tDcSOBgo/dfSQYOOT+sxf7KLEVr3l6DPLL2U=":{"valueMac":{"type":"Buffer","data":"Hse3oPbnLCROCCJcSlXlsD4fViHYkkLQOFVhE11pZfM="}},"dBfrvhtqk3QcubFh2wkWKbWZyJ5mSfiocU+Dgb7sUII=":{"valueMac":{"type":"Buffer","data":"X/X2xXGbLBhkW6eelVa1USX1/aOr1jIvtLdkwWGWmbQ="}},"dCOCk1vxTNaVFz0q3ppE/31ilW9XsCDTUrj8/EjoWcQ=":{"valueMac":{"type":"Buffer","data":"qqusOjTRPXxoRWknfMaIAidIvWtAZTrkOOOox+gDtvc="}},"dS3fZKqzm47buE4VQ/9TP/6SGUxFM5iYhb8kYtXqsSU=":{"valueMac":{"type":"Buffer","data":"Mipo/qc4HRCxoSt15pxYom149j38DaHmX3tDIsjqN/g="}},"dbWuJaOELA4z/3MGBfn/qX5ysM1uUIQrQb0EB0v/hE8=":{"valueMac":{"type":"Buffer","data":"kleseuDfQrwD3KVqfdFoE0AaY06zW81Kq/C5qvSAwYM="}},"dpMb10yrbSXm6etpPuObr87mvdVEQ6vD/KYYbNQuF/4=":{"valueMac":{"type":"Buffer","data":"eQlrMqFZdHiMr8NBmhM8fb+IgPN9hE2T6ysiorclVrw="}},"eD451HHcw/rO8Y1dGZcDGI14CkDoiy80MiYyhTe8xYI=":{"valueMac":{"type":"Buffer","data":"8hnYCEDtp+i49tNLDDzB1lTrHyaW2xq8XDBARPR2tEM="}},"eFOmNAYj+yprQZMr4dazHxVdpcJMtag9J+wVnsK09ZM=":{"valueMac":{"type":"Buffer","data":"ZjVYTWn/vmMAeQyRBFSeHBsk/fYAadW0meEygmDbWc8="}},"eHQ7v40eAnbV+crABVLWljVv3zK/rMAH0e/dD3eTufw=":{"valueMac":{"type":"Buffer","data":"LTNXJH5uwwFBevOmjko7T0+Ydny/S7TQgCYY8ZsGKEw="}},"eJJhsVontoFu8iVnDO44EGS0yVL/eRbrjGgqh5E3q7M=":{"valueMac":{"type":"Buffer","data":"8cRJ8LEj53l6ADwDeH6aHwcHIuJ+0m7pdu6cvof/DoM="}},"eLwppZ5lRK7y9phVjHqjDShN8yVdSyZsKY1JFD+hQXo=":{"valueMac":{"type":"Buffer","data":"Ku+qkRfX/TaUYmHIh54gpYwlY5WC6toTOG/4RjpqDY8="}},"eLz2gJLDP+94jC2RelSUlY8loJ8Zp+lRDwAA4tUOauY=":{"valueMac":{"type":"Buffer","data":"PmctWfeuY+w2m09S5J/7LKSwRpqCnFRd2z3FS7DKhYc="}},"eTkw52QW8eb0Kq8CGGR0WTtB7ZVborHeMnua8M0BRD4=":{"valueMac":{"type":"Buffer","data":"QytjarEHlZiFA7N4UFnGK+H8d5mDC5fu7yJE0crV+ns="}},"eTlF0u08d4v8ktGx4BX0qxkcbJrGMgnKifqHFFlPuX8=":{"valueMac":{"type":"Buffer","data":"0g2rjd8Ean+yDQvxaPtfhRAwmlSH+JjM+cIgtloHGr0="}},"eWF7FzCAK35I0yec/gGmW4nH0fQw7hsBEfDdLB6jN2k=":{"valueMac":{"type":"Buffer","data":"9H4ljwBP0xrvLgDiDuU8OhYgTkFM5tm8TsZBF/k2oq4="}},"eaCcRV/JZvLWudqo0/CiD31nZ49X+yMYoIwr5TSjUCk=":{"valueMac":{"type":"Buffer","data":"Ch6RXlTFx/mIvTEzmMzW8c7JKUOaaJ0sjZ1C9KIF+Nw="}},"efw/33Uxibz7V3NKVei1NzohnUTdQKdvlJyw+y3BLRI=":{"valueMac":{"type":"Buffer","data":"94VROAIjRZoYYwYcreL4C4aeRR/fKzGzaRcVycblt6w="}},"eikn58ziOGLFxTfRYAQdzM3824hkIbjGzwVzsxzyb8w=":{"valueMac":{"type":"Buffer","data":"5E9yiS9ZEHbafx6dNhhSkv3rc0VLDIJmm9RtaWmSz8U="}},"ellCfGZEpnM9EZv4EhaPWOXc1W2th8Bn0ainW0oER/4=":{"valueMac":{"type":"Buffer","data":"rr/APV0JGYeGKhn0pmTufnI6Y76HNFZVaJ4eWeLvE3g="}},"etU65B4NTkltqnfEbbcslC753FyQVvtFYp4arP+T5Wo=":{"valueMac":{"type":"Buffer","data":"phHX7xx23nXJf3wr3TcHfvKJG0SD8hLj/fk7TEe8qcY="}},"exC3DtBQTlpTCgddm75BY5ca30xi52fxjQlMLLv3/Sg=":{"valueMac":{"type":"Buffer","data":"2GoLaRJe4DpukltdOqO7i+u3nN3murU+7YlOVhUoiys="}},"e2hbJt7gByRN2aP9kL+5wDJbDjHtXExINS31jNZ6eKs=":{"valueMac":{"type":"Buffer","data":"8SnRvk92InKiSilJm9Rs4JGt23cx1zzdsRkko3YND1o="}},"fGOk/DdGNtMSKwnGN5WhlXIBWfxTuyq+so6vlX/doI8=":{"valueMac":{"type":"Buffer","data":"txgxDxkZtkTbRD0zPxFaf+BswRIKTMyIFnzW8sEXy2M="}},"fL/ac0YwPyqt/gEL3PN7QfFp1GXjWgYtj/Lqb/cp8E4=":{"valueMac":{"type":"Buffer","data":"SGtP/21/7b16kylesA3RHpBd6iADdXCUUbbE1JJgfws="}},"fNy5F2n0RCdDKTqhzxtGgIW/Pyejo6d7BRzqvIkwgZQ=":{"valueMac":{"type":"Buffer","data":"OmmHwfdZHpEDdTZ8TS0SRCkSxULaeKxmF66IIEd7v4I="}},"fTA24g/UJA8YZTKCujQlX1fPfZjBLm7e1MUEWdKcWYc=":{"valueMac":{"type":"Buffer","data":"sAfU0CpToqNjZqRtjl3a1Td+DHD5KLXEwdcq8K3OOyo="}},"fZNuIqyqKZA+SteP0fvC9+34AUJK2d3IYH5ACpNutbA=":{"valueMac":{"type":"Buffer","data":"TzNp5KPvA2C7ynQ5CWmvbX2RSHCjzIB+uX3HNZ0yM8U="}},"fftr0lUHFl6vQsPE4srCAbEWHlNfa0zPl0iXWm1YiLs=":{"valueMac":{"type":"Buffer","data":"vNs9kov8nJEydWEwatCLK66i8PK5zbnEv1eox2V9+Pw="}},"foweTdTk4d3f/k/UQa+aYX28xnu1g5M0Vvu+ckbyzFQ=":{"valueMac":{"type":"Buffer","data":"jL/OV++avR6fnd51MMiwivnJXEE/k5lWR6fOawp9ERA="}},"f39hCC7Qxxk9tSdwdE+xEUIvuDV9qLN64VRyEKItazY=":{"valueMac":{"type":"Buffer","data":"sY9hbwIHx7JEaE0lElentCVTwYp4b3F8gC9MUmsIK8U="}},"gB2oL62vgIDPaa48ER0MU1Ed5DFxj2wlcryXGYuujX4=":{"valueMac":{"type":"Buffer","data":"Buj+ZqO3Kf72Xl/4lmdbddRl8hjBOkuSfeDzoY1FTuo="}},"gDsDlBvGdr4sB6HmLu6bOjo68k0dlsOoFIHoeWIRc4I=":{"valueMac":{"type":"Buffer","data":"MY/MIUehWw2yozi8QYOJXD9vhZSwcy853bpQ/kd6l8o="}},"gI4BKfU7b3LkegD+6rp1N/wg1p5MtDaumGBpo/x+O3A=":{"valueMac":{"type":"Buffer","data":"V9iYqAsDenDGFFo6Cg8Ts+3h+QM5utXv9jiH96QuJa4="}},"gQPR+uifDtgt5zqh5aPK/6Hn0y2Hb6xQveEYvdz2z/0=":{"valueMac":{"type":"Buffer","data":"Uu0D4eqnYDcvyl14NDldPPtjOsIVfFU7xeC1Dd/GeBA="}},"gUUZUWcRW5YXOMaB7dWdUcCckWT41RYmZ8C7pVh1HGQ=":{"valueMac":{"type":"Buffer","data":"578X7Kwmd2Nyht0EjVtJERFZl20CmTJokHywd1dRcz8="}},"ghbLNdOt406E3OlPPSjtsZbIypzpOVIYsAmhTC0kip4=":{"valueMac":{"type":"Buffer","data":"9uyOsGcNNd6cdUv091BhkLXd9ffay9V4OdxPygevBUA="}},"g69jqwerY/dcK1nMq+LEew8wJOgIQxCOykm3nCuyfcA=":{"valueMac":{"type":"Buffer","data":"Fqt3MUalS2SokOr1IA9wGiG15ilZ3tMiQ9nnjYwN07w="}},"g+whTxFnMdl1wFYYSqAwlUrA3Lj2mDq4JQMnbAj3anU=":{"valueMac":{"type":"Buffer","data":"+69DcPsm5OKOOudqkyVYB9tMmqzZsTUXLPmW0n1k2gs="}},"hN6sD6r4vJY5eCe7zAFI+ukp0VqfI7orH38yabc8LGc=":{"valueMac":{"type":"Buffer","data":"zoDwigG6J8axhyhtCdKxTd+hDU8MZzSmnc09ufKTo30="}},"hQ90GHEocHgmFK0EtBDeO5zZ1peoWbLdm50SLj8dmMM=":{"valueMac":{"type":"Buffer","data":"4J3pXmFv1UzqXs78VoXGz03Z4NYawVrMgKxW6Mcpt5M="}},"hZJDL54bV1WirizCgU1Ji6S96I9u9+9AdXqDLDFm8L0=":{"valueMac":{"type":"Buffer","data":"a1tPdCJo/DdU/Bm79TgLEzaBE2H1DmQjtP+0WOTivHw="}},"hbKOlm76DAo86zVtopA8c/1wrThYE6ljYKOrGlNpkJs=":{"valueMac":{"type":"Buffer","data":"qRnkMRb0yePT0fgR93dcJqAEsyg+ZbQS17cHcXKvuvs="}},"h1Gk5WMpllK3ywfUf+bcR0bBJNnWkNeyhMuA1BDiwKs=":{"valueMac":{"type":"Buffer","data":"HkQhWGBj3bM3sJJvGyTda0oUTXKXCTpOPfRcnN7XjvI="}},"iMXUK1CrpllAbR2XY/PgdUqaNx7FrHs7G1CHIlnlwVk=":{"valueMac":{"type":"Buffer","data":"FpK5o00QMBPIERllb7YFA9DrifVxfR7PYw8E4xNzkFk="}},"iMdp0myNfv0Gy3IhrGh/YVlAimD6oVURR2nJrKV5dyg=":{"valueMac":{"type":"Buffer","data":"3VlWi0cK1YKrl43PRvc+WGKhJdChSBLzvrsI2Nu23HU="}},"iWvdzvjai65aH7CETzFCvRrC6VQc3tds3U0DFpSsRVE=":{"valueMac":{"type":"Buffer","data":"IHqU/Icsh7C9jfplAfNWuwxu2lmjLHjDaq+IWALdjPU="}},"iiRR+Guogt0QQ3A9AR5+/xrnQ4jbi2M+HI4+jY2vQlg=":{"valueMac":{"type":"Buffer","data":"IqhVpZt0yzlOFf+Hp89c1yYcWuhTFaXoo0swCiv4PRg="}},"immftxU/Ph7cl9jM50VjSJdFjCE6AHLQ7n0sbfolfOU=":{"valueMac":{"type":"Buffer","data":"+y5Axl5WOFH+8umwUJkLD4eYx/gzcg1C++EAFzDKQo0="}},"inXOCXVsbJU6OGYgEnecpl54eqhPVktoMkVKKJe7t6Q=":{"valueMac":{"type":"Buffer","data":"SMF0oA1ELx2SuqWAcxBXI53sTwww9xPCZQGmmRBttnw="}},"i+s8JXoSIYWOEjb5S0fhGafOyhu8QjI8dud+39+/WoA=":{"valueMac":{"type":"Buffer","data":"O350GwEWnpQUq0pnsDUAo84Q9IamOCqt15kJu038nrU="}},"jG6FFWuxiGS0wpTuobSr5TBoTswqQ5CYOupqfbyzXzw=":{"valueMac":{"type":"Buffer","data":"qDee5W8gk9MD/RRiisOm+JKFue/MsG98o2wcoAVZT9I="}},"jbDDvoTFTTis985yI26HVBVmtwJHJWO6YX1rEgObIiY=":{"valueMac":{"type":"Buffer","data":"J6ToG3d/ul9CAIWh6SDKnU44YksPqQLpqfg2u05LQbg="}},"jmxFC6MZ7ou4nLXZRjbtv6Sok+EoPq+Sf8Jphb3nyi0=":{"valueMac":{"type":"Buffer","data":"IJeCNJKVhgEOD/OYG7d0Yjd/FaSBwdiumPaJhZQ2qYw="}},"jxND1M/e/54eoDvapxstkxkPNfs4hpJBFn/Ef+q+wPU=":{"valueMac":{"type":"Buffer","data":"k+W/+LTa66SWcuRcTHsV7v02V7/wozMYrajMkyuYjWo="}},"j4dyqsVyg9YAEyvfx+cD4itd1WG5pYjCkyoFRho0jBw=":{"valueMac":{"type":"Buffer","data":"O8odbExt0nzQ0Mi0I5De0uGhbdGrRTAwXu8FLXXNmKA="}},"kL2s5uSUzS48QXiARtXB/4JlEf8B7ehNP5HJWhj4UAk=":{"valueMac":{"type":"Buffer","data":"5PlyM9u4Xs/t+0CBQmbelFbvEoUbL7zBU+Zzhp1o+2A="}},"kQKFIZD9tkBBdllqqxvNXqgxXznDnD89DCcUCMTXqK4=":{"valueMac":{"type":"Buffer","data":"tTAGdN1NLcrpEPAsml9iMAyb031xhbakNQOrAjktfWE="}},"keB721hqOJKB8OdJDL94614sRf3PjImu9AiJCuJ6DNE=":{"valueMac":{"type":"Buffer","data":"GEmrJkhFRPuSnwn2SL4kC34aJAmkfS2yRo2PSE4fSJw="}},"kofZDgwnC1z0MxeqGUt6sTP9Z3hwL/p0Wj2oRynezxg=":{"valueMac":{"type":"Buffer","data":"UK8FbeN1J15x9lsEerF5m53QM6te6KGA09oucJ+YsGU="}},"kxGIWO2dsRrWEKT7220dThLEJYZXKVVPgTmY3ECVs2E=":{"valueMac":{"type":"Buffer","data":"Jmf77NwqGEIPNcJDCyF4v01jKlcbA0dHLjNbC7Vmr2Y="}},"lEV0oK9letxQlAMlllRdLLH2pE4b/kyAzw4jOo7l5RQ=":{"valueMac":{"type":"Buffer","data":"p77zOSeUa6ueyxSH9e1NbKm/EM94VUGMAgTT+0UC6nA="}},"lKkJU7UUZOx4qr7e4O7B9fVz7DBnhahQJ9AoiLOYnyA=":{"valueMac":{"type":"Buffer","data":"+sab/7a3TTCAf1new+tc35Fo/ao8N4PUQbOUNe6r0qo="}},"lM23l3N89UiGGbmbUgiHzkdEDI7JvSueyzJTdyziasQ=":{"valueMac":{"type":"Buffer","data":"/gvRJ+sRk/UKcBroIfTK6+R/ne8MedrreK/mwI7Yv0g="}},"lnQDI7Ab6gLkmJi2/3Znr9QjBdDK7UVXHgOz65PYlNo=":{"valueMac":{"type":"Buffer","data":"BQHwJkWWUvueA47zjRVjNqV7ucDOYR017dKhqVaW4WE="}},"lyEEM0eYg+wIpD3OuDfw+P4X02BXRo4IUHuQdBUFFFQ=":{"valueMac":{"type":"Buffer","data":"JMrFHAUz6hGDTauu9itLcAv6QdwQ76P2B0HC9SnaLgw="}},"mHnr79D7oLcL6YlA/FPlbFE2Ln1xGN8c4EBsMjIzF54=":{"valueMac":{"type":"Buffer","data":"CZtJFf8Cr9v29OQtQRlHWqLNSoiQHyamg6a8evVsjSY="}},"mjCNb8Vievb13C8s4gM9flJZdXH2kP/mgeI6eWSYdhg=":{"valueMac":{"type":"Buffer","data":"ryepfIsLm3DrMuZWFA3qk1aOhv2HPmqTVPMJf7vdeCE="}},"mmQQxZyYACMpQ/enn5GhJfa+alLQ9oM0FXDYP4pagtE=":{"valueMac":{"type":"Buffer","data":"ba0rtaOdgu3CWUAmVKb+zhPyZxDAj3cbZYa0pf5h7ic="}},"mpKjPsYxgngHLTvW5E38mRefjiCtEOnpWwXWWtvX3K8=":{"valueMac":{"type":"Buffer","data":"XnLfl2+FP7rDYhMDgWm3xGki/5aZ7ajzFWbPSPmHjqI="}},"mrcmy8ef/zHuTosyX2+YxhOqZBT00+oTDtkmfkqcNDw=":{"valueMac":{"type":"Buffer","data":"5Lrg6UHtLPhG1e0kGcj3nolML1X/hqJGbmApfqpPrK4="}},"mzVP9uOR6zDE4oKXphQ82k1c9Ak2KzzFTRe0Q2dPWKY=":{"valueMac":{"type":"Buffer","data":"2beLfkaAYK4lvC/VHvZ9ucGZWieQo3UiPJlRCly/7+0="}},"nK94aB2r663YqlhfmtSg8JZWQfCxnpSBc8e2OZmPQX0=":{"valueMac":{"type":"Buffer","data":"WI/We/xosuSauk1N6vVOqfxrJ4eHNdFO/EoD6wDpf1o="}},"nMRjInWtaP65+zGBBV1QgmB+A765WNZa+gtlbkicOac=":{"valueMac":{"type":"Buffer","data":"sDq4J8fdByU5H8IG2Y/hQBykw6Ub+/+MxAeQjUs0wz4="}},"nefYxE2jPo+SPuN8vMdduwKNsQomieo72cIKaafA5kM=":{"valueMac":{"type":"Buffer","data":"QOuU95StMivqkqGzqrGPxVm3jb/NocT4oYWDoFJFQB0="}},"nr5GgEmY2R8dWCgcWwzplrpHiAwzwz1w9xfzDk7KElc=":{"valueMac":{"type":"Buffer","data":"fED8f5hOc3J6/Tn5EY+niStaRP9Z8w2YXCQoVfAb3v8="}},"nyR6qsAW28qG/oyBhC3Qa6u0tmhZEY7YnSBMMI0HOfY=":{"valueMac":{"type":"Buffer","data":"7XTAnayNI0Hb7YIY8lTvmFWifF8jiFKtNG/wDC225Lc="}},"n48k05Sliofx04dNP7IWESsq+o6qm+ZzH8/FTydtiw0=":{"valueMac":{"type":"Buffer","data":"l2BDxM5ai6SEP3lOZ4BRihGOVslC44QoXz+vKbXPPfo="}},"oWweLnRQg9ulNzXXtPp69p9jOtXlhVJYUJ6XT/tSxWw=":{"valueMac":{"type":"Buffer","data":"jknd1Ru6e0H5yPeXTS8zULwAjJrNFg/mH0yPrm5Xnss="}},"ouBLzQQlRB7YzbvzpfWGK7vQjCi8SUgfEaexyrfybrk=":{"valueMac":{"type":"Buffer","data":"RHq8W1S/2kr4d83T9qZgvfMWu+6x/YpqV3mhz/l8GZU="}},"ow/6Ayr4SH1zN23gdLepWDS3vHGxHwwrt7zsWIHknfY=":{"valueMac":{"type":"Buffer","data":"B1b9wHaLHpQ2nm9TvwmHtRU9iglV0SfPPumVwPR/DRo="}},"pRlnGet9KHvvVp97EtLiR2kp7SRffi6lypVgvpWp94A=":{"valueMac":{"type":"Buffer","data":"3++6JcVU/6nJdhBXIyUYOlKHrWzCu2WqfrWzbJrHRP0="}},"pbq/5cW82YI8GqN5J7L/Y9H4HcrXDQlhXoJJAfl2UvU=":{"valueMac":{"type":"Buffer","data":"90UYIGG+ymVvmkNx7cIUZW22Lhy3Bl0gLhV14eOfbF8="}},"p3xRvnI0/EuAor9tl116HQJFfcVH6YYEVlOONc8U6iI=":{"valueMac":{"type":"Buffer","data":"Gcc7e5A0w536ojCM1gy1+qHoJU8hcWPuR4XXCj8fBgg="}},"p4ceV28kcE3tcygO5BjcbBOTH/thQAkhKd0UNV4h5Z4=":{"valueMac":{"type":"Buffer","data":"Aeup45qsgOsi2Ntbunj9cBgULqKCrk7n5ufBEKjrSc8="}},"p5GbMLiphHgKe4vZqlqAiiYNAQutbJ1xUUN+7llcVxA=":{"valueMac":{"type":"Buffer","data":"rxR3gmBKARrHjluNub1WHmpiU0MecQtidoHxulH5vso="}},"p8g13CzqS45zpXId7JQzquAdIHIO6eERsAvuy+clvCg=":{"valueMac":{"type":"Buffer","data":"KTEmvT/CcL56I6ACiTTX+yV/H8lBDapPnO7V2PUyA0M="}},"qCBygxZGpsC2B64P24T2oTBL2SmMn5vdm3BHY2aZR0M=":{"valueMac":{"type":"Buffer","data":"MrXiDn161SYyP7wV23YhsKObHnToG36eJYdDFqDZ3XU="}},"qEdjxQm7qj1NbLtSvLUEiEjBp7ZO0sBAVK6bewwI9Nk=":{"valueMac":{"type":"Buffer","data":"TSbmAy7ux5aSOdZ8wSMO/qzBZpTB9IL98ltj9h+RVXU="}},"qFaqupgsJM5maIm6zZr72IurI3fih5cnjcP2OyJcEzY=":{"valueMac":{"type":"Buffer","data":"KJ7DxEZeDvXDDn0+OjIgE2n0sR7KOn5KDZpdC5wiuCc="}},"qGmgsLhskYwi7gB4m8TUCkaJpqHPUgoNjjk6yOTkUmU=":{"valueMac":{"type":"Buffer","data":"FhHMofM62D2BtfaQKz3y2ubNaksNm663rJJVWTiGUYQ="}},"qVHHI+qj7lER9AlX36iaIzx88tiq7li0xwbA0+kf5Xg=":{"valueMac":{"type":"Buffer","data":"9YpNPw+5p6q9kCZRRqRLSmMhACHR6pfIlMRmOtPDSlc="}},"qX62qO5ci6kP9R+8aO5lMIk5pMr5QDusCkYfQmXAFjE=":{"valueMac":{"type":"Buffer","data":"WbCbSX9yy181BRj7SkvlB2pu6QsssoR3GD+5DiEw5cA="}},"qebCgwKkNyZIgDe31VyaEr56LSGZJfWoNEATg8OwNJM=":{"valueMac":{"type":"Buffer","data":"y9dR+SCv15sHeD0+J7l5RA+ClQwupwVXvrWB2cxfvqU="}},"qforxA7V7p1raPJD/q1wV39W/vTzxpPqqAzTAYm7j7g=":{"valueMac":{"type":"Buffer","data":"tYoybnE4zyydN8/yGaq4G8UeO52haIHen/BNG3nStRM="}},"qph9MTVI6Rxr5IAIAE4FC3P5Lf2OXRheg9JmrimlFMM=":{"valueMac":{"type":"Buffer","data":"UA2FKfGG/Lz5UyONfjqIv9Tt0vYqWnkRkRIiUIR8694="}},"q0sWZURm0EdONhaZHjJcNpDulWOFrJdGYZTSH+kl2YE=":{"valueMac":{"type":"Buffer","data":"Sd4c+8W1CaItT4P9s/uLrCOIWmPfTerOR+j2pUkd4vA="}},"q8LN4ZgYbpNsW8odpZt1CPychESOSS5iwdqJ9LQYU/0=":{"valueMac":{"type":"Buffer","data":"ieyd9t6bMAJ/LboLiJBfgUb1CDx01A6KlXHWEPBkuHs="}},"rKLVm8S4x90Jmxhe6cj0Gmf7R4B0BESEz49OGW7AK20=":{"valueMac":{"type":"Buffer","data":"zlTrHmeBHM4iAhDgkUg7/7geJyu0G5EjB6ws3FAuSwU="}},"rQ/JU3BRNragG37g6Ta+fEgB6OPMjFCUyM6CC1mi4Ek=":{"valueMac":{"type":"Buffer","data":"fUeF0Dx/GeXWh+UpniZ163DAvRaUYYsRfCL8Gybbtuo="}},"rRMlKJ0hUtVBB/V0H4NHMID6wsyl0kkM0gsKGlahgm8=":{"valueMac":{"type":"Buffer","data":"W4LcDa2kx+IECL9TmgrYK2NF6iibTpHzip6271GbkuY="}},"rRiQLcXFskvOrWYSrnVdQfmftBr/noe3575nr/VHqrk=":{"valueMac":{"type":"Buffer","data":"rWUAWCoDNCDLbrQ14b4aGnT/4QcAIoMfx1hWFLLzHvE="}},"rSmLAJk/ThgZqZ4QmhSgDrXqah7VLODMRpwD9HI8qZo=":{"valueMac":{"type":"Buffer","data":"MM6tlnA8Rn7DIYspOT521DCCy+eG1hfZIfJBa86uehU="}},"reAiTcaSkAuNMg8H7g09QHU6luJ35tZWzvN4jPxRAG4=":{"valueMac":{"type":"Buffer","data":"cWAE9wKg2Z29TkL0vxh1rmPiSoYeGPmbZzIXYm52sIQ="}},"reyIugSVghfuZ8scsqVfL8E1zVXoJemPDEV/tBXExeE=":{"valueMac":{"type":"Buffer","data":"vxWn1MfE8t1f9TZtixIQ3LZJIrHCAQhu1De9mYzkZ8o="}},"rj16Kqmy9bffxgQqwCdlkgAcH527LPi0zlMR1B08LEk=":{"valueMac":{"type":"Buffer","data":"UHzTqmiD+ZV9jn60Tg83yMEWppPcDR7b447O68f736o="}},"rsStMD1AWfo4awrDYbP8BxwbBS6pidfcIxvpzjZNAz8=":{"valueMac":{"type":"Buffer","data":"aBVoiR7zHD8D4dm5K/bmG9hfWGbhzcN5udxGgD502d0="}},"rtP1zcF6i2Urb+vyi483S/MLpjPgS9RYlTzWEQBCV5k=":{"valueMac":{"type":"Buffer","data":"XjcQJgmmgNt39b1nn7DMWZlDPgkEHZpUyDL6uV3PJSc="}},"r4SE3Rk65eCPKVefgJN+KL+gRKTtkPNSvPdl60bBdG0=":{"valueMac":{"type":"Buffer","data":"fWmVepRZMTdn8lEgszKgCAbpe5gPIsMl/09+iub3PAA="}},"sB7zVa0NViRpu/qrkJ9EIj15Lw77G9W+fxgIuCEG0Rc=":{"valueMac":{"type":"Buffer","data":"0qnYjhMPZqxOmKBCQoqClaP1KYDlKdSlWmwfKk6UT2A="}},"sFzBhVLBay/zIvpZfIO+wwJ5aK63vJCV7R3Po8VZ9sM=":{"valueMac":{"type":"Buffer","data":"NzkT2FwHJhuv4HZpe3lcc5LuWpEVzR2cQlshmy8p4Jo="}},"sKiWSIUqZUKuYx1LzDsFOIuk7B4p6bNGXC+lGi8Qmao=":{"valueMac":{"type":"Buffer","data":"9IaV9eHIsbQGxmDdNOtrihlLvZxT+HT3LTywh8qgFKk="}},"sP03ykEI05SGuh+3W7ZlabmkLHPlbXVQMoeeHCTAGK8=":{"valueMac":{"type":"Buffer","data":"Kr+C+uoKEdSsmlD53DyATklQeJN+YxT6FWtMbT5Bhz4="}},"sX18f8pZcamzoI7DeeCGZz9Qlbt53lZLpAgDSusUsMY=":{"valueMac":{"type":"Buffer","data":"x1FPYjl7Z6fuVJrhkzx+yZMJf6hntx9cLG3xnBimthA="}},"sbfjRs5UyGgHsdZjtDKm3oJEXkgxVTA+za+rl9b9Urc=":{"valueMac":{"type":"Buffer","data":"62oChwZRSVe0uG5bVmFhdhkFQHz2vL3UWYR/0xPUo6E="}},"tDNrH+WrZMtwaA0Qc6x03pQPLo9Iw6vNOrsYbi8sgXY=":{"valueMac":{"type":"Buffer","data":"f6VEvQuobmduxsN5kaLDqCXjtq34IgdG8s3PuB/ktY0="}},"tH7HO1QewhN8csvJgKuWYmx0pUDP35zv1Bo1QzUn1AI=":{"valueMac":{"type":"Buffer","data":"ZnqvrUDdEdWKcmofoEPyVLK23sNuCxvOGsRLoepJOl8="}},"tKM7WgzenPgXuG+N5xOUEUgoDx59YHoSUEnndAYsiK4=":{"valueMac":{"type":"Buffer","data":"fdKe5uSTW/cCFGHEgBOdY2cpasGB3NyZjjDCflhvHNA="}},"tNs4/g5rFTPkT5B0yR6EYn/yq6ZgFbfod26NLUOgzpY=":{"valueMac":{"type":"Buffer","data":"3SfL6LkQuI+wrmBJTP4KDueVEjzKqZXDmqDSsG+J8kQ="}},"tPFtVzz0eqx5537l74SfO0QOz+wnHDjps1csDkoQvP4=":{"valueMac":{"type":"Buffer","data":"xS5NFu7NzLWFpoFxF4YCysmi0POb7yRqkQ19kh/oHgY="}},"tRn/9j31lQuT9u45zHASplqGYcSYeKkKKdDBmHFywfA=":{"valueMac":{"type":"Buffer","data":"DVXk/L5I2A8l4+FwMGxln6YqFupH3w43VjAL45nOD0c="}},"tUSgjv+tLBfIhXEH21+VZubDml5utMFSP6Wett/DvHo=":{"valueMac":{"type":"Buffer","data":"lvLbeZo+soqgIpgeuzYoObiQnnX+ruRFGmSEcj/3zeE="}},"tUY4CQ+3do3h8/ggK5+ddm9r9uYZSw2JlYJ1DNfjBe4=":{"valueMac":{"type":"Buffer","data":"3RKuqK6P9MAnqmSY3n2GuB7UAUE+LMGv4dhpUU8ccv0="}},"tfFvmOFwqyme2QLlMMsZ+nHjIsyLUp8syN3jG4pS7GQ=":{"valueMac":{"type":"Buffer","data":"s2gtVxmZturHbZg6IbGqJAVZBO5jtuFmUKnHznkfQK4="}},"t07uor246hX5IYTZHv5vDtV6BBK+dOoU4PQxIhzJZMk=":{"valueMac":{"type":"Buffer","data":"iiRKCx5uFkfQ9nXLPe+flxH2nUpOf67GTBNlMwoHY3k="}},"uCc5uxCJ+UjcXWcEIaDpUaFQZ7lGvidaCxAtzqGuWpQ=":{"valueMac":{"type":"Buffer","data":"zVZTcXpql93a5ZVMipVJq2y56oznJjvHUpkZBp/o+lE="}},"uVKH5wok7ZOsn1wtBHMszgBFEiJtGTWApHW+/TModfg=":{"valueMac":{"type":"Buffer","data":"v7RjLs9IuKGNuQtB1Jb+6GstRBDbooNQPBQzZhLDlN4="}},"uZVnhCTc9krrtdDbpnQV7FhxwtW5LsCxPOtNGk9tanQ=":{"valueMac":{"type":"Buffer","data":"bhZwCv6KQpDVoVYUCrDIlS1BwMwFh9BngPIP5j7RBYU="}},"ud4KT/prEyJ8iLbRRzpBlPoOD3sfVw4364OWtCU5XTM=":{"valueMac":{"type":"Buffer","data":"Jn0HIKLX/hBAgs5jLLOtmN/H0VNcYRHWsU5pimdSI48="}},"ujnttfUPgj/0btDma4NRs4IHp4SenQVfQFDgVTaWsJE=":{"valueMac":{"type":"Buffer","data":"l8jcIlrVnxVrSMaW+7bDUv9FYwl+5a6a7DzqZOpaA7o="}},"uleOpZuAD0N/XvGCpjHUMszm3ErAaII5/8yHwFd4H8g=":{"valueMac":{"type":"Buffer","data":"zD82g7CNjVqqfcU8u/hnMa5sqi5mbaSar56YW9HYbbY="}},"uqp7aEwyYOIFz4Vz0qvtg3xKQmgzDVnuOq24VfY5H/8=":{"valueMac":{"type":"Buffer","data":"qnApY2JqkH82+7pRycMohONicu9iJLALtMrs08vU7Ro="}},"us7MmnxKXS5SHi3E5vhB9fhYsziRpKB6Jns9DKo3J1I=":{"valueMac":{"type":"Buffer","data":"oEnZaZEgKw6S7S6rgPjlZaHpYeGGthWymgXEKTGTFtU="}},"uwhD1wIMnuETwe1H8WUm8xmQcXCgJOpzJBUFDwsZvec=":{"valueMac":{"type":"Buffer","data":"fq47aUsd7YDhEKoxrZVZ4hNtoof6NMTRLl+TYm0cqUU="}},"u4LDS7DaaPi3NB/wmJRxoDKUmVqyUC93nD413XW1VKE=":{"valueMac":{"type":"Buffer","data":"/e/Oa1INzmBEIcEzAKFRC8pXxSgx8dnRPSETr1syPdY="}},"u7reFpRHW7ldIzjl85x3ZNlI8a8Ll6qJWLiiNTWkPfU=":{"valueMac":{"type":"Buffer","data":"uFD2tuTHkxBkqB6W8Rdq1bhSqT7dX3xIq/yVxF1kiKg="}},"vAXF6Dfut+B2gS18fR0t//ANY2qa3guLNJkKyJNsHmU=":{"valueMac":{"type":"Buffer","data":"BiAWPSsTRPuI8JwPVIA6Id40D/mEGWDxugSyiSXROTo="}},"vGACI4QLQTez4pTYQJ+vBJmUoCdD8Ui6LhEn9JBLeR4=":{"valueMac":{"type":"Buffer","data":"b7b5COtyMe8Zi/S6tEF5njFDS2HYzbOG9sk+hGBRWmQ="}},"vUfkAe+rm7AG9Wch5N1p4iB3RpnyD8YmZY7D9s8XN6E=":{"valueMac":{"type":"Buffer","data":"Nh6lIpmme0PX1jGcZCLKb2qQF/a5qG/LjpiXKnxpLlI="}},"vWXgZR1yBCRJXq3YztedbObYsZ3EUqgJ/kxoPWZan5k=":{"valueMac":{"type":"Buffer","data":"tYZSD8pORG/pccIJFK+vp3M8jnvh7v/wpGw/MoRRjqo="}},"vh0B82p09H0VcnYJrfW3qqkafDplmTY9/AyENrUsinw=":{"valueMac":{"type":"Buffer","data":"du18TgDk8AQ9syIADVfmA66W3efNcWiRsDnr719ukRM="}},"vn4sc55ZkkxzFlSYJLuDalnYuWyq0Yi9bCnUn2+6nXE=":{"valueMac":{"type":"Buffer","data":"5Q6wlolIrpa7gDnQtCmwT8ZV7zsscvWkUREcXwZHV/Y="}},"vqHH4Dh1k7d38u3D1cQhaRz60Z38jZRoaFSAsRoKumo=":{"valueMac":{"type":"Buffer","data":"ZwTwk0iPNSasDViybr76Ar2fb0Ehx/+1Y1XiFx7iTkc="}},"vq97q8aKZUIWZg2i9hWd3QIUk6jH9monqcOanzMJEaM=":{"valueMac":{"type":"Buffer","data":"cf/+S096evNpOhd+kfbWuyRIc1JHW7R0X06sXr2WoTc="}},"vxUiR1glv+J2PEjruNBudoG2yFPe/uaf7y6d5mVDS5g=":{"valueMac":{"type":"Buffer","data":"QWp9PfVXnEZeZUt6OkYsnqk3C+uMXAmpLlY6eb8AAdQ="}},"wS/L5HnoUe4y3uMYMIjASBrntGYMkXY99f+loiBunTM=":{"valueMac":{"type":"Buffer","data":"eDOzMK6iSlXvajbZPG2s76LOouRwu99vA7ekod3/LFM="}},"wpj+m7e8LWXK+5GchjhOuSybu4k/Y9bvI5DcQrahc7o=":{"valueMac":{"type":"Buffer","data":"74kADaJk2rLk9FmLP1KbrXn9MMVtIK6g71AFjgNStA4="}},"w2yMoL8GH7gzPfG0LNoFm8kulDcTc3Iqnbs1vhraxYs=":{"valueMac":{"type":"Buffer","data":"pP2xdoGnoBYGyuy8WD4etngTWC4sGcgJ9IvWRBK/H/U="}},"xBHdQanOO0EO0UqjUfOtTZy11mnzcnTBFNhG9+Z6e+M=":{"valueMac":{"type":"Buffer","data":"Gl2OuIVV79lq9AV5wcbzUJw6PPSes0UxEQxaCRcPous="}},"xKGCCAwB2y2UnUqh1HztZTeyllmNJAxGsanWVbStQhk=":{"valueMac":{"type":"Buffer","data":"T1RtHX5Qi+sflm8E9r8/z+a+zUV/X0tEIvVpgD/plaM="}},"xMYaTHVJgIrkaZSZTadzKNNNdpL0frIDi/m+nnPwKsw=":{"valueMac":{"type":"Buffer","data":"X44BJ3jLtl3J3KgiO3hcnTa0dElpweUZvjbqUj4Hz8g="}},"xOnNhkPkSIEv9FUlPLqt30TQc8If/H9lEo4oVawtnHI=":{"valueMac":{"type":"Buffer","data":"7w1jI3UkIP9dPfHdVIyz79iaNWuNcaAHwYkJ3FKzf2U="}},"xXB/speDuzMpiXM9TvV/JX72IWRdajnd2tiRYY1BHfE=":{"valueMac":{"type":"Buffer","data":"cWYwQo/12TZgFJub4iAMPAnK0IPDsQ1SPAl3R9IxGKY="}},"xotKm5ty0Aou+TJzNwFH+znNgAuxOAG2OGtuOGL2Ydo=":{"valueMac":{"type":"Buffer","data":"36wn8TW0Z0j8AEMSUDp0RAYZaamtgNqUoCapY6mEn0U="}},"xtR/yld1f+vVaqnr+rlHCSK5+h87jo5KD2ywS7mq3pI=":{"valueMac":{"type":"Buffer","data":"oYxth4QwccVJca2OQJaWf7BZbEa5DJ0UfCf8/yuzBUc="}},"xteQg1DTJwixZp9LKq8zacs5z0e6UHVel1CKhfo6S30=":{"valueMac":{"type":"Buffer","data":"K9SkpcDuouk+TyzhUgiYjUcrd1Eo0bCkGwhrt9weTyg="}},"xt7ckPcuZ7QGvlzvBFauOPLQkGn2uQJtp5kb6UBkLso=":{"valueMac":{"type":"Buffer","data":"3SqbrAvz/JAEMlt7syUnlcapK8EHhbAmqGFV2nPi1lk="}},"yCKxfZvv8p/5ORqYUv2k3jqM6VU5AKAK67g3DnSehGY=":{"valueMac":{"type":"Buffer","data":"cPPoI+ryJcUB00jFfjkkm6R8KMVPIeV+pi2PmnYPCVo="}},"yWMhaHnztK6HEwehrEeMOI/UNpGADpbwybEQdtzELWs=":{"valueMac":{"type":"Buffer","data":"mHMAmGN5U4Vp8XjawufQ5q9YhMapTedTGgv8Cfr6BxQ="}},"yhc0Rv97dLBVuCvGmnYtaGBnv2DAqt1Ilwq1foa9BUQ=":{"valueMac":{"type":"Buffer","data":"2+eZLLmVPwMA6OLFF6yKKGngPGlfFJZLFV+m5kg0uEg="}},"ykSEmO3DYqhu94ZT0osVflAGEOq1wzd/ApAIryJQles=":{"valueMac":{"type":"Buffer","data":"oqR3Uah5ik74wDfpequYDV499fcjVr9MzfZKER+MHlM="}},"y0CnXmKlDimfmmQhSEKQsLTHwlozFP+AUvZPiq6Qg+U=":{"valueMac":{"type":"Buffer","data":"Gv7SwwKI67PNLgZZcni6R2V49NvTjkUg5q5Sd8OWCQ0="}},"y9VobCvndL5388UsmuCvWCjLcDykVg8KtZXrHl0Vt8E=":{"valueMac":{"type":"Buffer","data":"xd5nQXS1pepznX82QhMGJ59d/BJVXQlyvAV7El9Eyqk="}},"zPxlXd2Ishi/MZKFYDWL9fMoly92YNK/Ij0NATWETKs=":{"valueMac":{"type":"Buffer","data":"i+Jj9xANnMadLY7clcvTHGJJSCmMCT14CKdYrEuXQjo="}},"zQ1eb9YO4f8ejuPk8xc3DW5CDJPnD1wYrefXQsnME4k=":{"valueMac":{"type":"Buffer","data":"gGsCw/HxTLuxsB4jcIb/UZdUKBm4+htOnsTjsHafRTA="}},"zUwtr7xIDUiCxp2P6Ys6PiZWNKu7eIIIlRdKMJLryI0=":{"valueMac":{"type":"Buffer","data":"C8RF8FOhuvbYdeKkPgN1Mg+46A3vj8f2cjCABFs0J/w="}},"znVDJ8c2EanEC7JSSIzTKIoRi3cB5FhN0+uRJXiD62k=":{"valueMac":{"type":"Buffer","data":"6TRkg1JdKfl64xRXZMofsTrbL7Oy6AgM6uF2EPJsT50="}},"zolikaRgmr/OubiULf+f7vu1jgKCMtrLdgzLIapV76E=":{"valueMac":{"type":"Buffer","data":"bRRihlr+OGSB1lAZUbLDfQc44xkDxRnpuc/rM3LJ/Ek="}},"zsRMp3O4HLKk3LIgNJeRv4Bg2j2IaxohX6je945GJLU=":{"valueMac":{"type":"Buffer","data":"HyQraK2Qd3IxUf2G2b1xgPTZFp61mUDNyRMZWYSKF1c="}},"ztj1yTPzTBd+mqR3rsc75FM82bGknc92As1axYV9eP0=":{"valueMac":{"type":"Buffer","data":"Y3cSDxC2aIjqaRVe9muG7ud3UY3mtmuKWKvc20fv/jY="}},"0GoB5xWEbCa8uPEjU7haMOVlDv22wZj/+IGLbyxWY88=":{"valueMac":{"type":"Buffer","data":"2f0vTjh6jHvuuGMwXUl+PEPpAa6TSlsuhsmZ+nCtgMs="}},"0TjfiTNE3hQ7g+DDbh9ZUgt5rgpV335ufpVNrqrN4iI=":{"valueMac":{"type":"Buffer","data":"artXE8VFkL0LqsasjMbtuyxENe4QB8uVIZT5Zv08icY="}},"0UHEWUQWVx9qJM/rMzecRPOa1zyB09QyOFZHdKHi4TI=":{"valueMac":{"type":"Buffer","data":"lD7YWYkC7eedWyPEoedsTY5Tel+yEyzo4qrVxepfZnU="}},"0kP+yhuCG7lM6JCRqMxvdMyLmbB/1DaJsBgyY6Hp224=":{"valueMac":{"type":"Buffer","data":"U+9v5crydcVrj4bH3mHdA7FixCp39Td9ydRoeakFSpw="}},"01syOULkrITD+pAO8/0+ZjeLeZWN7qH4XUEFsHm+ATw=":{"valueMac":{"type":"Buffer","data":"+Ianp8FKnk1DW2CcSg2L/AKJNapnoNMmkBlMRVQ6W5A="}},"1FV1V9qWYr/ctOXoTfzMXGehFUrm6KmcaE7ZEESJBnM=":{"valueMac":{"type":"Buffer","data":"hwPPyv2G5TxkYUjiZy3YBu1U3fvbExH5S3Dhvn3fzjU="}},"1a2O82ciHn2ThmCdL1EM9RU4CD8Uhf3uE+luzSrg4H4=":{"valueMac":{"type":"Buffer","data":"DyFY+augU7r+2kH4bHHQInTgc2RC2BBVgrHzFW4wlUs="}},"1e7C+iatMJnnZu10KXefOzaE19TtXaxO5TeyyR3xEWY=":{"valueMac":{"type":"Buffer","data":"kpDk81326Tyfc2EsdowjoXdGQ8IbDtl1UdiOXMaO7eQ="}},"1fkPy1oygfy5iFajeem+lVipypkOvb7UwYnxIKhI5uU=":{"valueMac":{"type":"Buffer","data":"4xUF3Jyq2D/zhYUb5fYiniFs7b/EYOLAdw4BQM4x2J8="}},"1/vY5Z3RC5GCKDT3CX/hB7q/GOYmEA+GNtRq90CJSaQ=":{"valueMac":{"type":"Buffer","data":"vy6SmWtoWlOdDvAU/u5Uat8HUrVXvXR1SnnB9asejqY="}},"2iI8kV6/z/+MTJHMJMUJMtnZMhPDp7A/MnDoPiycnlE=":{"valueMac":{"type":"Buffer","data":"8aIanstbDpW8ScKvFIlwIShU1AN1UM0CCs+wKPA+Tng="}},"2jodf9/KoFj1zaEzuTwhAeBaMn1NgR1DlXNtSdP4jN4=":{"valueMac":{"type":"Buffer","data":"GL4zpJLiRf3cuqLDv+ucR++DXsedGk3WIUV87JJuSYI="}},"2mfzHXDUuL17fOqgfNRHbjSJ3FATI4dYtNIB+gL/Sjw=":{"valueMac":{"type":"Buffer","data":"W7gm6AZJJiHWIoOmRBcYnru3w5Gv6LNaQGJBwGXkWoI="}},"2qYpBKecFDoGNy9HymE4BxwObnYbxCcGd9G1GYA0Tuw=":{"valueMac":{"type":"Buffer","data":"ONgaRKWnc2kEGtJkD53UWSh+tFgfYSj9ccx2qPy4cNc="}},"2s5wdmZYqMVk/Vc/l2VJRX3Dq5rlVIxw5lHqyhwkDQk=":{"valueMac":{"type":"Buffer","data":"/dJtFxiEXrM4xRf0yi6YZatRIyVFGxUbmv6LGscRN0M="}},"28nHXcyTLeYVcRFr+gFuHh3qeyRcZ149/RFwQEnC+ns=":{"valueMac":{"type":"Buffer","data":"Ovv5+GsOueCeMlC1Hpo9FcV0QlNUgTYaaE+dzORy/ZA="}},"3BBd4GPiAg7jBLK1qez2UIplqAH2RT6sqttesdBb0uo=":{"valueMac":{"type":"Buffer","data":"18l1mzeryoysWYxLDf1+J7NBdmXimnIq91lumQF3qDg="}},"3R9VgbY3QbmzV5hqWW2CPONXxT5YZF/cjVL82aF1xps=":{"valueMac":{"type":"Buffer","data":"sdEgBFn+JWkB36LSsUWTFPKhkD2YpRzrWXjdVP48jNU="}},"3SG/DBjFwSa8/Jdtx7kU8rm5mgrXDpfjiGjg5QIc/wU=":{"valueMac":{"type":"Buffer","data":"cCT1CtZktmdrbxb3FbUOC+xHQIQ81WrRsDfG9leASoc="}},"3UrjULpkKjxgJutEGCeWGH45d5pz/RtxDngvS+II7HI=":{"valueMac":{"type":"Buffer","data":"t3vLZASZ5QTNYLBXNIDX5g767sortqgELxQk8RGfaTM="}},"3uvWF80g/pj+mVFApvmFrZYK4V07ECpwMC/G1Vt9Nss=":{"valueMac":{"type":"Buffer","data":"UiGVr7Hg7np2sROGfxp54cYgX4cfWq6xZzGZK7kzymM="}},"3v9ERIn43GZxcpf0MID/TkY5bcCdiIzNkYgW7GNDTBQ=":{"valueMac":{"type":"Buffer","data":"dQgAK6ZF9OouawaOB+VU/nU2uKNu6k00c2LPamu6TBM="}},"3y9f+Mc6mP1lUINlANxbX62g9YEm2YGrioqgrKPEKj4=":{"valueMac":{"type":"Buffer","data":"rPiJplNqcsjO5mXZRTh9F/UaB5dhIMDorNtt5u/ZXYw="}},"39QjXeN7x36tgH7YG+u9Wh54X2+sC9fz+OhicKLjH2o=":{"valueMac":{"type":"Buffer","data":"8sDbSYsKcvWPqwaG8bbkVCk/SsMORtDU5Qn+uU3rEwE="}},"4Bmn+hu/dIT7USTJj1EugOVlbikBmkvn27QKo9covKA=":{"valueMac":{"type":"Buffer","data":"94kPdHTATkOxTVjTL+LHnv4rravZ+zv00x5f9u+Syvk="}},"4CHBFc6y2XB0KaGuCY2FuFc8p9qgEjaDv5zq+liBIWM=":{"valueMac":{"type":"Buffer","data":"44FCQm7S88vepyY0FqOpA0o1KR/g95svSkqdcgFUK20="}},"4Cmxu+iW8VFLTyjatJacCcHZnauZH8Pw78CifUWtmbY=":{"valueMac":{"type":"Buffer","data":"iqv3f9HdFbh1xi0iXWK+nXlmf3J2+fffz75t42KWmww="}},"4EgUw4pgppMQk7CUFXmneyuPnfv6JRnqF4DOpCr7Wcw=":{"valueMac":{"type":"Buffer","data":"myUmd2UJL3zpEi61anNlEn9aeox5uZ/Ig7yQj2L/mTc="}},"4MSoDWdL+Pcjciaz6c3vXeAkHmh/9CbgW30uEPov8P4=":{"valueMac":{"type":"Buffer","data":"Xzmu+4V9gQJWV33ftDsxWqiGOTOHCb3gvcEeieF9OAk="}},"4erqf6PLWnqGio5z8jFDkrSucqAYM/GtqP8Slgr6DXc=":{"valueMac":{"type":"Buffer","data":"zMUtCtwOwnzXwPF8yLq+M6j8iU40VMRxizlR7nov3c4="}},"4jlPzaCWPIw+Xa2qXlBiDG9o6y1i7dqI/o04vxbIwfQ=":{"valueMac":{"type":"Buffer","data":"mkRdJklRng5LYDO1e374fxCDjII1wFeUvd6vAD77R7E="}},"4s5u20T0Rt8BplJSuPZx/3AU3bj2jB668xGZe3m5HPA=":{"valueMac":{"type":"Buffer","data":"l9FR1jJg6etuMFHx7RzN0K3vlW9qcz2gYX2eMvPGU5c="}},"4wp0ofguMiOrhJvyJDvDRptJ3kcFztx4sxzUu/r6dvo=":{"valueMac":{"type":"Buffer","data":"8/KlMO2JgACa2EXyo0n/XZglT47yuLUALrCPxjVEeOM="}},"4y2W4pKKG94vAeN+2ak5hb1+URwbZu/4Y9bWFg0X/lY=":{"valueMac":{"type":"Buffer","data":"Lw9wEEu5NplfGSfQvpsKOYP6cMDLyWIn4OaSG1h78qU="}},"42cTmdDG7PvlA6apTzQpXAL8aP4SHck8ircVNnMV1Ks=":{"valueMac":{"type":"Buffer","data":"i9+QzyI8p0/923XdmBCjv7uQf07vajaVH6EnRHz79EY="}},"43GRXqgg5fyXaeW8aAZ43QJPIlHe1WxAkdsY48BTFK0=":{"valueMac":{"type":"Buffer","data":"VjqCEOAkM8ageinxdxlqKlruhHuSiy/NbVBkQYpUozg="}},"5CsG8XAOrv6I+1zq+G8aLhnipamEkRj+MhZTelna5xY=":{"valueMac":{"type":"Buffer","data":"nZRoWJl68qEfZH39wqEc34Ej80eUSTwIhvqV/IQ6v88="}},"5GvSTqLy9eIihYtPVAJrhQguhCF+RgfwgtoshntPMKk=":{"valueMac":{"type":"Buffer","data":"/jNV+mZo8ptaQ1YOArXHnB/o7fwFGTk4vbPTtb0af+0="}},"5YniaIiVJP4rxtXCwveKp5fTE+ktJHGjdTdvhnc6hRo=":{"valueMac":{"type":"Buffer","data":"VdZtzFpZj+E8EsxkW05p9H6px0qz6xdtLWpTntzKjHU="}},"5bN06QG/u9whsuhuITarHFEVp0S06dWn7dBlIH4e3+Y=":{"valueMac":{"type":"Buffer","data":"FMVxcXP/aTFRZOWsQNFjOSwOqnopkiczGlwGnPwEMMc="}},"5gjTaiFLAkHsrwEE72c0b9yhvKwPweLmR0MLcBx5/oA=":{"valueMac":{"type":"Buffer","data":"fjIu/dOzLiqNL6W/LYTfnFhKwgWsSE7i/rkhLSZOIRc="}},"5kL9XulS8Y46jZKRC1z6rzVkZbM1mhDDTA7BZm2qgCg=":{"valueMac":{"type":"Buffer","data":"zBSyIBvBE4kMEBUtF54Lxc5jceWcvKG8qsi23VzSbPI="}},"5ot5v+xIw7KDX5zcbUJB3s3llKE1RYvE2TWutVC1SaU=":{"valueMac":{"type":"Buffer","data":"sVKVsANBPZY/00scuRvyj4z7p6sWHsjC/erUbC/VqEs="}},"56Cs3sf5kulAXajXVHzoe/aebXl6JqgJACgksCdPLw8=":{"valueMac":{"type":"Buffer","data":"SOoCfTLFHcc3ttK6DDcvuheE+6WU/xT7PcLA0O5urxE="}},"58cD0oHsqWnO452RsJqkBve5U4T5G99hEbFjBQFGp/E=":{"valueMac":{"type":"Buffer","data":"4NMBKR0fFW3TYCqWieuAMSzARVEaRoqiIg8kolrfgxo="}},"5+TmOMU0QlLiWNg6eVh41LMAhUMgWpi+vVgUq+HjCyw=":{"valueMac":{"type":"Buffer","data":"CCXzZtvfNg1n6uti+yqOybLinMW1jdSdLxHlCKWmhSE="}},"6AmN3oj/mKSuA103j398D3v8U3XUiZnjngqUKIT/KCc=":{"valueMac":{"type":"Buffer","data":"EOGD9I5TwnWfUoiy7/yXXusbv5fcJsqX5kaJhgXWQgg="}},"6JxuLSFPHXgw/78c92uyS3BOBIgbeFp/XiPiG/Zo9dU=":{"valueMac":{"type":"Buffer","data":"QviJXTaFNciKjdMdrepyt8NnhdOaQSuBAYmMckc3hUg="}},"6KK885nbQyom2hHYDYP7jJaSOM7Ps9eI0/5IBO3Uu50=":{"valueMac":{"type":"Buffer","data":"fetDZU2pZQZU6jrYxzj9wJl4TFCuBJl4+Oh7S5h4030="}},"6O/3TqaA+VGhB0nj9Mxn/lvQo1MREkfH6JP3UtVYy70=":{"valueMac":{"type":"Buffer","data":"KL3fj0V25MKIAF08xIdJ99Rj67Pyi0cIw+dexAIlof8="}},"6V2w9f8WtEjosmCFAv2WO3RAYF6a07ESbd8N8Hp7dOU=":{"valueMac":{"type":"Buffer","data":"4/+FBhxKDaLX9Q7ioDjSIqTemDz9bLnMu9g5gUkKBnI="}},"6W7XD/eAlVmnaL89PdBloVd/lN3zYpo+ft7pZuYL00c=":{"valueMac":{"type":"Buffer","data":"J1HfIeibFauaJQ3pbBio28NqSOpr9GMpGbPv82HjW1o="}},"6b7jen/Ctiyi3/O+Q9lA1cMDbylXmD/+b1F4q8x4Nk4=":{"valueMac":{"type":"Buffer","data":"CQdfpRS9m2bd+zsW6hJ8mrJ2icoGgvRdjBPlFSLDkug="}},"6e/Yy7a0EeJWrKoxgmQ2tkRWbngU5AXk5TICawQSt98=":{"valueMac":{"type":"Buffer","data":"jkjhIRGwPoClbxKYffTnCMgcn88nXL6lbg489MW6CJU="}},"6iUNOFmRrfSsuUnV+rB6GMIqNR0r3lsH2JDVngH6ZWs=":{"valueMac":{"type":"Buffer","data":"EL2ug94w+APkpi0IdZR//UUj942OAl6PgATxHduREeA="}},"6slDE5j5fO6EsulwQEFll/17qNonSIwj+Q+BIdn3wbw=":{"valueMac":{"type":"Buffer","data":"JwtqqU6iRuteM/NWqoY4r/lYITwxN70o3fNSu7oZ/7s="}},"6trP2FBG446nLQv/uv7D+MLd7ZaZ4f31OY16rTg5744=":{"valueMac":{"type":"Buffer","data":"vywVcfsSzpANSprIRvWq7EA8fQPTZZN3bNoUvOBDX0Y="}},"6+aN54YP0QeRXKQc6DfraffCxsd+TQ/x/1tvVi2YdPU=":{"valueMac":{"type":"Buffer","data":"I1OeTNH9ngq4kPJvra0DubairmSepvgKKQSbJoWP6Ro="}},"7V3L6kG4Li+zBIL7riGFbWwsIx4XA0wMt0a+e0dEfD8=":{"valueMac":{"type":"Buffer","data":"g3Dbv/hFlxo1vgAKZDNm7MqcTFZiRGtBi8xtuX5l+XM="}},"7XmivDihqb+lv7wO5AAhezcxkQJjTR3FKP2PS3uJEsY=":{"valueMac":{"type":"Buffer","data":"hwK8MCSRH+nOpHTD+UuDU8O7ItC0AWevSDx0qLzwrAw="}},"7YXAjkOrFZOKMnihsZBQGdYdVvIO1G4eqrnuTR0rhXo=":{"valueMac":{"type":"Buffer","data":"hMthxVUBj6aCF1H8x4vkm39PrkqdG645+yCxEOIDECE="}},"7eD8p5EUCFwS5n+csXgHT6wwPrloj/pbb6deytX2M4E=":{"valueMac":{"type":"Buffer","data":"+3GCPzZGX90roG7zb9hILt8mflDN82lPjmsFKwn/zKc="}},"7mt3gmmiAV4Jy/bQJ5dOenZX5uoyCUTZN+VtWCYYKxk=":{"valueMac":{"type":"Buffer","data":"itppfrXt8FLtrebJE7dL2bsoDeOkAjiMODyfd08A0iY="}},"7pcxQcko4nQx4dWT1qYWWHCp7cS22BZds4xo3kgNOPA=":{"valueMac":{"type":"Buffer","data":"k2GcepGlLLD5hkegyTswsUfp1qE+9SrfNoqlyPSu8wU="}},"77xvwOkXeWFXlT1+dzmPYGGKuXIOj0REcBqIqULu/Mw=":{"valueMac":{"type":"Buffer","data":"9OTQbB2F9oWu4UugJZq9a+0DeL5OoinOiPnV9SvoxWY="}},"8ICTr+Ry8VkIAf30rX9qHS7ePGsVFFUZpuWPbUyYPXw=":{"valueMac":{"type":"Buffer","data":"QYOrB97VuxPO/vlCeMI+9BnHRTSuvohP8zKzLORtHdA="}},"8TNz9ApTD1QEPV86roCnjlyyaa+8C6Bew7bJo+ovMhU=":{"valueMac":{"type":"Buffer","data":"4fOkEDQcQMY/RlkHtFM1sMUXQBJ0fhIaPUAVQL+zXhU="}},"8UEzMuRmyKXU4CF+RL85SQC0pKR6nM8FWhJwfJrFmPU=":{"valueMac":{"type":"Buffer","data":"e5wr7fgVAkoAaHGrY0yGYlV7/2yTa8R/ALCvc2VYyx0="}},"8UI6GbSen+as+t1wJ8AwqspRwscl0kfV16sN5p6g62k=":{"valueMac":{"type":"Buffer","data":"CVOAzA8+pSO1xGv7MKFuDKGS6XxdzGAtp9wHP7gupp4="}},"8tWQRNkNndJUzoSwxR/pXNR9TzZ72Ra/quxO/XkRxJI=":{"valueMac":{"type":"Buffer","data":"mecLBnHsKvNvau5l9JXWieVrdnHcouplGAqFTE8cu0M="}},"9KSsiDqzqGf6DTkSpV20qYI7Q3XzBNR3iG20r30SVu4=":{"valueMac":{"type":"Buffer","data":"EG5lnP3pq0pfMaukwomoUNwiwhwbbIlZyGate00M1AE="}},"9THXvHtk9USZ11itDeyz++Qab9OdorMoG5ODxM73CqE=":{"valueMac":{"type":"Buffer","data":"6O36RBfJwoqyBJz3w9QQ5poIpHljN9Ywc9RiFjvj+ew="}},"9WLLI4r3LO9MeGThHnOLTugT7WDN7JTFON7zkoVLYX0=":{"valueMac":{"type":"Buffer","data":"sozxkuWROXCBtYB1Aiw9ZsHDRQ1Dbw+ZyWfd5c5A0RE="}},"9g4GnZVGy8PA7w8PowLhGLjeTwRkxjAU8g6MNRu4fok=":{"valueMac":{"type":"Buffer","data":"n1Tl+ESUdE2OIjArlX0cZEkD1p7tWWnjWdiGLamvBFE="}},"9wPXiStDGPC8EGJOKjNO0/VCl+aGUqJJiYm9DrfDmig=":{"valueMac":{"type":"Buffer","data":"PHNcJJ7FOI1eCqM4bCP9niAFj0gmKABZXs4Xp07aRxc="}},"948tBeiHfrP8RWfkqgPOS8DRgUYOLgmlpsc3EV/nkZE=":{"valueMac":{"type":"Buffer","data":"pIogbG4L7N4cm46fIECkTBBMJoDetnbJcMSQO3OfU24="}},"95BYLHMpVYt22jbDNu3UQB/NBTXVYjC0iird4WDcYC0=":{"valueMac":{"type":"Buffer","data":"t68x90KSeXN33QFVBR0bGJcpeA3ko/Y/DHeWF3m52PU="}},"+Dm6RyFdwI/I3MJGbRpEuM2hTegDnphnf7Mzugf3M7E=":{"valueMac":{"type":"Buffer","data":"pjabBMkyU5L0Lhmv0MF6X8PiE4i6rAi0lajplsHPxZU="}},"+MGEm9HFE292DXkNpiUcCXHGBOmkahhaGBb2szmgVAA=":{"valueMac":{"type":"Buffer","data":"O7I30m293yY4ks/yd5TiCCweOQptws5N9LzJ0ijqad4="}},"+Oma7b2TmMfg+ybQMjTh6HjcxcL5BLZHgDIV8oT95eM=":{"valueMac":{"type":"Buffer","data":"1EQAPmg6fKZnYg4rTgnOaDIl7SDuhv6Xf+ZHiUj9DbI="}},"+RuJJq5AduUJMhdlFGIDz8P8tV0XIGGr7wXhy+M409w=":{"valueMac":{"type":"Buffer","data":"a5Ix/TrQCmorQGrZL8a01qs6Bdy7RC2e7qlyUNXOBbw="}},"+ZNkULTnaPey+hQhIW4UbkiHfYVBwE1eW7BjsKTJ2+4=":{"valueMac":{"type":"Buffer","data":"iH+bM4CQJ6yn/9EeWgIQtl4UgiDnkl341GyOIqJHdk0="}},"+fau1yfj5bDdAnDfzG2bXbH8rlLjHYxEf39+g1J01S8=":{"valueMac":{"type":"Buffer","data":"Ux2aqM8tqycigc3o1JDUI32kejYfrm+8A5NGqzT0LOM="}},"+6Pk+k1WqeIOACsT2dzJy6XQNx2S8X/jlxhui1GvjgM=":{"valueMac":{"type":"Buffer","data":"pprICBWaUGOjxaXOTDl8YVWorgNfnNpnKMmfF2oGeyg="}},"/CHXMXDf3TE+Af5AgqOKLW5Zr22ZnDTkS48RdZOZys0=":{"valueMac":{"type":"Buffer","data":"S4GzWheN4Mft2BjWKWteX7BWyNmKqQ/1CybXX0EI1Rg="}},"/KVwfeR3qbITjuJnP4cm+bQadT5+TWrj0POp6ZejXAM=":{"valueMac":{"type":"Buffer","data":"R4xoSePvBdl1ilC337uXtG0S9J0mBqOHWGaS7rJEJws="}},"/UGgqsGeuwNpBo4/YmYVueXyVWMbjOW7stQ+HGzAMaw=":{"valueMac":{"type":"Buffer","data":"vdb65gz7S4kcAhl6iNPSJNSHQDi68ucrURqQCLdaMRg="}},"/hh7UXPBlgOWjtdu8Jb9RODTekigVgk3EuLRML5XjeM=":{"valueMac":{"type":"Buffer","data":"sNYbJT3FPM0sCMLJhf3wcdtR575qsqxEBUq4zK7um+4="}},"/h7X6g2cOaI4C9G6xYaSPTjOFahTuZFG9DJccjBgpuA=":{"valueMac":{"type":"Buffer","data":"l8hFfnVBcXJqIcOTTt1J9/r2odH3SQCUCW5xR/mJlbM="}},"/oPWZHUk+yi9KQHWpKLP/giGHtshfUoC4kDKrdlbMMw=":{"valueMac":{"type":"Buffer","data":"rFgRUP/yqX6A5OWja2QqZnOCBASBq9nY/XQOeCNBl48="}},"/rchltHUxDQZwWGhTGsF3w0fSI7NP4oTlaE7CCoSlLk=":{"valueMac":{"type":"Buffer","data":"8bCYOIh1K53snUBcDSQvYRbQBrvNyhT1oEJh4R2wBoc="}},"//I3ENecb5cwuYJIpxJ4W6YEYXEkAVl7LlkoGffdG/Q=":{"valueMac":{"type":"Buffer","data":"oJVtEffUY/2BuEIqsAjrQrbvzr0s+7R+RThDnMRZCI0="}},"EAEf2JAvC2h5OCA90/MMKudsj06GZxKQI1Ij4KlabMs=":{"valueMac":{"type":"Buffer","data":"bjzGsTzGFhhz5efKFqvxIFEj7usXPbHRB95jw5U6A+A="}},"Yj7nzbEchtmu1Lo5DZrfCpUEAE1qyBdWAYy6EtefXmc=":{"valueMac":{"type":"Buffer","data":"G8tUgXwYb7VglWiPkSH0z9t/x5VL/048N4DEy2Ll7Nw="}},"Krmy2Ri5adrCgT04G2DJFfuTjX25g51j7mHMmWy63Z4=":{"valueMac":{"type":"Buffer","data":"Pik1V1+Q1pK+xjI/RDJv3/MKayGgK7PmBLBymxvfRbY="}},"8PcksvxducsmXj4Pwojo3PQZxZrvpUS2CdO/xm/GMg8=":{"valueMac":{"type":"Buffer","data":"rL70Vnrmg1DUnZyXg7/slml0Yxu5oMiCuPzZ3Wjb0i0="}},"iuK6jcLEOTZzMOEhexz8V3MLCNYllwjTOu8yly32FWs=":{"valueMac":{"type":"Buffer","data":"NnlFgCjLIQJeGOOZLLEs2Q/7Je+XVmaIs/T9Bkoate0="}},"1DvOKPg2dSJvh12ISSa2sBFrcg+VkBs4El7s17uMOgA=":{"valueMac":{"type":"Buffer","data":"8CexA4Wk39hzEBLBo6qix9L+fWJFQhnz7O6NIji31Z4="}},"pfcjg0v+YuG6zqr8w8ZKOtdcF5fNjrlYiZrhwDoSKw0=":{"valueMac":{"type":"Buffer","data":"hXOWQODm9bqSmc65Wi6RoaHl8FGtb72ZroI2IF6X5ZQ="}},"ywpn7xtZSfz6p7hiluOjzlfDhzX6OssaOWmkCvoFCkk=":{"valueMac":{"type":"Buffer","data":"gVlE/6kSvqVDzOffjSJ75ktma+Ygvt0KSruhXJZdcMM="}},"mds1bE8SaPCaoimmWYi1txJEzDtZHMAmjoOV01cH/v4=":{"valueMac":{"type":"Buffer","data":"FiDnu0WFw9XXMZGV3o91nVgAaO1FcExhid2FWG5tHlI="}},"V6DYXYELoFVTehRLbTmScXWvNkStqleZPny6l9Suh+Q=":{"valueMac":{"type":"Buffer","data":"imdkJpyV1X/oomcjzmwK5gn2jEyNaC9I4GhiuURlYas="}},"ru6oU6TEtI7NCkPognMflZggRg8Kq8ESRIq4JXqTehs=":{"valueMac":{"type":"Buffer","data":"0mMpkv+Fy6MCJ06sICjDEG1w6gAU30P5hFK9yXWp8Ho="}},"LHWvcvDGDUXOjrDtJ00oo3fIimmK1RJ8v8VaIKNzbNs=":{"valueMac":{"type":"Buffer","data":"0deY+LfUoBRr/fgMdYUFsHqEyRU8K7iSlmjm8iRdBhI="}}}}