{"version":5,"hash":{"type":"Buffer","data":"37D/i9E6OjgvJc+DGNqXBSRHAALpjbCPR0p6kJjVkZScOK3vYHy9GRU95v2dXhI4AUtByLqHY6UyMHdB9YTB4vyC9zA3bbCu/CrFTZrwkOxy6A2wcFdl4GtcR1erAMM+J4n5E6y1wrK+FyeEx7rlFGaD8i2OXSaA6taSAK1Wq3E="},"indexValueMap":{"Cpmscw+4HuW66mMG3/Ygzlom2N6K1VJlbqejEeMZszw=":{"valueMac":{"type":"Buffer","data":"F0rMwt5N6xpXnpt0KjWX6DnFoR3bjeMlztCXhmkb0SY="}},"QBMzwqNE3H79ilXtGZztunl/U5XbF1n+I+3ak043TJA=":{"valueMac":{"type":"Buffer","data":"NgHRgAig8qD3wcZcpjEWnf3Zdr1c8MdRkwsSIRpp840="}},"l0E2Ja/j25Lr0NbLpDdERyG0k7vpc/OukSr5wNL2AAI=":{"valueMac":{"type":"Buffer","data":"Qu+P7iXll7/stzTgZ2XIJfn9Xi1b7LXH7H2+d7sL+I8="}},"rq0piXkNTqjuGy4bQEYhBcF8swywggCyHc4+P4wgpqg=":{"valueMac":{"type":"Buffer","data":"0z1X2apRpdjBMe9NCIwNgQQoyCn3+DYbj4GkBMFtJhw="}},"bwkaR5GnmctkhXgKW/HuvqcqtwFbxuybuO2h/veUzKs=":{"valueMac":{"type":"Buffer","data":"56lT1jdMpjx6rni1mZEK2ONyoq9q6Jyfgkbh8kHv8N8="}},"WZIdA6cw+Z5k2IFCe6XRJ7//oh14j2Yp1ebzquihuNQ=":{"valueMac":{"type":"Buffer","data":"M1uFop8zJEDv0o+/phOMhei0HouCZ/aiHRXqT2EVqLU="}},"7T60pT1Hnk41l+miT1O7vGCFbQmK1BTKWgxQiXI85bA=":{"valueMac":{"type":"Buffer","data":"bY//iCykMn/rL9O8S2IrhG2Tp4hFROQICBV1W/ph9dE="}}}}