{"version":2,"hash":{"type":"Buffer","data":"Dv4WTMa+9IR5Zr08jX9x72gvj6Qhw1eQZ0Fs+aJie6hlk3Qz7QKksq7z4Jwk4u8AeFA4S0vMqarJ3Y+mOaWAcYni4x/CEaLx1r3abOwHRKGMTymFAq+IpYJdtT180euRpdxawfo21kp0sLu1FmDePzVDQIJZyUE95NQ0VmY1/d8="},"indexValueMap":{"I8Ak0B8eyzXTguc960pFYAl+d12U5E7gYq2Tnz9tius=":{"valueMac":{"type":"Buffer","data":"AE4i5sbUw2QfXhpkwioJQfVWdGiIX7S2Vt/SHd3R1oY="}},"9jVYVcMFlp+/wQZg3BrYCWGUJQP4L818mcvVRwuKh94=":{"valueMac":{"type":"Buffer","data":"Y05NL0qeF7Z5EjtFENtxSX1beSE28vfD5UU6JcgRiVY="}}}}