{"noiseKey":{"private":{"type":"Buffer","data":"iGmqgey3Le+GMv9PMvuv5QG9ngQWFtAPL4SW48XAp0I="},"public":{"type":"Buffer","data":"IQhJqbYk9shKVHANzfRKykNuiS1921rld4si7uLGr38="}},"signedIdentityKey":{"private":{"type":"Buffer","data":"oJxQxJ7At9e3CdSsy4Lkiz8En/EgsNpLP54qsijC1l8="},"public":{"type":"Buffer","data":"4DS7o6Y6BjRSlHyVFUCOUoU1XMons6m0oV0pBcqSFAw="}},"signedPreKey":{"keyPair":{"private":{"type":"Buffer","data":"eJVThfj2xhR5NJbn7rFVCk+7j4l1R6dY5puFeZoBsms="},"public":{"type":"Buffer","data":"iNUktrHOoKNy8I+vy44qlw7Mf25a7tHsyWEUT7wk/Ds="}},"signature":{"type":"Buffer","data":"OwrBOUNkHH6eNTbU8MZQsoYmaNp6tZRum997QHg93RhEdeQsnRIMljf4gBoE4jXmrM1HJ/3fnyx8w0swtwgzDw=="},"keyId":1},"registrationId":154,"advSecretKey":"IfXw6vakLRkYSen8NarcqvaCG/MpTQzhecG4qkFFqJY=","processedHistoryMessages":[{"key":{"remoteJid":"17042814779@s.whatsapp.net","fromMe":true,"id":"6C100CC18E989D48BD247E6FE5965D86"},"messageTimestamp":1682600456},{"key":{"remoteJid":"17042814779@s.whatsapp.net","fromMe":true,"id":"CE6125137605D9864C08A236A436EEB7"},"messageTimestamp":1682600466},{"key":{"remoteJid":"17042814779@s.whatsapp.net","fromMe":true,"id":"38837E22A025AB2ABBB0FD8EA9B93A02"},"messageTimestamp":1682600475},{"key":{"remoteJid":"17042814779@s.whatsapp.net","fromMe":true,"id":"13F961623D79731F1845D4954634AC4C"},"messageTimestamp":1682600526}],"nextPreKeyId":32,"firstUnuploadedPreKeyId":32,"accountSyncCounter":1,"accountSettings":{"unarchiveChats":false},"account":{"details":"CL6U2rQEEPzjqaIGGAE=","accountSignatureKey":"R/hd4TOPYlNYvpNk44lb2dWNh6U2KdBrGoWl9X1fnyk=","accountSignature":"4YuXxLk04YsBzW++73SCr7lSVkCGAKcwgOw+eabk7hwi45q6tC/SISoX3CaHULwskLBxqyDY99kXk9Npt5MUAA==","deviceSignature":"junxcrL5n6zqmqi0MQinIju4mYLRLn8ZU1UCPPoZ68fhI7H5fCPl2xaAAHP4njwGoi0Mr8JrqZ1ZAO395F3kBA=="},"me":{"id":"17042814779:5@s.whatsapp.net","name":"LentTobs-MD"},"signalIdentities":[{"identifier":{"name":"17042814779:5@s.whatsapp.net","deviceId":0},"identifierKey":{"type":"Buffer","data":"BUf4XeEzj2JTWL6TZOOJW9nVjYelNinQaxqFpfV9X58p"}}],"platform":"android","lastAccountSyncTimestamp":1682600731,"myAppStateKeyId":"AAAAAFrE"}