[{"senderKeyId":1992560934,"senderChainKey":{"iteration":18,"seed":"DEtkbNUmNfhBQEWGABI9aKhAGXjGrZMs5GFVoFRtKH4="},"senderSigningKey":{"public":"BX0seFTOuV+ip01oDgzEq3ht3Xkh/ltZFPQBNUZbqNhb"},"senderMessageKeys":[]},{"senderKeyId":1992560934,"senderChainKey":{"iteration":0,"seed":"39klIjF4CZ74JfA00kFEjOHHdP5qC/JkkAzKkv5zlP0="},"senderSigningKey":{"public":"BX0seFTOuV+ip01oDgzEq3ht3Xkh/ltZFPQBNUZbqNhb"},"senderMessageKeys":[]},{"senderKeyId":1992560934,"senderChainKey":{"iteration":0,"seed":"39klIjF4CZ74JfA00kFEjOHHdP5qC/JkkAzKkv5zlP0="},"senderSigningKey":{"public":"BX0seFTOuV+ip01oDgzEq3ht3Xkh/ltZFPQBNUZbqNhb"},"senderMessageKeys":[]},{"senderKeyId":1992560934,"senderChainKey":{"iteration":0,"seed":"39klIjF4CZ74JfA00kFEjOHHdP5qC/JkkAzKkv5zlP0="},"senderSigningKey":{"public":"BX0seFTOuV+ip01oDgzEq3ht3Xkh/ltZFPQBNUZbqNhb"},"senderMessageKeys":[]},{"senderKeyId":1992560934,"senderChainKey":{"iteration":0,"seed":"39klIjF4CZ74JfA00kFEjOHHdP5qC/JkkAzKkv5zlP0="},"senderSigningKey":{"public":"BX0seFTOuV+ip01oDgzEq3ht3Xkh/ltZFPQBNUZbqNhb"},"senderMessageKeys":[]},{"senderKeyId":1992560934,"senderChainKey":{"iteration":0,"seed":"39klIjF4CZ74JfA00kFEjOHHdP5qC/JkkAzKkv5zlP0="},"senderSigningKey":{"public":"BX0seFTOuV+ip01oDgzEq3ht3Xkh/ltZFPQBNUZbqNhb"},"senderMessageKeys":[]},{"senderKeyId":1992560934,"senderChainKey":{"iteration":3,"seed":"c0PxElhCt3TIFmZhwUHktThs8UN7YPTZwNu+Q0ozd8M="},"senderSigningKey":{"public":"BX0seFTOuV+ip01oDgzEq3ht3Xkh/ltZFPQBNUZbqNhb"},"senderMessageKeys":[]},{"senderKeyId":1992560934,"senderChainKey":{"iteration":3,"seed":"c0PxElhCt3TIFmZhwUHktThs8UN7YPTZwNu+Q0ozd8M="},"senderSigningKey":{"public":"BX0seFTOuV+ip01oDgzEq3ht3Xkh/ltZFPQBNUZbqNhb"},"senderMessageKeys":[]},{"senderKeyId":1992560934,"senderChainKey":{"iteration":3,"seed":"c0PxElhCt3TIFmZhwUHktThs8UN7YPTZwNu+Q0ozd8M="},"senderSigningKey":{"public":"BX0seFTOuV+ip01oDgzEq3ht3Xkh/ltZFPQBNUZbqNhb"},"senderMessageKeys":[]}]