{"_sessions":{"BZ9RweucH105rDtWNdELE4Iv79q9/sMItQ2x3LqCu3dl":{"registrationId":2125412476,"currentRatchet":{"ephemeralKeyPair":{"pubKey":"BUqC3VpFgOATdJ3/lpWUS3FYnI5bzbwbo6x7vETc1uBn","privKey":"WLkV531StnUoL3I3ZljEw6f8sWBgycXhtCM/qNj7nmE="},"lastRemoteEphemeralKey":"Bb00sz8SvyoF9skj+YgaKunJIZsMfR66L+8ripuQZlUH","previousCounter":0,"rootKey":"3TqAB1iHGh/vkUmbTuRFsHkM6V7Eu/YTM9eLbtAv7nE="},"indexInfo":{"baseKey":"BZ9RweucH105rDtWNdELE4Iv79q9/sMItQ2x3LqCu3dl","baseKeyType":1,"closed":-1,"used":1682619374150,"created":1682619374150,"remoteIdentityKey":"BUJVuvGJpRtjX3mMdDD5I/yBkobXea1RpsPncp/7q+Y7"},"_chains":{"BUqC3VpFgOATdJ3/lpWUS3FYnI5bzbwbo6x7vETc1uBn":{"chainKey":{"counter":3,"key":"uXRzJp8gKj1GPe9Q8odIOpm7g8PpHC6S8Gyj6mH5mO8="},"chainType":1,"messageKeys":{}}},"pendingPreKey":{"signedKeyId":6,"baseKey":"BZ9RweucH105rDtWNdELE4Iv79q9/sMItQ2x3LqCu3dl","preKeyId":12808801}}},"version":"v1"}