{"_sessions":{"Ber2YYbVPN53k3PzOH++DFtvVQQUGlfDWWak16aRdYkA":{"registrationId":15507,"currentRatchet":{"ephemeralKeyPair":{"pubKey":"BW96B7SWNqIQX58hheSS70Y/877W+LFSjwbRJ33uXcB1","privKey":"6KKxYzEKLM6Law9Sig8V8tDCcLILpW1ymy86ftOXh0g="},"lastRemoteEphemeralKey":"BbNeLwUiIrRNCZgma1Jzs1qZ26hyxxr7HWa6S4GX89Aq","previousCounter":0,"rootKey":"5DqUIQlCx0rBIpk2GiPH3uSaqbxAnEkqTJulqCwfZ1o="},"indexInfo":{"baseKey":"Ber2YYbVPN53k3PzOH++DFtvVQQUGlfDWWak16aRdYkA","baseKeyType":1,"closed":-1,"used":1682619373846,"created":1682619373846,"remoteIdentityKey":"Bbrc8ctttpvl/xVRGIu1srce5jvxBts21e7bD+KbPH0e"},"_chains":{"BW96B7SWNqIQX58hheSS70Y/877W+LFSjwbRJ33uXcB1":{"chainKey":{"counter":3,"key":"Ga8BNrzw+I7hFBQH+4oeyqAzmNCcEjgMtD25E6t4rz4="},"chainType":1,"messageKeys":{}}},"pendingPreKey":{"signedKeyId":1,"baseKey":"Ber2YYbVPN53k3PzOH++DFtvVQQUGlfDWWak16aRdYkA"}}},"version":"v1"}