{"_sessions":{"BbD0lC4Pp7Lv46g/PstgxYBhVPdk5tV2H97JWpFLf18U":{"registrationId":1104344863,"currentRatchet":{"ephemeralKeyPair":{"pubKey":"Bbuaxynq6gfPOOkpBXpBQASLjDnG0jmmnKITfYa9VXpm","privKey":"GIcXfF5w4aMWXHrFDeKx7p7hV2p79eUqJj7Ij2DS5Xk="},"lastRemoteEphemeralKey":"BWVWAPQeD0iXIx0JymwpDXCCZPtNlt3/A97Uk5mn0F9H","previousCounter":0,"rootKey":"HNpZGVPZzEBAYEorqPFrnkxpl50s1A/K5cqwCMwaTSA="},"indexInfo":{"baseKey":"BbD0lC4Pp7Lv46g/PstgxYBhVPdk5tV2H97JWpFLf18U","baseKeyType":1,"closed":-1,"used":1682603060938,"created":1682603060938,"remoteIdentityKey":"Ba5GZ0tREARGlfQBSjwg5oO+1ygqx0PojprlLO7Fz6A7"},"_chains":{"Bbuaxynq6gfPOOkpBXpBQASLjDnG0jmmnKITfYa9VXpm":{"chainKey":{"counter":360,"key":"RtDSdwpEbL+s+2qJ2/3K1YrLnKrzmiNlvN40/6J1POk="},"chainType":1,"messageKeys":{}}},"pendingPreKey":{"signedKeyId":4,"baseKey":"BbD0lC4Pp7Lv46g/PstgxYBhVPdk5tV2H97JWpFLf18U","preKeyId":5914807}}},"version":"v1"}