{"_sessions":{"BTOrW/km2iSb2+R7vDVarbLS3Ic3BBXgDOBr/bP8Lvhc":{"registrationId":117523896,"currentRatchet":{"ephemeralKeyPair":{"pubKey":"BZJxdfSICTKqok1+Y8cdcOx1Zuq51o6D/Feoe3ftU2An","privKey":"OMiB2errNC8mACE+QscSl+WHT42BY7aMJAEtXLHMXE8="},"lastRemoteEphemeralKey":"BbrjbPhX4oBwzGjl3WuIDcoylPpg+6ufLnWk+iyKBqFe","previousCounter":0,"rootKey":"JtRhsAfs80+jjHRh9nU1Tz/inYUWUdnRyIxaW90fbDI="},"indexInfo":{"baseKey":"BTOrW/km2iSb2+R7vDVarbLS3Ic3BBXgDOBr/bP8Lvhc","baseKeyType":1,"closed":-1,"used":1682619374235,"created":1682619374235,"remoteIdentityKey":"Bf7L1I77siqqQP2IbICBEDSD5OuVKNZ88W1tjXQwXlMo"},"_chains":{"BZJxdfSICTKqok1+Y8cdcOx1Zuq51o6D/Feoe3ftU2An":{"chainKey":{"counter":3,"key":"4RDKfXvjUQLDzBlnGv9STTpS0B3d2HXZgjohRL5iKEc="},"chainType":1,"messageKeys":{}}},"pendingPreKey":{"signedKeyId":4,"baseKey":"BTOrW/km2iSb2+R7vDVarbLS3Ic3BBXgDOBr/bP8Lvhc","preKeyId":12918041}}},"version":"v1"}