{"_sessions":{"Bfl49oxv4Z6MhB7GbtsHxb/erTUmC/ZE/Ze6QxdY7KkC":{"registrationId":1302009346,"currentRatchet":{"ephemeralKeyPair":{"pubKey":"BbVggHT0AOX4/sKgL59QhkQuZu/MJLt7wu+c+Sx2gA9D","privKey":"OMjDQMMRSySV//Yz4hM6tZIIY7F56hcu4Uk1cdfiNns="},"lastRemoteEphemeralKey":"BbmljNueGmOjhG0AMWN4F4CE7F9cQNpEJW4lFCeef5M5","previousCounter":0,"rootKey":"R7bdefYod4Hi1u6F9a447n/yRqeICFe4Lz4rW7iK8mI="},"indexInfo":{"baseKey":"Bfl49oxv4Z6MhB7GbtsHxb/erTUmC/ZE/Ze6QxdY7KkC","baseKeyType":1,"closed":-1,"used":1682619373926,"created":1682619373926,"remoteIdentityKey":"BTLS/zcLhKiqZksaM4nMgJLwFIZzvXLF5tIhacHr/ehY"},"_chains":{"BbVggHT0AOX4/sKgL59QhkQuZu/MJLt7wu+c+Sx2gA9D":{"chainKey":{"counter":3,"key":"2Qx8dsft4Vl/YbOvMTlnvtnQ/njJwIC2Bn+xzHLx330="},"chainType":1,"messageKeys":{}}},"pendingPreKey":{"signedKeyId":7,"baseKey":"Bfl49oxv4Z6MhB7GbtsHxb/erTUmC/ZE/Ze6QxdY7KkC","preKeyId":14700253}}},"version":"v1"}