{"_sessions":{"BePvz+GLOhZ7wR1wNyZgc6FXz3PrWpuuu1biqx3zqTQB":{"registrationId":6426,"currentRatchet":{"ephemeralKeyPair":{"pubKey":"BcFlgoQrYKQNkWlctWRBfW7r7SDWwSa35DT7lzkc81YA","privKey":"KLXQjXs+40AvhboIrtfOJYXZMJdNvAIJicXfbnC+n2Q="},"lastRemoteEphemeralKey":"BQ/8oh0JJ36Vd+XwWP8VIu1BPFSj3bbLk5Xo1fakomRj","previousCounter":0,"rootKey":"KV6nOrnZ1fW1sCSFJLVt6CihB8Wt/PoTR5LU3ucvfZg="},"indexInfo":{"baseKey":"BePvz+GLOhZ7wR1wNyZgc6FXz3PrWpuuu1biqx3zqTQB","baseKeyType":1,"closed":-1,"used":1682619373822,"created":1682619373822,"remoteIdentityKey":"BbLb9PshH6EocAtRU+KqmuhLiNIxA0xWHs/h07p4Tu8t"},"_chains":{"BcFlgoQrYKQNkWlctWRBfW7r7SDWwSa35DT7lzkc81YA":{"chainKey":{"counter":3,"key":"gh5L+UW8feJ7vTxg3d5+MtBi3DDOKOeG9Wf4KdviSNg="},"chainType":1,"messageKeys":{}}},"pendingPreKey":{"signedKeyId":1,"baseKey":"BePvz+GLOhZ7wR1wNyZgc6FXz3PrWpuuu1biqx3zqTQB"}}},"version":"v1"}