{"_sessions":{"BRJHi3PHy9NrylDRUaLsXkPVcOxR+HrprR69Rl9pa6ES":{"registrationId":272586489,"currentRatchet":{"ephemeralKeyPair":{"pubKey":"BZVTi0ovR2tTydznGn1ELEAD1ReQjKfEO7+W5nvleQRC","privKey":"0KyOrsyM+bofa8Oz3s1IqDkdO56uc0Mn7cwxWbtK+XI="},"lastRemoteEphemeralKey":"BYUw9pQBlQosGZtMEHjuDAs9KHprtNZRKgvFN68Mz9FF","previousCounter":0,"rootKey":"7HoMTBnCRXLdY9aSq9312ezf5JmV9U44ZJfMqNee3UU="},"indexInfo":{"baseKey":"BRJHi3PHy9NrylDRUaLsXkPVcOxR+HrprR69Rl9pa6ES","baseKeyType":1,"closed":-1,"used":1682619374132,"created":1682619374132,"remoteIdentityKey":"BaysH4H1wKsJBRzEL+VgravdanCpSRX9HpiSpGYmzIIm"},"_chains":{"BZVTi0ovR2tTydznGn1ELEAD1ReQjKfEO7+W5nvleQRC":{"chainKey":{"counter":3,"key":"3M6UnXFXIbswGVScpXcFWIBu8nvJDRug6zoSCJ+n7o8="},"chainType":1,"messageKeys":{}}},"pendingPreKey":{"signedKeyId":3,"baseKey":"BRJHi3PHy9NrylDRUaLsXkPVcOxR+HrprR69Rl9pa6ES","preKeyId":6225912}}},"version":"v1"}