{"_sessions":{"Bax2M9v0C8e9Jm2UYlBTMltyQrYJDlLVPHKApQCiJGZW":{"registrationId":1639979763,"currentRatchet":{"ephemeralKeyPair":{"pubKey":"BdDhTdvTf5nyY9WlzpFmcRea+lKjJQW4hUIwaiFnns1+","privKey":"6Gm68++MpjZVLXT9H2GI5FQrqWt/RD5MtMqCcsdxfn8="},"lastRemoteEphemeralKey":"BQDz8bJR3XhOzz+u0XPx6QvxMRlJgrot+R5NuMS3FNx2","previousCounter":0,"rootKey":"bA/xMOwjhL1jhwJk9qRj1gI/uiPuHETPG7cJJdTCRrs="},"indexInfo":{"baseKey":"Bax2M9v0C8e9Jm2UYlBTMltyQrYJDlLVPHKApQCiJGZW","baseKeyType":1,"closed":-1,"used":1682603061014,"created":1682603061014,"remoteIdentityKey":"BWrw8h2TWSwUyrIUheFbbK3It3w2Sey0fZyBG3OTff0F"},"_chains":{"BdDhTdvTf5nyY9WlzpFmcRea+lKjJQW4hUIwaiFnns1+":{"chainKey":{"counter":360,"key":"c5Rk7KqaXadUvMNIAEh7UAweRSLBZEZrhMrWI4dS7sw="},"chainType":1,"messageKeys":{}}},"pendingPreKey":{"signedKeyId":1,"baseKey":"Bax2M9v0C8e9Jm2UYlBTMltyQrYJDlLVPHKApQCiJGZW","preKeyId":11676257}}},"version":"v1"}