{"_sessions":{"Bbm+t7hfp+qVJzc1s5FhEvXwLsnDNRU4W2Nb2n1sFq4h":{"registrationId":1647808639,"currentRatchet":{"ephemeralKeyPair":{"pubKey":"BXX6z+6KCtsi3KBEJU4BSoeX+rc+HiCPYvxmqgZezIBh","privKey":"4PnEIyUdtXLXnQuLdwkLvmR+UnuhdlDMDzBqo70Gckc="},"lastRemoteEphemeralKey":"BS8lgBl59arqPHxJUCA4+ESDZPJAv5O631b5mw8cNktt","previousCounter":0,"rootKey":"E3LZXRfQTtiVmayxFbBqYhnly5JGuJeny1U9rNTOdUM="},"indexInfo":{"baseKey":"Bbm+t7hfp+qVJzc1s5FhEvXwLsnDNRU4W2Nb2n1sFq4h","baseKeyType":1,"closed":-1,"used":1682619373966,"created":1682619373966,"remoteIdentityKey":"BaE9JTVIK8S5Gzl6vJJTlV/kWiaBGyAMSY86Cl4qQKUP"},"_chains":{"BXX6z+6KCtsi3KBEJU4BSoeX+rc+HiCPYvxmqgZezIBh":{"chainKey":{"counter":3,"key":"byR4/1DgThV/dOu5v6RENzp9vhAwy8bccCUYCx5klZ8="},"chainType":1,"messageKeys":{}}},"pendingPreKey":{"signedKeyId":9,"baseKey":"Bbm+t7hfp+qVJzc1s5FhEvXwLsnDNRU4W2Nb2n1sFq4h","preKeyId":7554748}}},"version":"v1"}