{"_sessions":{"BTCNj6V8VOlwgDWdlDMGyHhW/0fCoOe0yHLyV3ioo91m":{"registrationId":1345884285,"currentRatchet":{"ephemeralKeyPair":{"pubKey":"BYxGOz3pgluXuFOVxn87esybHFWa3OJXmOO43sdeT2hC","privKey":"qEc6ycILVsczU7wSBsuCohgrih6P+9THjGirx5DqKnQ="},"lastRemoteEphemeralKey":"BWyHViIvHqDY2zQcvN6LwxcYEDv6JZpRTIXokiFZ4hlL","previousCounter":0,"rootKey":"Iqpi/xiGG+/W5BVe0olo5fiXRUDSstiXo/JKDjgikvY="},"indexInfo":{"baseKey":"BTCNj6V8VOlwgDWdlDMGyHhW/0fCoOe0yHLyV3ioo91m","baseKeyType":1,"closed":-1,"used":1682619373909,"created":1682619373909,"remoteIdentityKey":"BU5VRcO6hnh2B7U09G8NP9gmgXHQPLvPmlPgSIW+2DkC"},"_chains":{"BYxGOz3pgluXuFOVxn87esybHFWa3OJXmOO43sdeT2hC":{"chainKey":{"counter":3,"key":"Ns0RSBTeyRIAb/RZME5uhx3qpFwLD9ko4gKn5wxNYxs="},"chainType":1,"messageKeys":{}}},"pendingPreKey":{"signedKeyId":4,"baseKey":"BTCNj6V8VOlwgDWdlDMGyHhW/0fCoOe0yHLyV3ioo91m"}}},"version":"v1"}