{"_sessions":{"BTylsB1pmpHHJ///fiBjPerZ+BLVGQ3AozT8LYEjp0AM":{"registrationId":4087,"currentRatchet":{"ephemeralKeyPair":{"pubKey":"BXiWWvcv7HgRGkhTo1LxGaRieXpXVXCRSpnqQAJehLga","privKey":"kGpHVndb+iVBOA39paCEuDml+an8SVGmezFT/QtX7VQ="},"lastRemoteEphemeralKey":"BRTU1t52Dq4f8/qSBBPTL/xsjkj7c7U9I7srMXc9+TQ7","previousCounter":0,"rootKey":"mqVv7BDect2NaLI5ESWzNmHjmGgn26Wv6UNv9JtdXyQ="},"indexInfo":{"baseKey":"BTylsB1pmpHHJ///fiBjPerZ+BLVGQ3AozT8LYEjp0AM","baseKeyType":1,"closed":-1,"used":1682619373847,"created":1682619373847,"remoteIdentityKey":"BR5HkDOrXksuF7AbcGF4lcWVIpV0zl33ILkzJ3tYNaBl"},"_chains":{"BXiWWvcv7HgRGkhTo1LxGaRieXpXVXCRSpnqQAJehLga":{"chainKey":{"counter":3,"key":"Xkhd5myfbWadvR+39JiJdZHQD7u19IKoSQ9mnrLwPSM="},"chainType":1,"messageKeys":{}}},"pendingPreKey":{"signedKeyId":1,"baseKey":"BTylsB1pmpHHJ///fiBjPerZ+BLVGQ3AozT8LYEjp0AM"}}},"version":"v1"}