{"_sessions":{"Be5+3kewQ+dpKFiiZq7+WRJOimtRSxCcymfzXS+1TKZP":{"registrationId":404633565,"currentRatchet":{"ephemeralKeyPair":{"pubKey":"BTTVFqAGqzVCn2nVvXN4D0Bxr9u/zZRpMug1GYjM3jUc","privKey":"cOvZbewlFCZMUwLy7GjUB4Ns6clV0VU4obCh5VsrKVo="},"lastRemoteEphemeralKey":"BQ0QSdRWif1fvc8nrmcITDV9rVCTlj9+VHISIWczx6wC","previousCounter":0,"rootKey":"CBAd+/5UhtKnJcBCphe/Dy+ixJt+qtvZ0tg2o6wvwIk="},"indexInfo":{"baseKey":"Be5+3kewQ+dpKFiiZq7+WRJOimtRSxCcymfzXS+1TKZP","baseKeyType":1,"closed":-1,"used":1682603060890,"created":1682603060890,"remoteIdentityKey":"BbIYpOgEHNnsEjuh4r03XExX/sMLICZxNL78+H9kFXIv"},"_chains":{"BTTVFqAGqzVCn2nVvXN4D0Bxr9u/zZRpMug1GYjM3jUc":{"chainKey":{"counter":360,"key":"3rzyDsFRpDf2vZdZgqLo3ncyPxCllXhdn8VN/0fyeBc="},"chainType":1,"messageKeys":{}}},"pendingPreKey":{"signedKeyId":13,"baseKey":"Be5+3kewQ+dpKFiiZq7+WRJOimtRSxCcymfzXS+1TKZP","preKeyId":12678915}}},"version":"v1"}