{"_sessions":{"Bc7KfO+pbsb0VKiP81LVkxHSLA1ToPsUN4ZuFesfZ69A":{"registrationId":1010930976,"currentRatchet":{"ephemeralKeyPair":{"pubKey":"BQ/pIM7YPJiatM3qBh4o0VvEiSHWNEbyG8nvVmmTGqkR","privKey":"0IXRzIE1yJMGFqhx9mfcgVKRgT2lGr2Ft8eKpTwgMHw="},"lastRemoteEphemeralKey":"BZconw1/36Ez9c5GRGz7VFWGegKuZKm7pJJJPV/giGoS","previousCounter":0,"rootKey":"9VgsqaLSjJJ3MZ6yWNLrpCD9RN/Lkm9qCGoYl+smqbs="},"indexInfo":{"baseKey":"Bc7KfO+pbsb0VKiP81LVkxHSLA1ToPsUN4ZuFesfZ69A","baseKeyType":1,"closed":-1,"used":1682603061382,"created":1682603061382,"remoteIdentityKey":"BSqQCCSxiz/TnhXltNzWzGESu5vSmuVGRT8CnecHj28k"},"_chains":{"BQ/pIM7YPJiatM3qBh4o0VvEiSHWNEbyG8nvVmmTGqkR":{"chainKey":{"counter":360,"key":"wfBqit7JaKF6SmX4XOszLu30jbDfeZCV4Wleo5IbnBA="},"chainType":1,"messageKeys":{}}},"pendingPreKey":{"signedKeyId":0,"baseKey":"Bc7KfO+pbsb0VKiP81LVkxHSLA1ToPsUN4ZuFesfZ69A","preKeyId":9103319}}},"version":"v1"}