{"_sessions":{"BVdRIb5SMBFNLhx05RUAROZ6fwREQ1TSTHC3ZhKfNs9H":{"registrationId":484574650,"currentRatchet":{"ephemeralKeyPair":{"pubKey":"BVfPoXn/34oTbKQ+nZ8jFUw0WVEg9L23RUOKmz5cY7JM","privKey":"aH8R1BQcSTq20eiPlAbKonnlDGJ6nvPstX3eoDlKa0o="},"lastRemoteEphemeralKey":"BdVRAALc2FcRthLB/4EFrFsX64SAsdYi0C00rihigqRD","previousCounter":0,"rootKey":"U3nbxZ+yJOGbX9GlGOuQU+pRLteH86aC1+3O64lr+10="},"indexInfo":{"baseKey":"BVdRIb5SMBFNLhx05RUAROZ6fwREQ1TSTHC3ZhKfNs9H","baseKeyType":1,"closed":-1,"used":1682619373907,"created":1682619373907,"remoteIdentityKey":"Bae0uLDRTVj7z27YfoKuue2HxLrLgpcBr+bR/lUcXklj"},"_chains":{"BVfPoXn/34oTbKQ+nZ8jFUw0WVEg9L23RUOKmz5cY7JM":{"chainKey":{"counter":3,"key":"MNOJY+QzUi5/NY8Emk23s4Ty3zgQEvXypnxxxMPvvxs="},"chainType":1,"messageKeys":{}}},"pendingPreKey":{"signedKeyId":12,"baseKey":"BVdRIb5SMBFNLhx05RUAROZ6fwREQ1TSTHC3ZhKfNs9H","preKeyId":10704173}}},"version":"v1"}