{"_sessions":{"BWcbfFkcf+FgpsbYW+Bffvd4eYq7PGW7duQWafuUUiUN":{"registrationId":276815833,"currentRatchet":{"ephemeralKeyPair":{"pubKey":"Bdwbe2BjNtjqYDYJ79KLcVi9WaYnHyXFGNxZUJagjtlT","privKey":"4JrwfqXeh3AKksafZA4pSfJx5WtPki/Dz+FHs3pLrmA="},"lastRemoteEphemeralKey":"BUbX85gTlLRcbZiebMd4HCPWWIJyDZ0OiF3maGfIYMVp","previousCounter":0,"rootKey":"hzRTxW3ll97gsp0ZkoWWgOaJ2Hl5mRp6UdFKCygSuNg="},"indexInfo":{"baseKey":"BWcbfFkcf+FgpsbYW+Bffvd4eYq7PGW7duQWafuUUiUN","baseKeyType":1,"closed":-1,"used":1682603061210,"created":1682603061210,"remoteIdentityKey":"BcMigHpOsu3QuH/+wP1ibYho9AuJ+s6fvcDhJR6NCn0O"},"_chains":{"Bdwbe2BjNtjqYDYJ79KLcVi9WaYnHyXFGNxZUJagjtlT":{"chainKey":{"counter":360,"key":"VmBvboGfP6G+ZR5NEfZP6J/P+WRZfe0VqgCTUcxoP+o="},"chainType":1,"messageKeys":{}}},"pendingPreKey":{"signedKeyId":1,"baseKey":"BWcbfFkcf+FgpsbYW+Bffvd4eYq7PGW7duQWafuUUiUN"}}},"version":"v1"}