{"_sessions":{"BX+5e1DcvwrxvcWh96VYIIOp0cREcr0D6UAMaRDfywJb":{"registrationId":718640287,"currentRatchet":{"ephemeralKeyPair":{"pubKey":"BVjW2p9kSWTIqE9QljPY5UeE5pp1y+UYCXCBIb64upd8","privKey":"aJRywJUMxv5RB57S+WWUwecRx0nMj3X3ZyaNkX8okXE="},"lastRemoteEphemeralKey":"BYxTYBOioimMUrShCaPPT4mJU65DObhIXIL9r9PkfYsP","previousCounter":0,"rootKey":"fHeiGtsD61vcn2/aXKy1s27lmPbTdL+mYizaK+wGe30="},"indexInfo":{"baseKey":"BX+5e1DcvwrxvcWh96VYIIOp0cREcr0D6UAMaRDfywJb","baseKeyType":1,"closed":-1,"used":1682603061295,"created":1682603061295,"remoteIdentityKey":"Bba226TgIokIj1AVaa1nkWyDjAyBEsu/TJm3bl8CQ7MC"},"_chains":{"BVjW2p9kSWTIqE9QljPY5UeE5pp1y+UYCXCBIb64upd8":{"chainKey":{"counter":360,"key":"vNEy1AxGhsP96VKwgWWV7al0WOTVannaUpPRzclM4MU="},"chainType":1,"messageKeys":{}}},"pendingPreKey":{"signedKeyId":0,"baseKey":"BX+5e1DcvwrxvcWh96VYIIOp0cREcr0D6UAMaRDfywJb","preKeyId":8835792}}},"version":"v1"}