{"_sessions":{"BXSevAJn+jnVCZJSjoPRWtQGqyM68lEHO/16/2ot+fks":{"registrationId":730781772,"currentRatchet":{"ephemeralKeyPair":{"pubKey":"BYz4Z6WiKh1VgAOJC/G/XP8tzvaurFty8RA9/Vm6z1Zb","privKey":"kPYlTpbKvzn9tjJOSNx9R5CarprDLIAdmaQ69ahgdF0="},"lastRemoteEphemeralKey":"BWnmK8TgobwZSqrPEhOidq9Yahu1OjbRuSLCtp2HZRAx","previousCounter":0,"rootKey":"VRtKwokqmnFI8wO3rwEZwvfCs8PWUQGE5PDTM7ZBYsk="},"indexInfo":{"baseKey":"BXSevAJn+jnVCZJSjoPRWtQGqyM68lEHO/16/2ot+fks","baseKeyType":1,"closed":-1,"used":1682603060803,"created":1682603060803,"remoteIdentityKey":"BZx5A1X6J8LYw8Dd78mk4g/b6C3/rUAV65y6MlC6VloF"},"_chains":{"BYz4Z6WiKh1VgAOJC/G/XP8tzvaurFty8RA9/Vm6z1Zb":{"chainKey":{"counter":360,"key":"niwd7tZw/ML9BewpH6vARbogQ87dRDY4SzqQhnBMWXE="},"chainType":1,"messageKeys":{}}},"pendingPreKey":{"signedKeyId":0,"baseKey":"BXSevAJn+jnVCZJSjoPRWtQGqyM68lEHO/16/2ot+fks","preKeyId":10007384}}},"version":"v1"}