{"_sessions":{"BW8GHWZfrpi3A9wG293qre0iS+G1tOINX+5buNDn+qMJ":{"registrationId":350623505,"currentRatchet":{"ephemeralKeyPair":{"pubKey":"BaWLE+OsUVz47qTsb0RU0NPNVoo7Rh3jsJhT5W3y4tEd","privKey":"gDQR+WnslCRnMttl54BTP0ZTEmDXAbLvO0up8osy1ng="},"lastRemoteEphemeralKey":"BdXS4CfwDxjhUbow5Y+C0CnyPrWuCcc6lIPgkR1xjYMe","previousCounter":0,"rootKey":"cYf2d/D29hAUwC36jtqgAeXdFiIXnB5V6gEx3pknhjk="},"indexInfo":{"baseKey":"BW8GHWZfrpi3A9wG293qre0iS+G1tOINX+5buNDn+qMJ","baseKeyType":1,"closed":-1,"used":1682619373936,"created":1682619373936,"remoteIdentityKey":"BQjuyJ86BeC++09S4dqLW81Qp2C3TMly9ag3WUo9SCdL"},"_chains":{"BaWLE+OsUVz47qTsb0RU0NPNVoo7Rh3jsJhT5W3y4tEd":{"chainKey":{"counter":3,"key":"eAASTohkcLbQGErnEbuUExX46JhPYqXTSfCXqcnmw4M="},"chainType":1,"messageKeys":{}}},"pendingPreKey":{"signedKeyId":2,"baseKey":"BW8GHWZfrpi3A9wG293qre0iS+G1tOINX+5buNDn+qMJ","preKeyId":12720123}}},"version":"v1"}