{"_sessions":{"Beb9vg6b2pNZ/KjcLPUfVnZ0W3YMUGP2amUOUI+ri0k+":{"registrationId":1306261792,"currentRatchet":{"ephemeralKeyPair":{"pubKey":"BVdFpQfoeLCNAYfSGStLuFkUYadDWXw0WXMxsazY5Ise","privKey":"0Ato6xZe7xywgaveyroBsScmJjlNTf0/k0LvDPFn1m8="},"lastRemoteEphemeralKey":"BSdLIRntu9UbmXZz1l8ph9mIzwvbmHvxbUsdHlTlK6hK","previousCounter":0,"rootKey":"e2FINB1ih9aODqXD1rQ0wmQl3pnB6M1sl/GBJIKowII="},"indexInfo":{"baseKey":"Beb9vg6b2pNZ/KjcLPUfVnZ0W3YMUGP2amUOUI+ri0k+","baseKeyType":1,"closed":-1,"used":1682619373978,"created":1682619373978,"remoteIdentityKey":"BVAC8IuiJ0DjoGMYrufgVUwKSdJjU3cQd0VTqMZ8VH9a"},"_chains":{"BVdFpQfoeLCNAYfSGStLuFkUYadDWXw0WXMxsazY5Ise":{"chainKey":{"counter":3,"key":"wswhaw6aHo8lTo1Dwgwjya/+zDQGTCdPI9peCq9CFcc="},"chainType":1,"messageKeys":{}}},"pendingPreKey":{"signedKeyId":1,"baseKey":"Beb9vg6b2pNZ/KjcLPUfVnZ0W3YMUGP2amUOUI+ri0k+","preKeyId":8217774}}},"version":"v1"}