{"_sessions":{"BXinjaaSpZrHIJJgYo248nvjiL0q1bAZrEmpkiEIJ+tP":{"registrationId":1584293641,"currentRatchet":{"ephemeralKeyPair":{"pubKey":"BTxFTldT7Gn+oeU33L0mCgtVIzKniEqJPxgfHZkh0uFW","privKey":"WJuTYGh4E0wtRUFpfm6mhS0HkFMXCveIZI/raeZxR0k="},"lastRemoteEphemeralKey":"BX/Dj5CbGZDpUR0zf+loy+biUj52MX+TaP7MD2IBK8Y2","previousCounter":0,"rootKey":"uPv8jIj+fwZNbYEkajYgJWWYsXBaAwujlOfZ964ZoPE="},"indexInfo":{"baseKey":"BXinjaaSpZrHIJJgYo248nvjiL0q1bAZrEmpkiEIJ+tP","baseKeyType":1,"closed":-1,"used":1682603060959,"created":1682603060959,"remoteIdentityKey":"BcFuNh8xLIW0FdYZrP/pa52kGPdjL6FOtND5olQLkM16"},"_chains":{"BTxFTldT7Gn+oeU33L0mCgtVIzKniEqJPxgfHZkh0uFW":{"chainKey":{"counter":360,"key":"1r4jt8wiIgjeuBFcTr7XAB8xSXQ05ralMSrz1byuVOc="},"chainType":1,"messageKeys":{}}},"pendingPreKey":{"signedKeyId":2,"baseKey":"BXinjaaSpZrHIJJgYo248nvjiL0q1bAZrEmpkiEIJ+tP"}}},"version":"v1"}