{"_sessions":{"BTm6kyWBkbLRnwodhNhuFQvtFGJmda8O+q8q1mxeol9s":{"registrationId":592205321,"currentRatchet":{"ephemeralKeyPair":{"pubKey":"BfvVFXJ2ZNgXpRl1mCqXw3nsslzfrEervThf1QlyLVVN","privKey":"yGN7jeXX5GmvbGHFKEJ0cx2Hs53zppnQnff9PpADClQ="},"lastRemoteEphemeralKey":"BbAWwkDf5cIcEReV6rHpRlBzUqdSC1ilRIaRPq/Atf8A","previousCounter":0,"rootKey":"2FFiCvQUAfDwt74RD0evGGevg+Xx77nGibpfPUFisG0="},"indexInfo":{"baseKey":"BTm6kyWBkbLRnwodhNhuFQvtFGJmda8O+q8q1mxeol9s","baseKeyType":1,"closed":-1,"used":1682619373872,"created":1682619373872,"remoteIdentityKey":"BQvDm6Ez6PC4taoxwJjve0xxg9BoTj/kZl/8edSL4KUa"},"_chains":{"BfvVFXJ2ZNgXpRl1mCqXw3nsslzfrEervThf1QlyLVVN":{"chainKey":{"counter":3,"key":"N13a7SWrrpjapubr8/L6tB0WtACv2Xzi2EiIH2P6xRw="},"chainType":1,"messageKeys":{}}},"pendingPreKey":{"signedKeyId":20,"baseKey":"BTm6kyWBkbLRnwodhNhuFQvtFGJmda8O+q8q1mxeol9s","preKeyId":10859088}}},"version":"v1"}