{"_sessions":{"BduF+2YxKXyst86Hgl5ltn1dOU/k6e8z9K7MZcZO/P8S":{"registrationId":1801359116,"currentRatchet":{"ephemeralKeyPair":{"pubKey":"BRVzMJUMSIhz5wiVN3LoMtztLHvlgo7bFshAoi6KeOwO","privKey":"wBRjEddp0QM8xRr+lMO1kU/yDuGDiaOId+7AK51Es1g="},"lastRemoteEphemeralKey":"BZiSW9zN6RsnZdDHYNCQtY4Ytd+zK+a4CDb39+x5P6FX","previousCounter":240,"rootKey":"/R6m3lCP7d6sfXqlexQXWyY1JQHpC2cUp/+y4uLK2+M="},"indexInfo":{"baseKey":"BduF+2YxKXyst86Hgl5ltn1dOU/k6e8z9K7MZcZO/P8S","baseKeyType":1,"closed":-1,"used":1682639989910,"created":1682603061312,"remoteIdentityKey":"Ba7O5gw+ljXNKswkeVu10VRo2p83xI+2QpJE3dkF/mAl"},"_chains":{"BZiSW9zN6RsnZdDHYNCQtY4Ytd+zK+a4CDb39+x5P6FX":{"chainKey":{"counter":0,"key":"fEoFd65G3dUS1AveT0MaWWdoS9gutOds6vPP3xknpQM="},"chainType":2,"messageKeys":{}},"BRVzMJUMSIhz5wiVN3LoMtztLHvlgo7bFshAoi6KeOwO":{"chainKey":{"counter":119,"key":"Hb5f+rZe7dpQIza/KzvxYwXA8jTELZImws++Y8r/NXk="},"chainType":1,"messageKeys":{}}}}},"version":"v1"}