{"_sessions":{"BZ/r542kdGvTagXR3ucRkwbuXeDuKHRjMI5T00bXuE1I":{"registrationId":1066978908,"currentRatchet":{"ephemeralKeyPair":{"pubKey":"BelaSjSobjs85TY7zOiAfr9bcQcJBeU4VdsD/hB5epVz","privKey":"+CJgO2DB+BZCtWBkySlSVdujsl9OO2vgBE/mMSkFQn4="},"lastRemoteEphemeralKey":"BeWNVEACJtyM7kbhvjWK1zKMtHg0K2waQ/mT03CBnVdj","previousCounter":0,"rootKey":"aBO734TSK2Wl9hiyUcOFt/WU8282WiNW8v018/Jye4w="},"indexInfo":{"baseKey":"BZ/r542kdGvTagXR3ucRkwbuXeDuKHRjMI5T00bXuE1I","baseKeyType":1,"closed":-1,"used":1682603060802,"created":1682603060802,"remoteIdentityKey":"BdNTePNGisj0Vs4YIQmzuF71RbympHD61IZQt6DsJKMB"},"_chains":{"BelaSjSobjs85TY7zOiAfr9bcQcJBeU4VdsD/hB5epVz":{"chainKey":{"counter":360,"key":"G/b05ZNcPJYX/Nm8p/vqf/yejUi+l7/4QLBxC5/cTmA="},"chainType":1,"messageKeys":{}}},"pendingPreKey":{"signedKeyId":0,"baseKey":"BZ/r542kdGvTagXR3ucRkwbuXeDuKHRjMI5T00bXuE1I","preKeyId":22795}}},"version":"v1"}