{"_sessions":{"Ba4mDObxnxN13jfWc0Zp0/3ewE2DAsPXbSmNgeZqZ0sg":{"registrationId":576019655,"currentRatchet":{"ephemeralKeyPair":{"pubKey":"BdKYvmSkJiG5b7iB09ggA9kX06R3uIR8ISceziQbYgRV","privKey":"CG4NJEt4hhL/p9+Kc3GSSUltGYz5J2YWXRRB7ZgINlo="},"lastRemoteEphemeralKey":"BY4+4XJldAk5QcKiarKDwnEdboh2CMBAx6SgBPlSkd0x","previousCounter":0,"rootKey":"3tjeBEMZLNcYlNn0b3MzPsLUOijwx+GR1FZEeZDgOtQ="},"indexInfo":{"baseKey":"Ba4mDObxnxN13jfWc0Zp0/3ewE2DAsPXbSmNgeZqZ0sg","baseKeyType":1,"closed":-1,"used":1682603061227,"created":1682603061227,"remoteIdentityKey":"BW84DKfYU9PwvyVN/G1Hi0UYvHE+/lZNwciJVaY8rGN7"},"_chains":{"BdKYvmSkJiG5b7iB09ggA9kX06R3uIR8ISceziQbYgRV":{"chainKey":{"counter":360,"key":"9y1h3BJsyKyh0qV9hor7s7UAzTtGuyVVtrOqaHzXEv8="},"chainType":1,"messageKeys":{}}},"pendingPreKey":{"signedKeyId":2,"baseKey":"Ba4mDObxnxN13jfWc0Zp0/3ewE2DAsPXbSmNgeZqZ0sg","preKeyId":12510477}}},"version":"v1"}