{"_sessions":{"Bes7Z0+Q2alszX+hLRlzv37RqxUramlvP+UHQULJ70wm":{"registrationId":555356452,"currentRatchet":{"ephemeralKeyPair":{"pubKey":"BSrh6DI9PjtGdya/7rBxuGtoWrvTIiL0NlE0QP+gp1lS","privKey":"+JllSdZLKqJqbWZkKFUGELn25t6R/yvemltVoOBnP2Q="},"lastRemoteEphemeralKey":"BfGLdwmGkYr8bpYxlsNkJxE5f31ANBRDG3TDNXeZ/9pS","previousCounter":0,"rootKey":"xnoRrcWYJcbzowU9ec3PAzdIf8UMnH5bxT+4Vf95+BM="},"indexInfo":{"baseKey":"Bes7Z0+Q2alszX+hLRlzv37RqxUramlvP+UHQULJ70wm","baseKeyType":1,"closed":-1,"used":1682619373897,"created":1682619373897,"remoteIdentityKey":"BXLNRTjBqNQQXvBY8qpG5JkAkrEos0eDWtzpdfYjGyEl"},"_chains":{"BSrh6DI9PjtGdya/7rBxuGtoWrvTIiL0NlE0QP+gp1lS":{"chainKey":{"counter":3,"key":"D3aWsEFqWk2Zz2NccRI9KCSPpGrWtlTHggQAd06t8Yo="},"chainType":1,"messageKeys":{}}},"pendingPreKey":{"signedKeyId":7,"baseKey":"Bes7Z0+Q2alszX+hLRlzv37RqxUramlvP+UHQULJ70wm"}}},"version":"v1"}