{"_sessions":{"BSqGqtznkQMWEVd2RQ/ICHpZV4Xa0n1tEHsm/MtvGQcv":{"registrationId":1754102993,"currentRatchet":{"ephemeralKeyPair":{"pubKey":"BX5pOeEKIvCEoUQ++0hXRh4yQpPX1oIvIOWfnQ6S2544","privKey":"iFVdh+sQPc/gXARZe+IZ8SOGzs6yMkcw1rnC9Omw4E4="},"lastRemoteEphemeralKey":"BQ4k7TyC6q1LBA8hJj0Muk1dapg3r5g4XoI6hV5mnNdn","previousCounter":0,"rootKey":"/RTY+SLQJL7qg/FpwMRC3AM3VKHre/XdKaijRMs8mVg="},"indexInfo":{"baseKey":"BSqGqtznkQMWEVd2RQ/ICHpZV4Xa0n1tEHsm/MtvGQcv","baseKeyType":1,"closed":-1,"used":1682619373963,"created":1682619373963,"remoteIdentityKey":"BTGxpCE5Ifx3Ea+o8sHrtvMSMyjsyljmyp+JjZL/7Sg1"},"_chains":{"BX5pOeEKIvCEoUQ++0hXRh4yQpPX1oIvIOWfnQ6S2544":{"chainKey":{"counter":3,"key":"J4JrF5NMq4lONTIml9gscYkzLvE3SKi17LUk57erSlg="},"chainType":1,"messageKeys":{}}},"pendingPreKey":{"signedKeyId":2,"baseKey":"BSqGqtznkQMWEVd2RQ/ICHpZV4Xa0n1tEHsm/MtvGQcv","preKeyId":14002382}}},"version":"v1"}