{"_sessions":{"BXuG+GaIJI3QlDD/PuFGcLYq0oXMuk8di8JxEGGuBYRa":{"registrationId":202497277,"currentRatchet":{"ephemeralKeyPair":{"pubKey":"BTLNNRZwlu+55wr3jaP3rkcF/CF5akUvKDjgzi84WkdF","privKey":"WAXABOf++Kwf+ZxG+HnU/7eyRAhVPFot4r9gxSsacHY="},"lastRemoteEphemeralKey":"BUumx0b9M/wrgDtp2vIfqhFcNBdASxr4Ft14D1vkdicf","previousCounter":0,"rootKey":"3rhumV3gbU7hfpLFZhRfRO396IlAB/SWtLENye/PhYo="},"indexInfo":{"baseKey":"BXuG+GaIJI3QlDD/PuFGcLYq0oXMuk8di8JxEGGuBYRa","baseKeyType":1,"closed":-1,"used":1682619373924,"created":1682619373924,"remoteIdentityKey":"BR/tojUXgxbTa7/Zpxla8HiX0JBaYOX7YRiSCWD0II42"},"_chains":{"BTLNNRZwlu+55wr3jaP3rkcF/CF5akUvKDjgzi84WkdF":{"chainKey":{"counter":3,"key":"551b2AwjiuBsP9E8Nmf7Ie4gLjHLFTUa/RYhKUtvYmI="},"chainType":1,"messageKeys":{}}},"pendingPreKey":{"signedKeyId":4,"baseKey":"BXuG+GaIJI3QlDD/PuFGcLYq0oXMuk8di8JxEGGuBYRa","preKeyId":14210175}}},"version":"v1"}