{"_sessions":{"BRs8P0+qK8IMewDgridalj3JBESRGD8xywuI6y6DwT4y":{"registrationId":1737762257,"currentRatchet":{"ephemeralKeyPair":{"pubKey":"BdblpoWIG4dHJGEkJQA2YU065AGrjMs6aw83jS87Jdg9","privKey":"II4IyYOw9eRmEUCuGf8w3/dSiy6JEdbusplS/J3TrHE="},"lastRemoteEphemeralKey":"BV1djJUsH2VoGn5Of0IQp36L+7oCXwJF4a7sJoQKsUUL","previousCounter":0,"rootKey":"9e/AwwPEikzWb3yVU9Znd/1R/OvGmrZExwzsKRmeTwU="},"indexInfo":{"baseKey":"BRs8P0+qK8IMewDgridalj3JBESRGD8xywuI6y6DwT4y","baseKeyType":1,"closed":-1,"used":1682619374171,"created":1682619374171,"remoteIdentityKey":"BUy7t8SJZcm7vvw+4H4EwqmG1naMfS/3WVXQC/HmGTgW"},"_chains":{"BdblpoWIG4dHJGEkJQA2YU065AGrjMs6aw83jS87Jdg9":{"chainKey":{"counter":3,"key":"IU33gJuRlKpCsXqrE+JjU51IOyPJc4hpZRHHK6E+j6M="},"chainType":1,"messageKeys":{}}},"pendingPreKey":{"signedKeyId":1,"baseKey":"BRs8P0+qK8IMewDgridalj3JBESRGD8xywuI6y6DwT4y","preKeyId":15102967}}},"version":"v1"}