{"_sessions":{"BUGIZqp7Epg3YpayCy32MAjpf07pS0l+rCLV3m2rbRQd":{"registrationId":85279814,"currentRatchet":{"ephemeralKeyPair":{"pubKey":"BflFXq8HMCyYBGR0vJAIlnaNXx2Gb3HCUyHsJ/9BEbo5","privKey":"IChozoplKIBHmtGStVLwoNFI5GEJka60ARVtpVD3mGY="},"lastRemoteEphemeralKey":"BX9MG7Kv3ASSmN0Yz/3tIUj7KN/+FHrcapVSsQMgyys9","previousCounter":359,"rootKey":"YucUcq7lg1LGu9CqBEDD6Zaytv2Mf5pS5nKC/wVR+Ow="},"indexInfo":{"baseKey":"BUGIZqp7Epg3YpayCy32MAjpf07pS0l+rCLV3m2rbRQd","baseKeyType":1,"closed":-1,"used":1682644025610,"created":1682603061371,"remoteIdentityKey":"BdaNEXf2lXBNBGO6BpFdEDGO7nX6YpUyMs7ZeiuCNb1O"},"_chains":{"BX9MG7Kv3ASSmN0Yz/3tIUj7KN/+FHrcapVSsQMgyys9":{"chainKey":{"counter":0,"key":"epna8xvArwWcyN6WN2I7tfkGUvU/1c+8y3lXPRTnjdI="},"chainType":2,"messageKeys":{}},"BflFXq8HMCyYBGR0vJAIlnaNXx2Gb3HCUyHsJ/9BEbo5":{"chainKey":{"counter":0,"key":"BZrnr9hpjIDBe8yIKIzP1fjHGkBJZT/laggiHyGddPc="},"chainType":1,"messageKeys":{}}}}},"version":"v1"}