{"_sessions":{"BWnyIEKyK6JS6PzNCC6aDtPvpXV6/k5GnzrtCviJqp1b":{"registrationId":1313150835,"currentRatchet":{"ephemeralKeyPair":{"pubKey":"BYB3Pz7LKDNk5xcurc5wYKQkcwUWGQmfyAAxmNmejxAy","privKey":"2CHrv4N9Lu88xwJVbU0LI4Pq6nmxy2PuG3sRCaWvHmo="},"lastRemoteEphemeralKey":"BVdfmh99NKkRTQbIMGunSdQbbQ4TkZtoG6jfN0cRsaRx","previousCounter":0,"rootKey":"nOQMK7cpfpdTcEM7ET6v+jVHq8c9KEjOknQrUQP4Hbc="},"indexInfo":{"baseKey":"BWnyIEKyK6JS6PzNCC6aDtPvpXV6/k5GnzrtCviJqp1b","baseKeyType":1,"closed":-1,"used":1682619374028,"created":1682619374028,"remoteIdentityKey":"BWxIYLECcH88Sp++eBVMvz/xa0MT2UX6/m94dZ5ia6RJ"},"_chains":{"BYB3Pz7LKDNk5xcurc5wYKQkcwUWGQmfyAAxmNmejxAy":{"chainKey":{"counter":3,"key":"qxCwhgDypV4RSgS9QmZoeLrrlrL82Ua4IaiT9H2zYNs="},"chainType":1,"messageKeys":{}}},"pendingPreKey":{"signedKeyId":0,"baseKey":"BWnyIEKyK6JS6PzNCC6aDtPvpXV6/k5GnzrtCviJqp1b","preKeyId":941750}}},"version":"v1"}