{"_sessions":{"BSnxhn1sZEX5fcWJHl1jctn/lSDQpA2IvMIR80Lksdgb":{"registrationId":1862073271,"currentRatchet":{"ephemeralKeyPair":{"pubKey":"Bcc87khGs3F7+r/qj6p+IUJLGmJ5uDNZEHBxXUoyeQFG","privKey":"+Ky56HrrmD+VPTxaqSbdcMyU92riPSqeROFN+z53kXA="},"lastRemoteEphemeralKey":"Baf3TOfIdOpirD1bdaK400xFlou6XkG1aVP0dQU3JuZ2","previousCounter":0,"rootKey":"AFBTg9v1i4ECVTUqSE2bitEdydu7ZlKD5J15YDwG6kY="},"indexInfo":{"baseKey":"BSnxhn1sZEX5fcWJHl1jctn/lSDQpA2IvMIR80Lksdgb","baseKeyType":1,"closed":-1,"used":1682619374064,"created":1682619374064,"remoteIdentityKey":"BVUwnHNgaDWXcFNxhIpFxV4LepFxMo6oSgpGIoMgp6gh"},"_chains":{"Bcc87khGs3F7+r/qj6p+IUJLGmJ5uDNZEHBxXUoyeQFG":{"chainKey":{"counter":3,"key":"i0qmxO8nIb3s7NzEUUHbexkzUCtENYH3qEtS6ZmGsJ0="},"chainType":1,"messageKeys":{}}},"pendingPreKey":{"signedKeyId":0,"baseKey":"BSnxhn1sZEX5fcWJHl1jctn/lSDQpA2IvMIR80Lksdgb","preKeyId":16580939}}},"version":"v1"}