{"_sessions":{"BVqrzMc+IdjHlS29BoIrrKoNrxuaScNA7WZtwfOwsRko":{"registrationId":2103987195,"currentRatchet":{"ephemeralKeyPair":{"pubKey":"BVGHaUe6pIEzrMrel2VTdusYNlrMraxwMV5nUwveShka","privKey":"uN443bhgCadMDa8wYj9vrhZTMj0D9FD2u+UrrA9HGX8="},"lastRemoteEphemeralKey":"BXl+RBiAw3uYQe1r1X2aAwDr1FgJIlxO49QnUNGbpccB","previousCounter":0,"rootKey":"O7Mt11BVmPYZknNOSM24MKt9/j4xhPVDvZdZy/55u0U="},"indexInfo":{"baseKey":"BVqrzMc+IdjHlS29BoIrrKoNrxuaScNA7WZtwfOwsRko","baseKeyType":1,"closed":-1,"used":1682619373983,"created":1682619373983,"remoteIdentityKey":"BWNnuwPNbhRPNApW0HmuTIT5jQjn3Cih6uARwNgZ/DZl"},"_chains":{"BVGHaUe6pIEzrMrel2VTdusYNlrMraxwMV5nUwveShka":{"chainKey":{"counter":3,"key":"U0JfXZDPEmha9zzJu3zDPgl+sapyDx0QilLcOuuc9l4="},"chainType":1,"messageKeys":{}}},"pendingPreKey":{"signedKeyId":5,"baseKey":"BVqrzMc+IdjHlS29BoIrrKoNrxuaScNA7WZtwfOwsRko","preKeyId":16607094}}},"version":"v1"}