{"_sessions":{"BY7ZcmYglovC9nEyx+uXpG1ciioMBgsDdyUSahrafiYr":{"registrationId":2100243512,"currentRatchet":{"ephemeralKeyPair":{"pubKey":"BZx2OmXDQZjAY/aX2Xlyfuj+JC7ueGZonQoscbp7r8xC","privKey":"2OcgirTE4WYWcXwRepu5PCPUsNCbiHCVGaL/jZsQfkA="},"lastRemoteEphemeralKey":"BccgPmUHge7i2gUDKaCwq9DyalAMHxio0jQZk9knNDEU","previousCounter":0,"rootKey":"pfj/b1GYhYdJXx50aL8aBpqfMaxEZk2R/iS7l1WJtNA="},"indexInfo":{"baseKey":"BY7ZcmYglovC9nEyx+uXpG1ciioMBgsDdyUSahrafiYr","baseKeyType":1,"closed":-1,"used":1682619373935,"created":1682619373935,"remoteIdentityKey":"BXwp6fAuZHyhWwiOg8KKdJdkmwUq1ZLAhm4rGMhauAo5"},"_chains":{"BZx2OmXDQZjAY/aX2Xlyfuj+JC7ueGZonQoscbp7r8xC":{"chainKey":{"counter":3,"key":"MZREYaiiInUcocPt7iEuELU9ckkDoKwUtRYqmBm5YoU="},"chainType":1,"messageKeys":{}}},"pendingPreKey":{"signedKeyId":17,"baseKey":"BY7ZcmYglovC9nEyx+uXpG1ciioMBgsDdyUSahrafiYr","preKeyId":1777061}}},"version":"v1"}