{"_sessions":{"BfLK8ZujfpNCoshXN8nwXt0dgR2LnBe7Iq35codRhAsA":{"registrationId":1128727201,"currentRatchet":{"ephemeralKeyPair":{"pubKey":"BRVOQKAWRaBhqwH15k5J6/wfZjCjU1xxSd0cDtbZnkRU","privKey":"WOfynq2tWhSDlD4YyuaDyrU7eOIfxe3hNH/cQkUTGV0="},"lastRemoteEphemeralKey":"BZ5fHaiearNHgoGQvFrNvAyYT0owsTzSdjhHpqaJraZr","previousCounter":0,"rootKey":"uwayErESuOD7nuahv3TTB8w1njIy7o3RRHqZE0QzxQw="},"indexInfo":{"baseKey":"BfLK8ZujfpNCoshXN8nwXt0dgR2LnBe7Iq35codRhAsA","baseKeyType":1,"closed":-1,"used":1682619374115,"created":1682619374115,"remoteIdentityKey":"BblzKHPX1je2cdwDFCLGGAr1gs+lWCOzho2dOC8pZwET"},"_chains":{"BRVOQKAWRaBhqwH15k5J6/wfZjCjU1xxSd0cDtbZnkRU":{"chainKey":{"counter":3,"key":"E2B4pvzP0XZX+tTXVcFZvAywaj99Z6C8CkEcZulJS9c="},"chainType":1,"messageKeys":{}}},"pendingPreKey":{"signedKeyId":0,"baseKey":"BfLK8ZujfpNCoshXN8nwXt0dgR2LnBe7Iq35codRhAsA","preKeyId":13305485}}},"version":"v1"}