{"_sessions":{"Bejbf0FjslWsSn+6mMGZM5JpQBOiPW9XtwYdx68OXV1E":{"registrationId":189242323,"currentRatchet":{"ephemeralKeyPair":{"pubKey":"BXpx6LyeqL5Z2l/waOjZ75+MGUiTpMarh0NHLtTqHYBZ","privKey":"yJdknzo1MZCZ0K0z/ltsm6v4BWxK2p55WbpjmCRLakc="},"lastRemoteEphemeralKey":"BTDx48vJhFHwFvxPUKRmbcKk299LBnao0tdwpWdwsu1b","previousCounter":124,"rootKey":"esKQhzRc2cbUeAmfbpWFo9HxubSDVPDOyeeNhxozSzs="},"indexInfo":{"baseKey":"Bejbf0FjslWsSn+6mMGZM5JpQBOiPW9XtwYdx68OXV1E","baseKeyType":1,"closed":-1,"used":1682636262202,"created":1682603060986,"remoteIdentityKey":"BfFmJu0+zivEq6tRzBda5v/keBHE8SzGqZyB8VIUn3EZ"},"_chains":{"BTDx48vJhFHwFvxPUKRmbcKk299LBnao0tdwpWdwsu1b":{"chainKey":{"counter":0,"key":"odVEQQaeas5IurLYxHa0MU/06S8lP2Zbzaviy0QHbyQ="},"chainType":2,"messageKeys":{}},"BXpx6LyeqL5Z2l/waOjZ75+MGUiTpMarh0NHLtTqHYBZ":{"chainKey":{"counter":235,"key":"9tMAOvtjzZNuWh0qWRhq35ob3td7fN5OfCV7z+O/Sx8="},"chainType":1,"messageKeys":{}}}}},"version":"v1"}