{"_sessions":{"BR8MDBPelbuGTWfIe3xrWU1aewqF6rBqyMcvBw1IB48i":{"registrationId":1506148343,"currentRatchet":{"ephemeralKeyPair":{"pubKey":"BSTCj9wdm1SEGQUP76yGh8JIDsGjOzOlJfxnNzw3989V","privKey":"yEvOQbJx7sDyPgxL6riiezYkqrkZzsZh7xgKGaBLYnM="},"lastRemoteEphemeralKey":"BacRuksaCeT2q0d0PJAkydZARkeLw+GjdcY6EyQsMdYH","previousCounter":0,"rootKey":"i+aBB5Tj8GsO9jh+7k3VrNKgrZ+2Uv7HPo57g96VP1w="},"indexInfo":{"baseKey":"BR8MDBPelbuGTWfIe3xrWU1aewqF6rBqyMcvBw1IB48i","baseKeyType":1,"closed":-1,"used":1682619373974,"created":1682619373974,"remoteIdentityKey":"BYIe/aW4v/+QEMvf3VXypwYPDo3QYNRlhRdq0MN64hsL"},"_chains":{"BSTCj9wdm1SEGQUP76yGh8JIDsGjOzOlJfxnNzw3989V":{"chainKey":{"counter":3,"key":"V/HL9BeQxV9bWuQCOL9Yyf6d4IrVesG1NEMfYOs30Mo="},"chainType":1,"messageKeys":{}}},"pendingPreKey":{"signedKeyId":0,"baseKey":"BR8MDBPelbuGTWfIe3xrWU1aewqF6rBqyMcvBw1IB48i","preKeyId":1151818}}},"version":"v1"}