{"_sessions":{"Be4S49khJGDAxcDLZlJKBjcU9GEam+K6TA8pYApjz5ML":{"registrationId":85679276,"currentRatchet":{"ephemeralKeyPair":{"pubKey":"BeZpL7LsPOGJHG7Fv/0F/Ea3q9kKsw8qHJkB8XdCdRsf","privKey":"ALGl2WLX2d+sISQCOxrMtUr3Gc7UCbR+nZ20IRG4+mk="},"lastRemoteEphemeralKey":"BVWiFt28OwvQMZIfvcMsPG0cyGdJmb56Fn5jsE3Xmg4p","previousCounter":0,"rootKey":"MpfZaR8MSqa6dptHYpEpAl5dK8OopnifceGqLdbe7xw="},"indexInfo":{"baseKey":"Be4S49khJGDAxcDLZlJKBjcU9GEam+K6TA8pYApjz5ML","baseKeyType":1,"closed":-1,"used":1682619373882,"created":1682619373882,"remoteIdentityKey":"BdxYFPIMLkl8q4SdG3FU8uX7pKn6iQRAHqvOkhVsPjBj"},"_chains":{"BeZpL7LsPOGJHG7Fv/0F/Ea3q9kKsw8qHJkB8XdCdRsf":{"chainKey":{"counter":3,"key":"vbXZeVEAr2p8THgLaIPdf6Q2BEaMO6aoEARAPtv9ERY="},"chainType":1,"messageKeys":{}}},"pendingPreKey":{"signedKeyId":1,"baseKey":"Be4S49khJGDAxcDLZlJKBjcU9GEam+K6TA8pYApjz5ML"}}},"version":"v1"}