{"_sessions":{"BfyXG7EVA12DeyPVAFZG6NccE4tY1J16aY0ejL+wLIsz":{"registrationId":1446234101,"currentRatchet":{"ephemeralKeyPair":{"pubKey":"BZJf0hV5jIjtY0pgxz6mCXvuRXvHBSfjGtreBKHipRJu","privKey":"EFKadbgjQNxO8HOCiwTBWdXdqkXZmMrEe1JwhpJyE1A="},"lastRemoteEphemeralKey":"BUa9+N+NhcvxIhfJmQWSWYoFbstVcvU8a4u5bsPgdRM4","previousCounter":0,"rootKey":"m9YSe+1UaU7J3Z89TgEu2CNmFlmWZXOlDPnkr/X8t08="},"indexInfo":{"baseKey":"BfyXG7EVA12DeyPVAFZG6NccE4tY1J16aY0ejL+wLIsz","baseKeyType":1,"closed":-1,"used":1682603060977,"created":1682603060977,"remoteIdentityKey":"Bc1LpDpv6KDSHP4T2Iu29KWc4MmfUHvCq/6VIlgou5Ia"},"_chains":{"BZJf0hV5jIjtY0pgxz6mCXvuRXvHBSfjGtreBKHipRJu":{"chainKey":{"counter":360,"key":"OLHa/qxUmiXPvRxYc1Pm0iMMjP5D/+KyAAHcusb12Pw="},"chainType":1,"messageKeys":{}}},"pendingPreKey":{"signedKeyId":21,"baseKey":"BfyXG7EVA12DeyPVAFZG6NccE4tY1J16aY0ejL+wLIsz","preKeyId":7545299}}},"version":"v1"}