{"_sessions":{"BQXApCFOVJYJVSMh86W7qf1WiVAP0BY8Dft+rPZoEo51":{"registrationId":2147175944,"currentRatchet":{"ephemeralKeyPair":{"pubKey":"BcGM5/En9f6YMZYbJ/gkYuS5wfqyp3ij3X9MCNjMBJhT","privKey":"iAlpE6Z+yVQKCOgHz8htaQ7HC+sKelLFr9AwCSNJU30="},"lastRemoteEphemeralKey":"BZg6J0F1OOOB5hqa/NhMukNhvcdeKrlymBv1xa5X+MQl","previousCounter":0,"rootKey":"gGQgVvWdwhSSUQ7jEo2DJBhcEAlh37ydZfcQyv/9qQg="},"indexInfo":{"baseKey":"BQXApCFOVJYJVSMh86W7qf1WiVAP0BY8Dft+rPZoEo51","baseKeyType":1,"closed":-1,"used":1682619373971,"created":1682619373971,"remoteIdentityKey":"BdcoU+PLvMqa7gte/e51j9fErqNAWmAQ5EUjxAZfFBct"},"_chains":{"BcGM5/En9f6YMZYbJ/gkYuS5wfqyp3ij3X9MCNjMBJhT":{"chainKey":{"counter":3,"key":"H6DQgDp/47mCDAxCgJmBsZ+Ua9YzJ9sLQuKAnjVgGyg="},"chainType":1,"messageKeys":{}}},"pendingPreKey":{"signedKeyId":2,"baseKey":"BQXApCFOVJYJVSMh86W7qf1WiVAP0BY8Dft+rPZoEo51","preKeyId":14770786}}},"version":"v1"}