{"_sessions":{"BWUCt3Ciq0inX0ojy2gOHHjkmJwZkiWJHN3c5mSx9qMf":{"registrationId":499112530,"currentRatchet":{"ephemeralKeyPair":{"pubKey":"BdxLfBeYUaxYqccvM+z7NHPp4CDIb4Nx31xKbfjo5FBk","privKey":"yLw33IIxf8bFd6V5E/0TSg/lvidT6dMkKztsc0y6RHA="},"lastRemoteEphemeralKey":"BdmtjvTuCLS6ElkkK3aHLPZmLVsDBskQNIPwjYmhe1km","previousCounter":0,"rootKey":"QH+MhZFfdp3F7olSZRO7UkbhDdCy2+0oDhvLtb+GtIA="},"indexInfo":{"baseKey":"BWUCt3Ciq0inX0ojy2gOHHjkmJwZkiWJHN3c5mSx9qMf","baseKeyType":1,"closed":-1,"used":1682619374105,"created":1682619374105,"remoteIdentityKey":"BdigNLgfzTUvhLrN7Y0r/hj+6mC0fb+qBYFEQbAySQtY"},"_chains":{"BdxLfBeYUaxYqccvM+z7NHPp4CDIb4Nx31xKbfjo5FBk":{"chainKey":{"counter":3,"key":"IAsXrGDbMow0HfT8mu73PUlKB5emRg2BB3pG0TLU4ks="},"chainType":1,"messageKeys":{}}},"pendingPreKey":{"signedKeyId":13,"baseKey":"BWUCt3Ciq0inX0ojy2gOHHjkmJwZkiWJHN3c5mSx9qMf","preKeyId":16515085}}},"version":"v1"}