{"_sessions":{"BTjn8cgi5nCmCCDntzzY8WUsSGmNlk0s47H3gWNqpSVm":{"registrationId":449227811,"currentRatchet":{"ephemeralKeyPair":{"pubKey":"BQGsYUvfyNr35MExEyCbbvqjhJcv7EqI+NEBASJCPq5r","privKey":"wPrSOYWCQVxO1sq4HIolsUQ5u206lCu5UndnpYVpSn8="},"lastRemoteEphemeralKey":"Bcmu1QVtJp59G/ncZmNimGm/XR3G25ZU49Py2HizeT0I","previousCounter":0,"rootKey":"n3WhMAXtLv/1zbnWKGSzs1LKifjha8BWKq0mC0taxuA="},"indexInfo":{"baseKey":"BTjn8cgi5nCmCCDntzzY8WUsSGmNlk0s47H3gWNqpSVm","baseKeyType":1,"closed":-1,"used":1682603061355,"created":1682603061355,"remoteIdentityKey":"BWBxHXmzpKlLjsFGpLJhuxEJijx2gBllTsHVQRMgYzo1"},"_chains":{"BQGsYUvfyNr35MExEyCbbvqjhJcv7EqI+NEBASJCPq5r":{"chainKey":{"counter":360,"key":"RWLH6u0EUBhxD1AJhT2lc3GHspJq1Se1O4SUqnA1XGo="},"chainType":1,"messageKeys":{}}},"pendingPreKey":{"signedKeyId":1,"baseKey":"BTjn8cgi5nCmCCDntzzY8WUsSGmNlk0s47H3gWNqpSVm"}}},"version":"v1"}