{"_sessions":{"BYrrDlodHOuhcYRxHu0jJ5XgAq9S+cxnUDDO9IxUF2Ms":{"registrationId":1964,"currentRatchet":{"ephemeralKeyPair":{"pubKey":"Bf/gvmLGFSne/0b6TaezKkwG0Uce+q2wWLag61Pzv7Ua","privKey":"KMp7TvdZZpz/SrP3dLZ/ZRs8y1LEEN8soSI2rJtUiFQ="},"lastRemoteEphemeralKey":"BWndQ8DkpdMFY7nR/uvvjGPraTWqA1/ENynld78yzVw2","previousCounter":0,"rootKey":"Vs82GS0aK7EXSwjNrcCCkHhAiXYYumVokpsRjn9vf/o="},"indexInfo":{"baseKey":"BYrrDlodHOuhcYRxHu0jJ5XgAq9S+cxnUDDO9IxUF2Ms","baseKeyType":1,"closed":-1,"used":1682619373767,"created":1682619373767,"remoteIdentityKey":"BUBt7jBRf+D39A2//6wq6UzWZVLxyQ4Ev/sbW/8gko4f"},"_chains":{"Bf/gvmLGFSne/0b6TaezKkwG0Uce+q2wWLag61Pzv7Ua":{"chainKey":{"counter":3,"key":"pwvbsuQotbLqjaCuY0W/TY53lrt98xzTL6kSnyMR6f4="},"chainType":1,"messageKeys":{}}},"pendingPreKey":{"signedKeyId":1,"baseKey":"BYrrDlodHOuhcYRxHu0jJ5XgAq9S+cxnUDDO9IxUF2Ms"}}},"version":"v1"}