{"_sessions":{"BcAwUzyHmVHBhOFKEs3synV25JsyWt8NFT6y8t19Ihkf":{"registrationId":2022895713,"currentRatchet":{"ephemeralKeyPair":{"pubKey":"BV9xFjoN76QqfEJiy5BYgRUs7mA2qMo7H5QJVsurR6l6","privKey":"+Jyu0qqMAe+wDe0rthAUr8nChCCpc8Wyfpun/NyF82Y="},"lastRemoteEphemeralKey":"BZIHNmfF1Y9cTqJR59MDLcLV7r/BUNUczM9n59WHB0sx","previousCounter":0,"rootKey":"urpjWj4OJGadVfqdfEnrmIx5/ITiP/TkViBQsertw88="},"indexInfo":{"baseKey":"BcAwUzyHmVHBhOFKEs3synV25JsyWt8NFT6y8t19Ihkf","baseKeyType":1,"closed":-1,"used":1682619374086,"created":1682619374086,"remoteIdentityKey":"Ba3P0+qO55Hj2vSNU/RMwglkOqHiBh1vjIxDPSBdv9gs"},"_chains":{"BV9xFjoN76QqfEJiy5BYgRUs7mA2qMo7H5QJVsurR6l6":{"chainKey":{"counter":3,"key":"3mWaxvQ3E/rTjpWVxuqXnKdHM5UbJ30xpmjXMRFRW40="},"chainType":1,"messageKeys":{}}},"pendingPreKey":{"signedKeyId":2,"baseKey":"BcAwUzyHmVHBhOFKEs3synV25JsyWt8NFT6y8t19Ihkf"}}},"version":"v1"}