{"_sessions":{"BSiGDcHLvZbwg6NjajUd9E7v1QlsFsw39tnoQnL0OiJi":{"registrationId":948813075,"currentRatchet":{"ephemeralKeyPair":{"pubKey":"BbUG/zDgQJgPueoJuEsqifYaZEip6Ddj3fDs7LQ8TG0t","privKey":"eCrTwq8y4SaZ34QYpz2/B3gPEf082Lx2t/L+h+mxSWY="},"lastRemoteEphemeralKey":"BRk/M3NWpxN87XVCGZiOGSi8gzYONm07J+nD7zeWyiUa","previousCounter":0,"rootKey":"QxwLKQyqGJq5ldBrJFz84mpKaaNHCcxJHGm4fVrfIuo="},"indexInfo":{"baseKey":"BSiGDcHLvZbwg6NjajUd9E7v1QlsFsw39tnoQnL0OiJi","baseKeyType":1,"closed":-1,"used":1682619373988,"created":1682619373988,"remoteIdentityKey":"BdgOnh0fLfa5speladtYBADB4YkaNyaylh0Iq1vphtJq"},"_chains":{"BbUG/zDgQJgPueoJuEsqifYaZEip6Ddj3fDs7LQ8TG0t":{"chainKey":{"counter":3,"key":"ZdRxc9r2JNqIOA3d7BK643fdGRbyc8JcKE6vznBf+cM="},"chainType":1,"messageKeys":{}}},"pendingPreKey":{"signedKeyId":3,"baseKey":"BSiGDcHLvZbwg6NjajUd9E7v1QlsFsw39tnoQnL0OiJi","preKeyId":10635297}}},"version":"v1"}