{"_sessions":{"BVMAdmnMRrG0BDOnfZqAI95NxZHxRWtsPjLAxUmVlj8+":{"registrationId":458327320,"currentRatchet":{"ephemeralKeyPair":{"pubKey":"BapS20UbIhEZBx1B90Q/8tXLCDFTIdy5c6/luyCpwvNd","privKey":"QIdI/bltaSlNT03z+DEdv77XHAfIx/xqvmFwG+CPcEA="},"lastRemoteEphemeralKey":"BY0n+u8375oReBso2ib5hGblyxpSskcRaVOekuX9vUg5","previousCounter":0,"rootKey":"McsyjXiPhKY54tm8bKC6QQPUB9oIE1v776wQZzljxPQ="},"indexInfo":{"baseKey":"BVMAdmnMRrG0BDOnfZqAI95NxZHxRWtsPjLAxUmVlj8+","baseKeyType":1,"closed":-1,"used":1682619373883,"created":1682619373883,"remoteIdentityKey":"BWQNEc9xU27ZLYAbj+sifk3r4Xeyzo+LIaUznj5v3eVN"},"_chains":{"BapS20UbIhEZBx1B90Q/8tXLCDFTIdy5c6/luyCpwvNd":{"chainKey":{"counter":3,"key":"Ps0VQoB4nRJnYn0d0i6kqgnCFnkkXVBJJbjdj/11tt8="},"chainType":1,"messageKeys":{}}},"pendingPreKey":{"signedKeyId":2588979,"baseKey":"BVMAdmnMRrG0BDOnfZqAI95NxZHxRWtsPjLAxUmVlj8+","preKeyId":57501}}},"version":"v1"}