{"_sessions":{"BSzrZ16DOOwVkajtmXwHncsB6oYwgHr+qczBo5kssQlL":{"registrationId":217,"currentRatchet":{"ephemeralKeyPair":{"pubKey":"BT8KRiCXn/Vo5cX7xEpXBchIudMra/Yza4cuGUwyr4ha","privKey":"YMlLut1ZqIgjzBwOXmPb9L03d9hV2MIJflLnpyYWeGg="},"lastRemoteEphemeralKey":"BZEb/iR/HxxPL8mnXFJYXxP1YpX6avxWDjIXKC9tmfJT","previousCounter":0,"rootKey":"AZthOmGr9lxdZiLLvXcjotH8qu1gPi0jkZwwvbesQ7I="},"indexInfo":{"baseKey":"BSzrZ16DOOwVkajtmXwHncsB6oYwgHr+qczBo5kssQlL","baseKeyType":1,"closed":-1,"used":1682603060792,"created":1682603060792,"remoteIdentityKey":"BRcc0+nvott1M07T8xlvyRSJLt9wScw6muoL8o8+eDFn"},"_chains":{"BT8KRiCXn/Vo5cX7xEpXBchIudMra/Yza4cuGUwyr4ha":{"chainKey":{"counter":360,"key":"B3hZMNACrgGXOzQl676xSW2GcJbflKJhqF9R0LqCPPQ="},"chainType":1,"messageKeys":{}}},"pendingPreKey":{"signedKeyId":1,"baseKey":"BSzrZ16DOOwVkajtmXwHncsB6oYwgHr+qczBo5kssQlL"}}},"version":"v1"}