{"_sessions":{"Bc0iTwKQHc2MVrkwYzHhCWFLkOUc3XFgeUvqhIY9Zx0j":{"registrationId":3055,"currentRatchet":{"ephemeralKeyPair":{"pubKey":"BQnTG6VuJ1A5JZaLyYXoNUBLPdKR9oouB9Fz+TPrl3cd","privKey":"kIhplSzXDS5ozTZD1A3BcgHNKMGsKdMGCA7rEWb2WXo="},"lastRemoteEphemeralKey":"BWliFBvAdqPXMCIIl90D/iZsLx6HBk1ZnqRk1YWx0V5N","previousCounter":0,"rootKey":"8fZOXaFXkxrvy/qH8ptkKO3FGiIiEslqda9YAFGBsCw="},"indexInfo":{"baseKey":"Bc0iTwKQHc2MVrkwYzHhCWFLkOUc3XFgeUvqhIY9Zx0j","baseKeyType":1,"closed":-1,"used":1682619373779,"created":1682619373779,"remoteIdentityKey":"BR8zXwGzmPt0Gx//KG3c6boJKIOaITpPKksLTCvTAEt+"},"_chains":{"BQnTG6VuJ1A5JZaLyYXoNUBLPdKR9oouB9Fz+TPrl3cd":{"chainKey":{"counter":3,"key":"chYMYYHBmOw33AVjJS29S2jqSbbYn8sRoGPa7GKeubY="},"chainType":1,"messageKeys":{}}},"pendingPreKey":{"signedKeyId":1,"baseKey":"Bc0iTwKQHc2MVrkwYzHhCWFLkOUc3XFgeUvqhIY9Zx0j"}}},"version":"v1"}