{"_sessions":{"BTD82e87E80uI1wlxDAtTYCuWpC91t/45pj9zU/K5ncy":{"registrationId":1820598372,"currentRatchet":{"ephemeralKeyPair":{"pubKey":"BUQkqpfXoEL1aWIYv0h1Sj9pif1+v4Vqrk1P4zH3DGsD","privKey":"kPzMyii6dCZDd5fVsO5nczIYe6F8//ld1sECCaPmXmk="},"lastRemoteEphemeralKey":"BQI0pE233m3S16MShu262p99llqzfq/yx5azqlethzpX","previousCounter":0,"rootKey":"eizXCdtJtnPlZ1EQdjwElla9qBt5xFNXw3Sorz5TW1I="},"indexInfo":{"baseKey":"BTD82e87E80uI1wlxDAtTYCuWpC91t/45pj9zU/K5ncy","baseKeyType":1,"closed":-1,"used":1682619373857,"created":1682619373857,"remoteIdentityKey":"BQkHvVoB7AoPP9sCp3HGe6bWaJxurjAyqv1BzIS2DQov"},"_chains":{"BUQkqpfXoEL1aWIYv0h1Sj9pif1+v4Vqrk1P4zH3DGsD":{"chainKey":{"counter":3,"key":"9yVhJypkjtTVVtStihJ6x5DRb45mdSkveSfsTSXtHyI="},"chainType":1,"messageKeys":{}}},"pendingPreKey":{"signedKeyId":5,"baseKey":"BTD82e87E80uI1wlxDAtTYCuWpC91t/45pj9zU/K5ncy","preKeyId":6075130}}},"version":"v1"}