{"_sessions":{"BXKHN9FfSoo9tmsdPoteeY7xtd1wYX7kwPH7BHxzbaFx":{"registrationId":1137984593,"currentRatchet":{"ephemeralKeyPair":{"pubKey":"Beemqwd/SuZJO6XLuKOl6ftP4RCDvhNabHfaSO1absYR","privKey":"IEOcup0EVbDIVbk762Tur+pv5YMXQaj1ncgr0F5WR0w="},"lastRemoteEphemeralKey":"Bd4vYSkHFhh5tmb9IYOyZs9A+MVRsjTGZRak3w8JFg4q","previousCounter":0,"rootKey":"KUT0jBtPwy4Zbw0UkimXhLLHNAmxv+LBZ3NiCYqCFQo="},"indexInfo":{"baseKey":"BXKHN9FfSoo9tmsdPoteeY7xtd1wYX7kwPH7BHxzbaFx","baseKeyType":1,"closed":-1,"used":1682619373855,"created":1682619373855,"remoteIdentityKey":"BTQOF+zhAX5XGlO/zyEhlrnGWYCtFYxa0LcSKe5Am6da"},"_chains":{"Beemqwd/SuZJO6XLuKOl6ftP4RCDvhNabHfaSO1absYR":{"chainKey":{"counter":3,"key":"zJ6tlNu0jbgnFuuwVKdA7XwOBlm/S2dK5T3/7dT4qK0="},"chainType":1,"messageKeys":{}}},"pendingPreKey":{"signedKeyId":3,"baseKey":"BXKHN9FfSoo9tmsdPoteeY7xtd1wYX7kwPH7BHxzbaFx","preKeyId":12364372}}},"version":"v1"}