{"_sessions":{"BfVEV/a+jnK5cRiUVTkclNxngnUYqtraw/3ttV3pPkpW":{"registrationId":478335906,"currentRatchet":{"ephemeralKeyPair":{"pubKey":"Bd6pSzR+TSe2GGWSpxxepv9fWOalW6DBqlhcLt2RfHwv","privKey":"WLTrRilL7zpBeRiVszyD9Eyrg2dpx7TGdbKjg6J3lmA="},"lastRemoteEphemeralKey":"BTeQfi1Vv5D95W/2Y5v6OkG/9YEP1m4kBoW0IFzuwuYk","previousCounter":0,"rootKey":"1IhwP3/4k8eSuXYK04oouXHhOpmmdrHfvpLLWUvC9og="},"indexInfo":{"baseKey":"BfVEV/a+jnK5cRiUVTkclNxngnUYqtraw/3ttV3pPkpW","baseKeyType":1,"closed":-1,"used":1682603060988,"created":1682603060988,"remoteIdentityKey":"BXXdj1nGzQXwJ2fFtJvDWp+uUqwgx9i4YhKKZGjUUMsu"},"_chains":{"Bd6pSzR+TSe2GGWSpxxepv9fWOalW6DBqlhcLt2RfHwv":{"chainKey":{"counter":360,"key":"EjBNdm7gelUjRblMwkdho5GMFYY4l+qGjdde/x+hxjs="},"chainType":1,"messageKeys":{}}},"pendingPreKey":{"signedKeyId":1,"baseKey":"BfVEV/a+jnK5cRiUVTkclNxngnUYqtraw/3ttV3pPkpW","preKeyId":11798550}}},"version":"v1"}