{"_sessions":{"BQ1dgNxNpvqipekw2Al7wNeDmlXQjzM4LAlNDUjjVWUe":{"registrationId":1868156548,"currentRatchet":{"ephemeralKeyPair":{"pubKey":"BdbiqBXnWtHEJ2jRXdyAjqNdBDmHSXdTtvmq9RUmw2kr","privKey":"4KueWg0awDdrUIAtjojGd8JjdcwIpD2Zbfpeb7429Uc="},"lastRemoteEphemeralKey":"BURd00pmziVKVYC29wL99aOwuBPjq0J1ELLjq0onFV0B","previousCounter":0,"rootKey":"zV+qFVE0jq9a2R6pRaMFq8FXJjLe3HJuCAJsFCssRIY="},"indexInfo":{"baseKey":"BQ1dgNxNpvqipekw2Al7wNeDmlXQjzM4LAlNDUjjVWUe","baseKeyType":1,"closed":-1,"used":1682619373950,"created":1682619373950,"remoteIdentityKey":"BcKIHf6TR//5FLWsICAvjFPGhIeKp6P+4BspLjFKP6B8"},"_chains":{"BdbiqBXnWtHEJ2jRXdyAjqNdBDmHSXdTtvmq9RUmw2kr":{"chainKey":{"counter":3,"key":"ZOoRWMx+PMYRR3P4L4gBawK1w15ToM8aQPKWBcYqgjg="},"chainType":1,"messageKeys":{}}},"pendingPreKey":{"signedKeyId":3,"baseKey":"BQ1dgNxNpvqipekw2Al7wNeDmlXQjzM4LAlNDUjjVWUe","preKeyId":3486226}}},"version":"v1"}