{"_sessions":{"BbtMHgQb0yLFyMKdWULy7BMQ0l+EknD1dZkNPdzf2CQt":{"registrationId":1178043691,"currentRatchet":{"ephemeralKeyPair":{"pubKey":"BSko35YUmGOQFKRH3FTA9QvvGv8UjLl3E6JYBlK4YklI","privKey":"qNjU7lLgkRp5RiA6sK1iBOV6RwdsC0HCPrVIZjWB5EE="},"lastRemoteEphemeralKey":"BcJ6qPXmoPuNglLn5Atu4WDAAZ9nKg2tF3BCxr/hft4j","previousCounter":0,"rootKey":"52rAIQ05D5/JJ/tQPJJfRrTmNG7TZTS0+taJwmz80wE="},"indexInfo":{"baseKey":"BbtMHgQb0yLFyMKdWULy7BMQ0l+EknD1dZkNPdzf2CQt","baseKeyType":1,"closed":-1,"used":1682619374127,"created":1682619374127,"remoteIdentityKey":"BUSNzIPf6pelro3xZN8Gvht1JMjhnaGN9a3NZUawnIMt"},"_chains":{"BSko35YUmGOQFKRH3FTA9QvvGv8UjLl3E6JYBlK4YklI":{"chainKey":{"counter":3,"key":"JJ5OEzz0Z1BD2TlHi2mZ3o3KkIraA4SukmrKbnvhB40="},"chainType":1,"messageKeys":{}}},"pendingPreKey":{"signedKeyId":2,"baseKey":"BbtMHgQb0yLFyMKdWULy7BMQ0l+EknD1dZkNPdzf2CQt","preKeyId":541788}}},"version":"v1"}