{"_sessions":{"BT7/C68UmNf7Af3kTDMTcPh3X45P4VFtbWo82IoOQtwC":{"registrationId":158951903,"currentRatchet":{"ephemeralKeyPair":{"pubKey":"Ba0ourJDeOlNbXaJJquj067Fvac48aea/EP2qqQPlTx5","privKey":"OKKlNSOb42WoFY8IdKNiTeMaDFqzJRxp0244I0nbHnc="},"lastRemoteEphemeralKey":"BXmBARFrXGZwO4QKgCvbeLc5MmvOSRIMEGDjqjNl1nY3","previousCounter":0,"rootKey":"Xq8h3n1Wcu1WzolrQ29ygDglZByhOUYup9APYqcy74E="},"indexInfo":{"baseKey":"BT7/C68UmNf7Af3kTDMTcPh3X45P4VFtbWo82IoOQtwC","baseKeyType":1,"closed":-1,"used":1682619374171,"created":1682619374171,"remoteIdentityKey":"BbqQrkHJx0pxixcPy8KtTBcFSin+HLPSjnTQVWk5EF4P"},"_chains":{"Ba0ourJDeOlNbXaJJquj067Fvac48aea/EP2qqQPlTx5":{"chainKey":{"counter":3,"key":"egptjRLEJL2ntCt7sFeNpak9xdMp3nRt0FIe3KsWhh4="},"chainType":1,"messageKeys":{}}},"pendingPreKey":{"signedKeyId":10,"baseKey":"BT7/C68UmNf7Af3kTDMTcPh3X45P4VFtbWo82IoOQtwC"}}},"version":"v1"}