{"_sessions":{"Bfl5QjSF+UhcckU90YY5LOm7+12BgumX87UFwfmrdgoy":{"registrationId":1368923804,"currentRatchet":{"ephemeralKeyPair":{"pubKey":"BWgseEffyS+JCcxIOXQgm+Iloybf+TqcP/j/QpIaZrcd","privKey":"aMHPeCUMg7s2Aq+Q1DcOTo+m4HRD7vd/5nlwXCTxjlw="},"lastRemoteEphemeralKey":"Bd58WjFQBc0NcmifayxQjvYNoR36UiBA7iLvzjghfBdE","previousCounter":0,"rootKey":"6nPaIyOEClyd7kBLlZKahiNfz1CdMpsu05YlzRbwCck="},"indexInfo":{"baseKey":"Bfl5QjSF+UhcckU90YY5LOm7+12BgumX87UFwfmrdgoy","baseKeyType":1,"closed":-1,"used":1682619374107,"created":1682619374107,"remoteIdentityKey":"BXfhSiwOlRLIiPIAF9uJtkHxvnhtAbfgmUjTqtdgShw4"},"_chains":{"BWgseEffyS+JCcxIOXQgm+Iloybf+TqcP/j/QpIaZrcd":{"chainKey":{"counter":3,"key":"isk62DTeowbRUxx+2YenwgHtH3LE20Ew3doP+YjP/ug="},"chainType":1,"messageKeys":{}}},"pendingPreKey":{"signedKeyId":1,"baseKey":"Bfl5QjSF+UhcckU90YY5LOm7+12BgumX87UFwfmrdgoy","preKeyId":6606325}}},"version":"v1"}