{"_sessions":{"BfxLox8jgQoJ0oihpSCi13lvhBiA7moDqOkQgxXG3ZcG":{"registrationId":1771005980,"currentRatchet":{"ephemeralKeyPair":{"pubKey":"BUv57Ay0y3ctfjXxEKdzhhC5/1peXF85ipafl6t5Latc","privKey":"YNn5kzr2Ha16Mnl3Lv5qbf/xVbTCAG8KjTWAk2Z8GV0="},"lastRemoteEphemeralKey":"BfH/vBoikQD9of+LraxzbJvjK3I0ExA6c7k2Irf8QP4M","previousCounter":0,"rootKey":"wFX6tOxZa7SAQdo7B/E14pk388S+LltNFWcwOMihZYk="},"indexInfo":{"baseKey":"BfxLox8jgQoJ0oihpSCi13lvhBiA7moDqOkQgxXG3ZcG","baseKeyType":1,"closed":-1,"used":1682603061373,"created":1682603061373,"remoteIdentityKey":"BUWzKwNHptVy7bI+Hu5CciPLbfAx9CBSWhd1w2HUxqRH"},"_chains":{"BUv57Ay0y3ctfjXxEKdzhhC5/1peXF85ipafl6t5Latc":{"chainKey":{"counter":360,"key":"yUhUpRiR1RjkQZiU9BPFMBMIr6qQ5wS9H/17yAsdSrk="},"chainType":1,"messageKeys":{}}},"pendingPreKey":{"signedKeyId":1,"baseKey":"BfxLox8jgQoJ0oihpSCi13lvhBiA7moDqOkQgxXG3ZcG"}}},"version":"v1"}