{"_sessions":{"Bfv+QqhMqWf6kYvynCcKyBfi0oOzNE9eG8Y4UVYETvk0":{"registrationId":206004243,"currentRatchet":{"ephemeralKeyPair":{"pubKey":"Bb3LOApffOHxXoWKpuuUr/L6mhUGZw843XIO+8oN2o5P","privKey":"KNaEKDmZrFZDWqr+yEmvLvcgsK7MdtkHPFKWyK4yt0w="},"lastRemoteEphemeralKey":"BYqvizm11YvR+wwOVZ9vDWWb928APPYFjLObgY5yOmU4","previousCounter":359,"rootKey":"tEtI+GH6glfge42+q0lnRdtVqoIpcrDU9ls63v9thgM="},"indexInfo":{"baseKey":"Bfv+QqhMqWf6kYvynCcKyBfi0oOzNE9eG8Y4UVYETvk0","baseKeyType":1,"closed":-1,"used":1682641912385,"created":1682603060962,"remoteIdentityKey":"BTrgEYuHt49cmjNkiBO8ZtByx/Yy/4pHMhfm+GIWKUBg"},"_chains":{"BYqvizm11YvR+wwOVZ9vDWWb928APPYFjLObgY5yOmU4":{"chainKey":{"counter":0,"key":"11pBoPk1MN31K28lRTB55kUxl3It8Jabj0BZknqz4Ek="},"chainType":2,"messageKeys":{}},"Bb3LOApffOHxXoWKpuuUr/L6mhUGZw843XIO+8oN2o5P":{"chainKey":{"counter":0,"key":"WVfh8ci+jwk20g4+cVrFT7SVPJREqpsPCUSY2U5ZE9M="},"chainType":1,"messageKeys":{}}}}},"version":"v1"}