{"_sessions":{"BWIS3TSitWyPgB5OHwgmHJvWM6AePh9ZdKslJUBiwFZ/":{"registrationId":2017862554,"currentRatchet":{"ephemeralKeyPair":{"pubKey":"BU2tuX6aSZmdCqfkE1igAQIpuEfz37XjGEp4sj5jh1tp","privKey":"8HDM9ADsxR8tQ6hX+vaECZmxDyvrpK3aEqZF0fMk2EQ="},"lastRemoteEphemeralKey":"BUI4OOau0jhtkS8QVnprToFdz2v0Q+X3w7/schNsWhlF","previousCounter":0,"rootKey":"/XBv4IMIH5+W0IGnu/xQ4tB0NyOI+NjQKb8GV8haPN0="},"indexInfo":{"baseKey":"BWIS3TSitWyPgB5OHwgmHJvWM6AePh9ZdKslJUBiwFZ/","baseKeyType":1,"closed":-1,"used":1682619374242,"created":1682619374242,"remoteIdentityKey":"BeWXt7oP7q3qskDmTNqQSyDc6IVcjjbXvI1T0wPZTcMQ"},"_chains":{"BU2tuX6aSZmdCqfkE1igAQIpuEfz37XjGEp4sj5jh1tp":{"chainKey":{"counter":3,"key":"WOnPuiwKzn1bsFE+Hp/yJrtmO/JjAykUwb1VXJqKzg0="},"chainType":1,"messageKeys":{}}},"pendingPreKey":{"signedKeyId":3,"baseKey":"BWIS3TSitWyPgB5OHwgmHJvWM6AePh9ZdKslJUBiwFZ/"}}},"version":"v1"}