{"_sessions":{"BY9hTWHDK8a957Er3OpLy8nl+gKKa4F+nkZFgi1jA+Yh":{"registrationId":4159,"currentRatchet":{"ephemeralKeyPair":{"pubKey":"BRjPozcHem/EbBe3AuLNwYRXokPmNkpkfoyEIAndYjpQ","privKey":"cOhJm9SQ6ozlJaFy0GVhk9eKqfo9B2oAMXOoUZhENXc="},"lastRemoteEphemeralKey":"BRwR9zhjFn1Tfm5x22sc4U7bxcbxtLDnClwvoULUnV9T","previousCounter":0,"rootKey":"yN5Liv2sJwNg4U3ygiY5O2nVZCEr9flZ1Hbv3gSVkf0="},"indexInfo":{"baseKey":"BY9hTWHDK8a957Er3OpLy8nl+gKKa4F+nkZFgi1jA+Yh","baseKeyType":1,"closed":-1,"used":1682619373842,"created":1682619373842,"remoteIdentityKey":"BcCV108sjnKGTCreuFUa6zg5/SbCOUpsggtLjvuibgIJ"},"_chains":{"BRjPozcHem/EbBe3AuLNwYRXokPmNkpkfoyEIAndYjpQ":{"chainKey":{"counter":3,"key":"iy0DYcsPmqdPYB+ZIKpwt0xpY8NLO10mavgL+pe5pMI="},"chainType":1,"messageKeys":{}}},"pendingPreKey":{"signedKeyId":1,"baseKey":"BY9hTWHDK8a957Er3OpLy8nl+gKKa4F+nkZFgi1jA+Yh"}}},"version":"v1"}