{"_sessions":{"BbPNDOEfVlzrGXSm5zAP94P87DT79u/ajzpZtw9i8UNh":{"registrationId":2072696361,"currentRatchet":{"ephemeralKeyPair":{"pubKey":"BdLD1C7xflkINXBa/BYYNTEL/H2uTwpgMSU9qaqdkdAZ","privKey":"eFWNEpdmhrnYv+2/bXhIBGrMJ38HUCmhbD7dtK3caXE="},"lastRemoteEphemeralKey":"BWC4HkT2PxNvSaG2yJzGIPrSZFmMp/qlRwWk0owhcfsb","previousCounter":0,"rootKey":"FGZKWuiIgqawfvi9tzm0mb9IsuXQLGTtrKCQ+UfJfwg="},"indexInfo":{"baseKey":"BbPNDOEfVlzrGXSm5zAP94P87DT79u/ajzpZtw9i8UNh","baseKeyType":1,"closed":-1,"used":1682619373982,"created":1682619373982,"remoteIdentityKey":"BS+mG3kqbWSP0f+aTYRFhkhKVZEVfD+sIqGYbYFbfg55"},"_chains":{"BdLD1C7xflkINXBa/BYYNTEL/H2uTwpgMSU9qaqdkdAZ":{"chainKey":{"counter":3,"key":"/24cbFbh8CvOMV+bPkHNmWG0BqFu4wy4w+oU4hoavrI="},"chainType":1,"messageKeys":{}}},"pendingPreKey":{"signedKeyId":3,"baseKey":"BbPNDOEfVlzrGXSm5zAP94P87DT79u/ajzpZtw9i8UNh","preKeyId":12239500}}},"version":"v1"}