{"_sessions":{"BX2ACwc2aDI6at/ktVWb/I5+iKoKyVlSEWNDWdVEXzpO":{"registrationId":1517378495,"currentRatchet":{"ephemeralKeyPair":{"pubKey":"BUi8PCR4+uPKxJs6XpHJIH9f0P0dOIsJh0pNQkDjpw5N","privKey":"wEqbYd7asoYANPrnCiLaeNCYDMb6VT/uv7J7jBTmDUw="},"lastRemoteEphemeralKey":"BSeIBZfspm7LK/ug+IblsSQtrnDuFtKhdk7koE2JNOZb","previousCounter":0,"rootKey":"ok81cGLf4wCSeTadYEyiwra80QcUG6kJhXfNZSwCTqg="},"indexInfo":{"baseKey":"BX2ACwc2aDI6at/ktVWb/I5+iKoKyVlSEWNDWdVEXzpO","baseKeyType":1,"closed":-1,"used":1682603061117,"created":1682603061117,"remoteIdentityKey":"BfkCRYpwiewn0f5WQN07r96AaGCs1+t98WMjEbq+3io/"},"_chains":{"BUi8PCR4+uPKxJs6XpHJIH9f0P0dOIsJh0pNQkDjpw5N":{"chainKey":{"counter":360,"key":"fZNlORMUjORfiwc7Oz2yAkMzZlxvMWz3hJPO+kC879o="},"chainType":1,"messageKeys":{}}},"pendingPreKey":{"signedKeyId":0,"baseKey":"BX2ACwc2aDI6at/ktVWb/I5+iKoKyVlSEWNDWdVEXzpO","preKeyId":8474075}}},"version":"v1"}