{"_sessions":{"BTszi/+rd+KCJWryHRXPzUdU0/nO0rrg6WLhjSaUZzQx":{"registrationId":300928860,"currentRatchet":{"ephemeralKeyPair":{"pubKey":"Be+OG/zHWzOfX2hglIdMzJ2U0MPb4SiCBcNbhqOrdBRV","privKey":"8F7gyN3VwGxcRkNn9cECiEHta38rlqOsVa6XW177Sm0="},"lastRemoteEphemeralKey":"BabH1lD2hZUH9NYbXHN3Svd/4JphZcV0D0C8LwtFLQlB","previousCounter":35,"rootKey":"/WQDgVJBWjNxFh+uk8g0ZY5CP1+VrjB2DkVcOY1BfTc="},"indexInfo":{"baseKey":"BTszi/+rd+KCJWryHRXPzUdU0/nO0rrg6WLhjSaUZzQx","baseKeyType":1,"closed":-1,"used":1682607964850,"created":1682603061230,"remoteIdentityKey":"BZUfuy48f/T3w4v/RzYiP04EjIb9FinzeJ8xxgM71bYH"},"_chains":{"BabH1lD2hZUH9NYbXHN3Svd/4JphZcV0D0C8LwtFLQlB":{"chainKey":{"counter":2,"key":"b/nY38kJN67Ad3G5ov9D9FUfdH24Qcb+m+uLr9ZTP7E="},"chainType":2,"messageKeys":{}},"Be+OG/zHWzOfX2hglIdMzJ2U0MPb4SiCBcNbhqOrdBRV":{"chainKey":{"counter":325,"key":"xAyq6UyFYMOMPdq1LLEtj5e2YtzfRD2Gey2lWTlVivo="},"chainType":1,"messageKeys":{}}}}},"version":"v1"}