{"_sessions":{"Ba7JccNSWBlPgLFTx09OmxXlTvy0FiBvHuGDgLFG3qEl":{"registrationId":243756888,"currentRatchet":{"ephemeralKeyPair":{"pubKey":"BR2y57MjNLEmEtqju+LnxoHTBqHl3sjrkLcx0RKejeJC","privKey":"AFZJGXKfNuBo7Rszy6s8Ee/+5kEoFKo9cXFpOvmKeHE="},"lastRemoteEphemeralKey":"BUnvXQUjrXabDulFDAAGgN482nYntApl5YuaUvIpOhB+","previousCounter":0,"rootKey":"urz5k+KVvdqVdLTvnuCRKmhoYFQz+tzgQzkIhiorMX8="},"indexInfo":{"baseKey":"Ba7JccNSWBlPgLFTx09OmxXlTvy0FiBvHuGDgLFG3qEl","baseKeyType":1,"closed":-1,"used":1682619373910,"created":1682619373910,"remoteIdentityKey":"BVFp9NdI//SZvFRWnGnncrEf0OKI/IlHvBFHU9q89M4/"},"_chains":{"BR2y57MjNLEmEtqju+LnxoHTBqHl3sjrkLcx0RKejeJC":{"chainKey":{"counter":3,"key":"6UH2TxO42JshAF4g3mYT0Qs7Xhe8c7GwrK3lr/D52hU="},"chainType":1,"messageKeys":{}}},"pendingPreKey":{"signedKeyId":4,"baseKey":"Ba7JccNSWBlPgLFTx09OmxXlTvy0FiBvHuGDgLFG3qEl"}}},"version":"v1"}