{"_sessions":{"BeZGiq+1PubPfeR7Qb6YeQHvN+D1tYrKUwmcjJplc25p":{"registrationId":1478735515,"currentRatchet":{"ephemeralKeyPair":{"pubKey":"BZ392ijgngAyQn1vCRjw5kFge4CEYsadB1dR2OcThBgW","privKey":"yJab3qMFf2Y6KJ6JqVnTwh1HEYgTTTVD1zLmZUDFt0E="},"lastRemoteEphemeralKey":"BV9dyGg8KVduNrUwxiHbxuCBxhI1idEzbFscKnit4aMk","previousCounter":0,"rootKey":"JodHQ8Vyw5HBXbjGUm6BVv3pHcwRtx2EnBU7CT8uCvM="},"indexInfo":{"baseKey":"BeZGiq+1PubPfeR7Qb6YeQHvN+D1tYrKUwmcjJplc25p","baseKeyType":1,"closed":-1,"used":1682603060799,"created":1682603060799,"remoteIdentityKey":"BQACoFxCBV8caA8WRXeBlV0FyWftRUlTprYVsr+qc2Fk"},"_chains":{"BZ392ijgngAyQn1vCRjw5kFge4CEYsadB1dR2OcThBgW":{"chainKey":{"counter":360,"key":"ZJkVrQFAdrbjXMCN3nPBlmSvpItmtpjmxmXivDrDNic="},"chainType":1,"messageKeys":{}}},"pendingPreKey":{"signedKeyId":3,"baseKey":"BeZGiq+1PubPfeR7Qb6YeQHvN+D1tYrKUwmcjJplc25p","preKeyId":2035749}}},"version":"v1"}