{"_sessions":{"BUR9cjCkjCfgcyr3QQrEh0PrXvMkKVoRYyeQzzTKx187":{"registrationId":1938947582,"currentRatchet":{"ephemeralKeyPair":{"pubKey":"BZ6tYQo1IUIeIbb6/Ux6F8oquyttTSYzIbQKhbE9bahS","privKey":"KP8sShqsKmuHJLn6cZzY48y6rWkRDUh7Ndi8Lt2e8mY="},"lastRemoteEphemeralKey":"BTZg9bO4ud7mLaOi5cXOnLJl6T77h/ukdE9AUAC3uFh/","previousCounter":0,"rootKey":"bEAIRAl1+OPRuEl/f33vnwMMHpp5HuFbxNSwejf7zVo="},"indexInfo":{"baseKey":"BUR9cjCkjCfgcyr3QQrEh0PrXvMkKVoRYyeQzzTKx187","baseKeyType":1,"closed":-1,"used":1682603060961,"created":1682603060961,"remoteIdentityKey":"BdF+bUlTTWPisWvIUQbdLIZJZeA87OZ0UusGvzp3HNFI"},"_chains":{"BZ6tYQo1IUIeIbb6/Ux6F8oquyttTSYzIbQKhbE9bahS":{"chainKey":{"counter":360,"key":"Fef5G51DV/qKypOne9x294H53yJ6w3BqQHzh5j7QkAs="},"chainType":1,"messageKeys":{}}},"pendingPreKey":{"signedKeyId":12,"baseKey":"BUR9cjCkjCfgcyr3QQrEh0PrXvMkKVoRYyeQzzTKx187","preKeyId":2553520}}},"version":"v1"}