{"_sessions":{"BcBuFLvRAUCjjzdn4t9QFJXL4IyVK1HILQsCVWmRI9En":{"registrationId":233294780,"currentRatchet":{"ephemeralKeyPair":{"pubKey":"BUFqC0HV83Ags3SUJ1L5ZsMC8lP7HdFqJ6WDBk1mjHsz","privKey":"iEOriqadk5N20npQL890RwmnlrijesqAuZQfW5WZcGY="},"lastRemoteEphemeralKey":"BYinT+nmn0s+1cxNSI+8myv6Efvul7sJYdQqVXqJrrMy","previousCounter":0,"rootKey":"b9DOjQouPLRJZKVO65obZAKcwKc0lnBN7OucM3ZsD48="},"indexInfo":{"baseKey":"BcBuFLvRAUCjjzdn4t9QFJXL4IyVK1HILQsCVWmRI9En","baseKeyType":1,"closed":-1,"used":1682603061339,"created":1682603061339,"remoteIdentityKey":"BSJpxh+zn7Dq3HsIbZNqFsDCVQaTxj2CbwWse+RLSvRZ"},"_chains":{"BUFqC0HV83Ags3SUJ1L5ZsMC8lP7HdFqJ6WDBk1mjHsz":{"chainKey":{"counter":360,"key":"XybTK8QX0DzKktHNvMTZqMRfPDxDtsu94W7xjMoDI2c="},"chainType":1,"messageKeys":{}}},"pendingPreKey":{"signedKeyId":0,"baseKey":"BcBuFLvRAUCjjzdn4t9QFJXL4IyVK1HILQsCVWmRI9En","preKeyId":2996850}}},"version":"v1"}