{"_sessions":{"BS3qCEtxCWTXGAU6pG7ytJFv7E8MnhKi3RB/KqjVXEI0":{"registrationId":3375739,"currentRatchet":{"ephemeralKeyPair":{"pubKey":"BRoNydS8TeWYqkz+VDyS0NvKnooqpLJZCKi7bUl/C+Ve","privKey":"AOoopjG/Vb6mNO7T4SBMgB/DiV1+rU/QhFMy3SFtqkU="},"lastRemoteEphemeralKey":"BafGURTIc+gabg+jPijRNSQJEcLW9mE/29AwVMRHD4Ru","previousCounter":0,"rootKey":"JA1tp0Zz3VlGLXCm4nMDJnB+KbWodzMV71paVIhO9Qk="},"indexInfo":{"baseKey":"BS3qCEtxCWTXGAU6pG7ytJFv7E8MnhKi3RB/KqjVXEI0","baseKeyType":1,"closed":-1,"used":1682619374200,"created":1682619374200,"remoteIdentityKey":"BSW2MUb4UlNiTCuO4napf1Kew3ux0WAM1HNbcGDBlhsj"},"_chains":{"BRoNydS8TeWYqkz+VDyS0NvKnooqpLJZCKi7bUl/C+Ve":{"chainKey":{"counter":3,"key":"bBWWJ8ma8ggNh8SpnZ/8IkKy/KQMt//+vg+OhMoWdC8="},"chainType":1,"messageKeys":{}}},"pendingPreKey":{"signedKeyId":0,"baseKey":"BS3qCEtxCWTXGAU6pG7ytJFv7E8MnhKi3RB/KqjVXEI0"}}},"version":"v1"}