{"_sessions":{"BWDm2xu2qYYWjxzzNN/pyq02Z8zvmv2TavP463u2rY1G":{"registrationId":2109880570,"currentRatchet":{"ephemeralKeyPair":{"pubKey":"Bda6V0Fh1s3OH9gBb5m7uW8Xj1mlRr5Xt4htVf09SsQv","privKey":"ELAQV3Tqo7DubtOEKVbl2OVvki6CVelfaINQfDa021k="},"lastRemoteEphemeralKey":"BVsQnyo7B32k4MvXzjGWINd2a/4r+Vq1xjziy9P1sypx","previousCounter":0,"rootKey":"qV75DYQKqVjYLJOmiuquAVcCpQKAJ4NhCmQmlBchEtU="},"indexInfo":{"baseKey":"BWDm2xu2qYYWjxzzNN/pyq02Z8zvmv2TavP463u2rY1G","baseKeyType":1,"closed":-1,"used":1682619373931,"created":1682619373931,"remoteIdentityKey":"BXkt59REw7UnYBruGRENGAbraTqWgvB7xCzeeeFUSYUk"},"_chains":{"Bda6V0Fh1s3OH9gBb5m7uW8Xj1mlRr5Xt4htVf09SsQv":{"chainKey":{"counter":3,"key":"DkD977TL+CU+Lz74g6oGVRFYxUQsWs+uZ38pRI3G+oo="},"chainType":1,"messageKeys":{}}},"pendingPreKey":{"signedKeyId":0,"baseKey":"BWDm2xu2qYYWjxzzNN/pyq02Z8zvmv2TavP463u2rY1G","preKeyId":15450149}}},"version":"v1"}