{"_sessions":{"BZM+bqs0rNWWENZdE8FDwkqVMfeXmXXZG/yF0OXLFR1W":{"registrationId":901986476,"currentRatchet":{"ephemeralKeyPair":{"pubKey":"BbfFEjxIiUf+ifWVs0OaPBmV6tfWOwQadwV2LvlyHDUq","privKey":"gH6pMibsbm7iiU/Pvw4ExqckR9a9lsW/hHVVmil+SFg="},"lastRemoteEphemeralKey":"BSpD3u+RdND7pSwav6kP6tLTrJGCIDMSV52IuBHzt04i","previousCounter":0,"rootKey":"0qYMwTqZgREQ/wLAVgTGL5l76K4U901ALe4Tma+ou2E="},"indexInfo":{"baseKey":"BZM+bqs0rNWWENZdE8FDwkqVMfeXmXXZG/yF0OXLFR1W","baseKeyType":1,"closed":-1,"used":1682619373898,"created":1682619373898,"remoteIdentityKey":"BZ9YOqb8nZuM909SeYjzAbwajNHGPOFyCaJkHpXeRRwm"},"_chains":{"BbfFEjxIiUf+ifWVs0OaPBmV6tfWOwQadwV2LvlyHDUq":{"chainKey":{"counter":3,"key":"dCA7TxgdFye982Zg4f3zTOHW2XUN8TuY2RagIT+ofmg="},"chainType":1,"messageKeys":{}}},"pendingPreKey":{"signedKeyId":4,"baseKey":"BZM+bqs0rNWWENZdE8FDwkqVMfeXmXXZG/yF0OXLFR1W","preKeyId":3569186}}},"version":"v1"}