{"_sessions":{"Bcm8BySxneNnZJS15Ip7G/xtHig5sAxOcOWdOof5aBwD":{"registrationId":1696130478,"currentRatchet":{"ephemeralKeyPair":{"pubKey":"BerkkH7mAQ2twDPfCKwooiUDS2K7qd0tTvmWtH/Ugbhz","privKey":"APipmqalDHu3lUxiGdeqqIIVUyrNeHZKepCR6+MG5lQ="},"lastRemoteEphemeralKey":"BZ2SNyMmhjTss9/oltlMflFXs54+b1v3I8OPNztaQ4YS","previousCounter":0,"rootKey":"Tsf3Q8wMsvSeJvnZGaUMzyhMeb3y2yYwJUzHtyRuHOs="},"indexInfo":{"baseKey":"Bcm8BySxneNnZJS15Ip7G/xtHig5sAxOcOWdOof5aBwD","baseKeyType":1,"closed":-1,"used":1682603061278,"created":1682603061278,"remoteIdentityKey":"BT+qjGyXuOIJsSjRPPpK/Fwd90/jrH3LdDJqAUo1TvZq"},"_chains":{"BerkkH7mAQ2twDPfCKwooiUDS2K7qd0tTvmWtH/Ugbhz":{"chainKey":{"counter":360,"key":"D0RErADcQNCISwbLdOAJhwao0txpMD/YtWpoe/FkxQ8="},"chainType":1,"messageKeys":{}}},"pendingPreKey":{"signedKeyId":1,"baseKey":"Bcm8BySxneNnZJS15Ip7G/xtHig5sAxOcOWdOof5aBwD","preKeyId":12808350}}},"version":"v1"}