{"_sessions":{"BXpIJrg6whEnIpspZMqCz/A+Uzpkh42HVQAuxAi31nsF":{"registrationId":1112175163,"currentRatchet":{"ephemeralKeyPair":{"pubKey":"BcH1I05WQAOJO6m88PXZDE9ROnXA9xMJRGLTO8tcy+VJ","privKey":"YAByegQDQmU/rdp9sf+57PGr4xSP6PwjERHjcFU1sG0="},"lastRemoteEphemeralKey":"Be13S4qzTIVB7GNf/EMtebJNsHq+g1t3iS5oK+/BZzgf","previousCounter":0,"rootKey":"eXjAvLngwiN0sQ8aQiY+BImNjhin7UvJXxSe2kw3tY4="},"indexInfo":{"baseKey":"BXpIJrg6whEnIpspZMqCz/A+Uzpkh42HVQAuxAi31nsF","baseKeyType":1,"closed":-1,"used":1682619374051,"created":1682619374051,"remoteIdentityKey":"BW5N1oMarKu6Doua3Bncddo0VDkTPG02waTI0gF56ow1"},"_chains":{"BcH1I05WQAOJO6m88PXZDE9ROnXA9xMJRGLTO8tcy+VJ":{"chainKey":{"counter":3,"key":"yySpdYy4uZz4d4aZ4VVmCz0g1KT3suYzInWCf3L+8o0="},"chainType":1,"messageKeys":{}}},"pendingPreKey":{"signedKeyId":5,"baseKey":"BXpIJrg6whEnIpspZMqCz/A+Uzpkh42HVQAuxAi31nsF","preKeyId":2319438}}},"version":"v1"}