{"_sessions":{"BfQ9HL3GhvpRJXc5BxYnHCwn6Q34n+leubinXeE548dS":{"registrationId":277429477,"currentRatchet":{"ephemeralKeyPair":{"pubKey":"BfGTwsx7+Gr+lv8Ehodmw7l/fWw4iuELxaCYPtHuUxNK","privKey":"mE3eNqnIH4U5f2rVsTnUc5pukf46E2lWZbOq6s5YkGg="},"lastRemoteEphemeralKey":"BRtxAJqXSohbgWF5I6KB8B59Ttg55+trcOG3D6NBasoY","previousCounter":0,"rootKey":"SxGUyc6rOdHJJG/8aED7IzOpFjRGLmFHfGExhtL0qew="},"indexInfo":{"baseKey":"BfQ9HL3GhvpRJXc5BxYnHCwn6Q34n+leubinXeE548dS","baseKeyType":1,"closed":-1,"used":1682619373930,"created":1682619373930,"remoteIdentityKey":"Bcd9gBeXyy+GFirjPZza/O9gfEUMVnAjuvfKG+Zxl2tP"},"_chains":{"BfGTwsx7+Gr+lv8Ehodmw7l/fWw4iuELxaCYPtHuUxNK":{"chainKey":{"counter":3,"key":"SkuA+SucLaN5ZeF+t/OAwyf3dwK+EryNtVsx6XmmfsE="},"chainType":1,"messageKeys":{}}},"pendingPreKey":{"signedKeyId":0,"baseKey":"BfQ9HL3GhvpRJXc5BxYnHCwn6Q34n+leubinXeE548dS"}}},"version":"v1"}