{"_sessions":{"BZ3iW8LBOYJVxbJ5twFcTnyUvaSz4/E1G/h0PPvXFSEr":{"registrationId":2048762340,"currentRatchet":{"ephemeralKeyPair":{"pubKey":"BaM+LCZOGcUgCYFmOlNmUWXAg6aNy9I3/0WbGBfEXYsU","privKey":"8GcRXARYMnHozXifK5WYqfWKOqTfLo7qBvEhZOMXm2E="},"lastRemoteEphemeralKey":"BQS+JRMGciYS+ioixE4b2l5gWEzzMERu85UnWInbtX0F","previousCounter":0,"rootKey":"fX+gJC4IZzWRjeT80galpvk2bGvoJsNVBBCqz91HJYY="},"indexInfo":{"baseKey":"BZ3iW8LBOYJVxbJ5twFcTnyUvaSz4/E1G/h0PPvXFSEr","baseKeyType":1,"closed":-1,"used":1682603060989,"created":1682603060989,"remoteIdentityKey":"BR3eYxy2BAhc9KDES5SX0xdFijqu08AdlrmUK1vN2RAa"},"_chains":{"BaM+LCZOGcUgCYFmOlNmUWXAg6aNy9I3/0WbGBfEXYsU":{"chainKey":{"counter":360,"key":"8nFg5G8LMLqY+lq66U93g3ypX7oRZe2Dshb8/4T30WY="},"chainType":1,"messageKeys":{}}},"pendingPreKey":{"signedKeyId":3,"baseKey":"BZ3iW8LBOYJVxbJ5twFcTnyUvaSz4/E1G/h0PPvXFSEr","preKeyId":10671571}}},"version":"v1"}