{"_sessions":{"BcPHEERaCgZpM+2vswfCyOQK+F/2nPmkSi+d09rHPANU":{"registrationId":323085546,"currentRatchet":{"ephemeralKeyPair":{"pubKey":"BXeIJrwF3u29eDLLfu40Kp5KzaYFBPehae5PjHJ7m+44","privKey":"iIaHjTUmxfDJh9y0NAuf8V22vUQDITGNd8/A5bTz/2M="},"lastRemoteEphemeralKey":"BSnlUFiaOoqAgUcC25tzmvzZ0ZWIyM4HSjhq8XceQ0wC","previousCounter":0,"rootKey":"TDsMrWXFUuFOFbWlXol+RaWTF+nf4TB/SIg4hf8jrNY="},"indexInfo":{"baseKey":"BcPHEERaCgZpM+2vswfCyOQK+F/2nPmkSi+d09rHPANU","baseKeyType":1,"closed":-1,"used":1682619373960,"created":1682619373960,"remoteIdentityKey":"BZget+dpwM+tYOb6bHpjjp0305Fs3iw+mK3RnUegJ/MW"},"_chains":{"BXeIJrwF3u29eDLLfu40Kp5KzaYFBPehae5PjHJ7m+44":{"chainKey":{"counter":3,"key":"vkY8gk5xKdMf8f1xaDV1Ww4NpvsIwdsapHeqt1bZ/uU="},"chainType":1,"messageKeys":{}}},"pendingPreKey":{"signedKeyId":9,"baseKey":"BcPHEERaCgZpM+2vswfCyOQK+F/2nPmkSi+d09rHPANU"}}},"version":"v1"}