{"_sessions":{"BT7llkMvj3pL8pEwAl/csVTKiewzWi7DX7EFrESKePBn":{"registrationId":98328699,"currentRatchet":{"ephemeralKeyPair":{"pubKey":"Bcl690Mbzb35tWVK3OJt6BwTlkW4/pq+XbMenVp4Yox1","privKey":"aHU9EfAKvT/94Sq4mQ2fEE1ZzH6q6/Bm5Q83dx+xWVU="},"lastRemoteEphemeralKey":"BWHGt9nImleNpqUDoAQJokyFMZ/K/Dk2UHrjkulhWU5M","previousCounter":0,"rootKey":"ELqMmCOvpuc4iBaYegJ4uVLWwijXW+hQ5p0pVxjAhHM="},"indexInfo":{"baseKey":"BT7llkMvj3pL8pEwAl/csVTKiewzWi7DX7EFrESKePBn","baseKeyType":1,"closed":-1,"used":1682603061040,"created":1682603061040,"remoteIdentityKey":"BXuNCP4LSri0GAC7RgiYe7+wv1lLRwDPo5hzIJIA2MJn"},"_chains":{"Bcl690Mbzb35tWVK3OJt6BwTlkW4/pq+XbMenVp4Yox1":{"chainKey":{"counter":360,"key":"+0hLeCUQehrmTqVH3jiJINH2LTXCUHDbdk9QSrv8HzU="},"chainType":1,"messageKeys":{}}},"pendingPreKey":{"signedKeyId":5,"baseKey":"BT7llkMvj3pL8pEwAl/csVTKiewzWi7DX7EFrESKePBn","preKeyId":9107814}}},"version":"v1"}