{"_sessions":{"BbMLWaaPAJ4+zhBhfPFXumqxiii3dl8S2B5bBpaj6JkM":{"registrationId":2698699,"currentRatchet":{"ephemeralKeyPair":{"pubKey":"BbYYA78YWCpUv7OttV3dcE+d7vcg3nfwSAzTv5TUbEEK","privKey":"8D0HkhxBXQI2MVJfHPDzDdVO26bEShzCTSFKzL//aFk="},"lastRemoteEphemeralKey":"BTx3rmmlOxPbYaEpEX3G5Y3FxcdVJsfqfREjuvsu1zM9","previousCounter":0,"rootKey":"UNkMPm8wrf4DA/bhJ+JiP6JSkVVKwICvlNhh9JT6lpw="},"indexInfo":{"baseKey":"BbMLWaaPAJ4+zhBhfPFXumqxiii3dl8S2B5bBpaj6JkM","baseKeyType":1,"closed":-1,"used":1682603060951,"created":1682603060951,"remoteIdentityKey":"BVp2TrMq/KwAKU7v3SKPFtH17XH1srLCv/JdTIOxGxoR"},"_chains":{"BbYYA78YWCpUv7OttV3dcE+d7vcg3nfwSAzTv5TUbEEK":{"chainKey":{"counter":360,"key":"/6H7/iKzw0TtWblWBPg4H/VH6LwOypfgtJeUqSaocwE="},"chainType":1,"messageKeys":{}}},"pendingPreKey":{"signedKeyId":2,"baseKey":"BbMLWaaPAJ4+zhBhfPFXumqxiii3dl8S2B5bBpaj6JkM","preKeyId":11050680}}},"version":"v1"}