{"_sessions":{"BRLLloOovoU9w/myOdV5aTv9t7/aHRAaFzlsvFRAYJZr":{"registrationId":1968787646,"currentRatchet":{"ephemeralKeyPair":{"pubKey":"Bas7afn9f0ooV76OjxmHw3ssH5+mBjBTno2HFPAKzzo9","privKey":"qDPHYl668TVSq+gIKhxRXXVebUiW/i0yoGWKc/5Wd3g="},"lastRemoteEphemeralKey":"BYJ2baS9YXshsrNfPBsYmpI+oh989U9b5kTGcN00ngwx","previousCounter":0,"rootKey":"pdeHvuuVtii93EGalcYnioGPBrmruXQkaLEbJxT24Ec="},"indexInfo":{"baseKey":"BRLLloOovoU9w/myOdV5aTv9t7/aHRAaFzlsvFRAYJZr","baseKeyType":1,"closed":-1,"used":1682619374222,"created":1682619374222,"remoteIdentityKey":"BdWXoPpJIQomm9zpvDR3GgoNEodJqntVlKhOaNu2nrRD"},"_chains":{"Bas7afn9f0ooV76OjxmHw3ssH5+mBjBTno2HFPAKzzo9":{"chainKey":{"counter":3,"key":"0lWqQqv/6SJsYkZL2LQW6/JKO8CyvhSCFOJw8Ejp/es="},"chainType":1,"messageKeys":{}}},"pendingPreKey":{"signedKeyId":3,"baseKey":"BRLLloOovoU9w/myOdV5aTv9t7/aHRAaFzlsvFRAYJZr","preKeyId":7234798}}},"version":"v1"}