{"_sessions":{"BUVep6TxUmZM3g+nyK8D0XexZ9WXvugn8Aq1GO00ujV3":{"registrationId":884312265,"currentRatchet":{"ephemeralKeyPair":{"pubKey":"BZQKs24KvZeYcRbr6HM3RlXh8War8t2dxGwK+Qh9yj9C","privKey":"+GltIO2jhnr17IJ3NapdG8ZCOnIBBpVPGuNBcPlYHm8="},"lastRemoteEphemeralKey":"BfvZ9od3qQTSrMDTrRr4sDpkVvl/m5J2N3VujMMa3o1c","previousCounter":0,"rootKey":"HDYCM9o0aB/kYFy70S4rFsumgYk8hlEI35f6pTu65NE="},"indexInfo":{"baseKey":"BUVep6TxUmZM3g+nyK8D0XexZ9WXvugn8Aq1GO00ujV3","baseKeyType":1,"closed":-1,"used":1682619373915,"created":1682619373915,"remoteIdentityKey":"Bb1Xn9JYY4CXdgzOlLAinjGqJBBYb6Eent5XSAG86Woz"},"_chains":{"BZQKs24KvZeYcRbr6HM3RlXh8War8t2dxGwK+Qh9yj9C":{"chainKey":{"counter":3,"key":"B97bG7L0XHS/ODPYZYSM4bCq3wbA+e5QCnzxOk89Vng="},"chainType":1,"messageKeys":{}}},"pendingPreKey":{"signedKeyId":0,"baseKey":"BUVep6TxUmZM3g+nyK8D0XexZ9WXvugn8Aq1GO00ujV3","preKeyId":5486961}}},"version":"v1"}