{"_sessions":{"BW4IO+M08QVCtE+x74jYYw5SmSnUo+LZ0z412NhhTs0K":{"registrationId":1467265246,"currentRatchet":{"ephemeralKeyPair":{"pubKey":"BYSECVgHxRVMK3Q8qohydsQLhFuVzECg29QRf+TMkzwe","privKey":"eHJZQq3jjanJfjsh7BfGnj5+tqPiVFkNz+xBEB5s0U4="},"lastRemoteEphemeralKey":"BbRk4CRtsaHJB+sqc7LYc4iVWGSpv9me1BybQ7dKl6s1","previousCounter":0,"rootKey":"1p8bCaTogIfS1awdVVpOUgFXNZ3J3WuufCStmzFfr/Q="},"indexInfo":{"baseKey":"BW4IO+M08QVCtE+x74jYYw5SmSnUo+LZ0z412NhhTs0K","baseKeyType":1,"closed":-1,"used":1682603061417,"created":1682603061417,"remoteIdentityKey":"BeJHafL7DyOfrzNZLXhh5w6rs32dch+QYYRXn/aV1uos"},"_chains":{"BYSECVgHxRVMK3Q8qohydsQLhFuVzECg29QRf+TMkzwe":{"chainKey":{"counter":360,"key":"lJND1dKFx/rXVBBjsm5opUsGAtM6kDZ4cutGIwF1qCA="},"chainType":1,"messageKeys":{}}},"pendingPreKey":{"signedKeyId":0,"baseKey":"BW4IO+M08QVCtE+x74jYYw5SmSnUo+LZ0z412NhhTs0K"}}},"version":"v1"}