{"_sessions":{"BfREd2N1+y2U5uR+Lq8XixePDLP82B+P9nAjhZc/76s7":{"registrationId":1221505708,"currentRatchet":{"ephemeralKeyPair":{"pubKey":"BfWqVEDR0bBMnpv9ZVXtqsbjEBfxKTyeKw8AsBHs6BYH","privKey":"EE+BiADEUcqA4GYo0XiAm1EMZxfWnKwDxlHlC0V1CnE="},"lastRemoteEphemeralKey":"BcN+2CdKN6d9VDymwXSJQv3lou9Qk6azUAbjA1UWXNN/","previousCounter":0,"rootKey":"lkwAXTlB7xSJZdj8hQKEL7u/d58EFv8IkAaftwIOwnM="},"indexInfo":{"baseKey":"BfREd2N1+y2U5uR+Lq8XixePDLP82B+P9nAjhZc/76s7","baseKeyType":1,"closed":-1,"used":1682619374156,"created":1682619374156,"remoteIdentityKey":"BYrSLSZyOeiNKTGjarRJD4GpQSj+2fP/oi2zkeLi1icb"},"_chains":{"BfWqVEDR0bBMnpv9ZVXtqsbjEBfxKTyeKw8AsBHs6BYH":{"chainKey":{"counter":3,"key":"XT24oHbpq8r3pLU/kroqKRezPEfY4yvujTEjEiwxdR0="},"chainType":1,"messageKeys":{}}},"pendingPreKey":{"signedKeyId":5,"baseKey":"BfREd2N1+y2U5uR+Lq8XixePDLP82B+P9nAjhZc/76s7","preKeyId":11487091}}},"version":"v1"}