{"_sessions":{"BcEfpAMEiu8o2C+J8VfruUabwHyyBimRZ6RcIfwZqq97":{"registrationId":1927558488,"currentRatchet":{"ephemeralKeyPair":{"pubKey":"BeLpF3FbgoBNU6IRybmYJ0MtK3HsF2Mira6BoAQi9AxA","privKey":"UBbWptG9jC2d7VAC/fPgkJMKu8pGTTGRLT7IstexPEs="},"lastRemoteEphemeralKey":"BddS3qBkMNiRn2lvq7r9A6kX3aSz54HOeiz59FjDLlNp","previousCounter":0,"rootKey":"0e6Mmfl/62y5Umyz62bP8dmd57XBJyiXPcTEUoQWeZc="},"indexInfo":{"baseKey":"BcEfpAMEiu8o2C+J8VfruUabwHyyBimRZ6RcIfwZqq97","baseKeyType":1,"closed":-1,"used":1682603060875,"created":1682603060875,"remoteIdentityKey":"BSwcv3ZGxn+TNrXQPiy3eLEuH3SK0G0OIPZpO10wafJ5"},"_chains":{"BeLpF3FbgoBNU6IRybmYJ0MtK3HsF2Mira6BoAQi9AxA":{"chainKey":{"counter":360,"key":"0wLSclL53+eNwqprg9JdSN+3jFV1JFg7WGs7MPD2TMw="},"chainType":1,"messageKeys":{}}},"pendingPreKey":{"signedKeyId":1,"baseKey":"BcEfpAMEiu8o2C+J8VfruUabwHyyBimRZ6RcIfwZqq97","preKeyId":16113630}}},"version":"v1"}