{"_sessions":{"BRsvbnQSr+OoPXpQ3MlJRwMb+crmiXjxNSu4h3M8OzJb":{"registrationId":269636251,"currentRatchet":{"ephemeralKeyPair":{"pubKey":"BfXbqws4YZvjmcyNaTesIxTvoOToyUafdPDa9ES1d9RC","privKey":"oMT3ES2cLU6wEDMklzKRXCu4dL3CqCcYhA4vl/XS8kc="},"lastRemoteEphemeralKey":"BeCIeDoTSPsICB5MyrC9twUXtJDpL2VgMSdYCyNlSPRw","previousCounter":0,"rootKey":"Jd3OLiET8ASXHCLS63GPOL9I6XAbqyQ/MQi/pC9XZW4="},"indexInfo":{"baseKey":"BRsvbnQSr+OoPXpQ3MlJRwMb+crmiXjxNSu4h3M8OzJb","baseKeyType":1,"closed":-1,"used":1682603060979,"created":1682603060979,"remoteIdentityKey":"Bff1U5m+XESfLzGe69FjB5WALnvHbYksaJHj9UnRMgJf"},"_chains":{"BfXbqws4YZvjmcyNaTesIxTvoOToyUafdPDa9ES1d9RC":{"chainKey":{"counter":360,"key":"2FXfI937XLEdMtM8bTcnqx6VhP/ov5KamnNaUoWJgdU="},"chainType":1,"messageKeys":{}}},"pendingPreKey":{"signedKeyId":2,"baseKey":"BRsvbnQSr+OoPXpQ3MlJRwMb+crmiXjxNSu4h3M8OzJb"}}},"version":"v1"}