{"_sessions":{"BdCQp5AAOQREUQC0Oo5zgWELWUR28JugZXpT6RjTEvU1":{"registrationId":47,"currentRatchet":{"ephemeralKeyPair":{"pubKey":"BY4w+My9E7KFe0HVZYhzaj8tsWEO+Px3IqtPinXp7R80","privKey":"8JIw70J+wU4Q4YuTyy2oauneLoAWWJxEKbNkwX3uvEU="},"lastRemoteEphemeralKey":"BZRxZ0UOIP2D+97/hskkB3Pnn/3HhyS3GQZAYkrpVV5R","previousCounter":0,"rootKey":"SzYon4EfXfx6M9v229zbNWS5aFj+RmKCFdIjXSVkQlw="},"indexInfo":{"baseKey":"BdCQp5AAOQREUQC0Oo5zgWELWUR28JugZXpT6RjTEvU1","baseKeyType":1,"closed":-1,"used":1682603060761,"created":1682603060761,"remoteIdentityKey":"BSvqHEhjZ0ZnZ5pmsCP9ZumFhRb2RF1NLKPPX0pU8ftC"},"_chains":{"BY4w+My9E7KFe0HVZYhzaj8tsWEO+Px3IqtPinXp7R80":{"chainKey":{"counter":366,"key":"kYQMPtMU/l5PG0/q7HOjSPV2uN6QDeHhpyM8eIT95q8="},"chainType":1,"messageKeys":{}}},"pendingPreKey":{"signedKeyId":1,"baseKey":"BdCQp5AAOQREUQC0Oo5zgWELWUR28JugZXpT6RjTEvU1"}}},"version":"v1"}