{"_sessions":{"BcemTdT28b3YYZ9naTfGIZWN/xxjEZW+KkLGFGAMTStO":{"registrationId":1375380504,"currentRatchet":{"ephemeralKeyPair":{"pubKey":"BUCN07VlFxKwQmyHpFoVD7hgFWoFmZzx9Xx1cxi6ODtw","privKey":"kG+8y9ZG3GUS/ivwOYklDZjed7wR/S63tgulJT2WZnU="},"lastRemoteEphemeralKey":"BV8k3TZEqgXEgw3vUppEyKIeT7QLj6NfHb59/t999Bo4","previousCounter":0,"rootKey":"CB+N+bYWLAzynroN4+WHkP1+UQI4swH8HYZ3eS83a04="},"indexInfo":{"baseKey":"BcemTdT28b3YYZ9naTfGIZWN/xxjEZW+KkLGFGAMTStO","baseKeyType":1,"closed":-1,"used":1682603060978,"created":1682603060978,"remoteIdentityKey":"Be0mNzd1RvRhyvkvkxlfY7XdpJnPE7XcdJR/BDWQ4kJ6"},"_chains":{"BUCN07VlFxKwQmyHpFoVD7hgFWoFmZzx9Xx1cxi6ODtw":{"chainKey":{"counter":360,"key":"MD6165KsfhsjY8mxchR6ZEGQzacf0ckN1CYPCGkYl6U="},"chainType":1,"messageKeys":{}}},"pendingPreKey":{"signedKeyId":0,"baseKey":"BcemTdT28b3YYZ9naTfGIZWN/xxjEZW+KkLGFGAMTStO","preKeyId":14046500}}},"version":"v1"}