{"_sessions":{"Ba6pvUDMMGUyBrku/QFhL+FoVgb4CtzWbVj2+iK9Ks0v":{"registrationId":1387225057,"currentRatchet":{"ephemeralKeyPair":{"pubKey":"BR+B9nbdBkV1jif0BidV0EX7Y3vrl36v8N8OBr3TqDgI","privKey":"+DxVdDTlIlGQg6k4Olp1jQj3UIUtwhklaxKbrr8cIn0="},"lastRemoteEphemeralKey":"BaH25xedAqDs1Q6GwNzSVx6Qxd5dlCYtOdxiL/IW00Eo","previousCounter":0,"rootKey":"2i5m5TEdCYn6wosjwxLvnz5yVFrT+pe1KBcTpE6J4yc="},"indexInfo":{"baseKey":"Ba6pvUDMMGUyBrku/QFhL+FoVgb4CtzWbVj2+iK9Ks0v","baseKeyType":1,"closed":1682627566469,"used":1682603061018,"created":1682603061018,"remoteIdentityKey":"BYZnLaYOELYNkyFk9lGzmxi0FaJ3gjklLFYwkZqECcc2"},"_chains":{"BR+B9nbdBkV1jif0BidV0EX7Y3vrl36v8N8OBr3TqDgI":{"chainKey":{"counter":112,"key":"laArJZhH2lBLwPRUbchazg+QR+pqAuRrNlj07lqucNk="},"chainType":1,"messageKeys":{}}},"pendingPreKey":{"signedKeyId":6,"baseKey":"Ba6pvUDMMGUyBrku/QFhL+FoVgb4CtzWbVj2+iK9Ks0v","preKeyId":4594264}},"BUOzgMI2+J5nILY5kEiSmGVlC4ri06Cimyn1RkR9Yz5C":{"registrationId":1387225057,"currentRatchet":{"ephemeralKeyPair":{"pubKey":"BXI+LWb+FXU4gSN97+XQ/eZDo1lB0YbjEBxn6bcWEdkx","privKey":"gNqgcqkfFwsi+tUp1gd0T+U5glV538GJB99rzkV3fXE="},"lastRemoteEphemeralKey":"BaH25xedAqDs1Q6GwNzSVx6Qxd5dlCYtOdxiL/IW00Eo","previousCounter":0,"rootKey":"Lh+EnisVhsRIvun8RraWA2OqGoCOatfywK/Q5gLW9x8="},"indexInfo":{"baseKey":"BUOzgMI2+J5nILY5kEiSmGVlC4ri06Cimyn1RkR9Yz5C","baseKeyType":1,"closed":1682627568923,"used":1682627566445,"created":1682627566445,"remoteIdentityKey":"BYZnLaYOELYNkyFk9lGzmxi0FaJ3gjklLFYwkZqECcc2"},"_chains":{"BXI+LWb+FXU4gSN97+XQ/eZDo1lB0YbjEBxn6bcWEdkx":{"chainKey":{"counter":0,"key":"x7SNZhu76tPHzNuDSGthqWIJUu8niX/OFF9Eha6Hiaw="},"chainType":1,"messageKeys":{}}},"pendingPreKey":{"signedKeyId":6,"baseKey":"BUOzgMI2+J5nILY5kEiSmGVlC4ri06Cimyn1RkR9Yz5C","preKeyId":4593841}},"BU+ZO/4Y67zcAW/4GLTK1PyQbBkZWVePiy+/5ffI7Pof":{"registrationId":1387225057,"currentRatchet":{"ephemeralKeyPair":{"pubKey":"BY/gvRkOxo376GdXqL+KANwOHhJgop+kv2bfMyAOt/5x","privKey":"GDKeL5olcemd2vZB5QMHVBxk3vCDGdD4HCpWgCq6tGQ="},"lastRemoteEphemeralKey":"BaH25xedAqDs1Q6GwNzSVx6Qxd5dlCYtOdxiL/IW00Eo","previousCounter":0,"rootKey":"fSScQLTtft1KYYrR9qbvflT+ALZ0TkHP2A3WKftGTOE="},"indexInfo":{"baseKey":"BU+ZO/4Y67zcAW/4GLTK1PyQbBkZWVePiy+/5ffI7Pof","baseKeyType":1,"closed":1682627571322,"used":1682627568920,"created":1682627568920,"remoteIdentityKey":"BYZnLaYOELYNkyFk9lGzmxi0FaJ3gjklLFYwkZqECcc2"},"_chains":{"BY/gvRkOxo376GdXqL+KANwOHhJgop+kv2bfMyAOt/5x":{"chainKey":{"counter":0,"key":"iZKYBZRQELiuoJL1We2P0SIMU08e7GnWur8O/VHHJog="},"chainType":1,"messageKeys":{}}},"pendingPreKey":{"signedKeyId":6,"baseKey":"BU+ZO/4Y67zcAW/4GLTK1PyQbBkZWVePiy+/5ffI7Pof","preKeyId":4593842}},"Bb3lCpOYC8tir0JQ0LFJYKJzBxlT56S096tjs4PnX+EO":{"registrationId":1387225057,"currentRatchet":{"ephemeralKeyPair":{"pubKey":"BXVqeaO66aE0qJvlccg5Ysi1SJwVaTGDFGAeCrIy4lt9","privKey":"MIZEKRjOVVXU6K8U7MW/uVIVv2TZ7pkrE/ne5Kw6qmA="},"lastRemoteEphemeralKey":"BaH25xedAqDs1Q6GwNzSVx6Qxd5dlCYtOdxiL/IW00Eo","previousCounter":0,"rootKey":"W6mPWbtk0rc6PxIciofsXZ22sTuv/6QaznEwNvwWCxk="},"indexInfo":{"baseKey":"Bb3lCpOYC8tir0JQ0LFJYKJzBxlT56S096tjs4PnX+EO","baseKeyType":1,"closed":1682627573157,"used":1682627571317,"created":1682627571317,"remoteIdentityKey":"BYZnLaYOELYNkyFk9lGzmxi0FaJ3gjklLFYwkZqECcc2"},"_chains":{"BXVqeaO66aE0qJvlccg5Ysi1SJwVaTGDFGAeCrIy4lt9":{"chainKey":{"counter":0,"key":"3sOSnrDpzC4XHwW+AibT9VdO6BV3XvNlDwM1lqH6gnc="},"chainType":1,"messageKeys":{}}},"pendingPreKey":{"signedKeyId":6,"baseKey":"Bb3lCpOYC8tir0JQ0LFJYKJzBxlT56S096tjs4PnX+EO","preKeyId":4594222}},"BRo+H0FIs6qSEIBq/TzSqYtYUAFZEY6gB7LxwetHRI11":{"registrationId":1387225057,"currentRatchet":{"ephemeralKeyPair":{"pubKey":"Be4gqreFs9PPwsPtQgCTO6r6VbP2ZBf7gDMQP50Q+15b","privKey":"qPrDBofpVCFNm4IHOiA/OhjVPy8OqWK7tv4BbK55uUk="},"lastRemoteEphemeralKey":"BaH25xedAqDs1Q6GwNzSVx6Qxd5dlCYtOdxiL/IW00Eo","previousCounter":0,"rootKey":"r+3UKa55aAnJiE2X+sNFLhuuDiyQaPgnjHxx0tbKlDQ="},"indexInfo":{"baseKey":"BRo+H0FIs6qSEIBq/TzSqYtYUAFZEY6gB7LxwetHRI11","baseKeyType":1,"closed":1682627574999,"used":1682627573153,"created":1682627573153,"remoteIdentityKey":"BYZnLaYOELYNkyFk9lGzmxi0FaJ3gjklLFYwkZqECcc2"},"_chains":{"Be4gqreFs9PPwsPtQgCTO6r6VbP2ZBf7gDMQP50Q+15b":{"chainKey":{"counter":0,"key":"NexOSa0tqKhT/XgLr1nQe0Bb2uN9eXvF17R6Efx4Z9I="},"chainType":1,"messageKeys":{}}},"pendingPreKey":{"signedKeyId":6,"baseKey":"BRo+H0FIs6qSEIBq/TzSqYtYUAFZEY6gB7LxwetHRI11","preKeyId":4594245}},"BQbEwGeRBhTznla8sEnPDj/g5ds7eBlxdAMVFNTqAIon":{"registrationId":1387225057,"currentRatchet":{"ephemeralKeyPair":{"pubKey":"Bb/83Y8OoPP9JW+HGMYbzfCAhJ3Bu5ZbTtkf7VT9a7tr","privKey":"YC3UPofMne5y9Nq8Z8+mkAvCFqgci04cp0Ad7DmTOX0="},"lastRemoteEphemeralKey":"BaH25xedAqDs1Q6GwNzSVx6Qxd5dlCYtOdxiL/IW00Eo","previousCounter":0,"rootKey":"d38JvBfqQrr4ICSknyUbNCKK8czzxwBs5DKgruATOis="},"indexInfo":{"baseKey":"BQbEwGeRBhTznla8sEnPDj/g5ds7eBlxdAMVFNTqAIon","baseKeyType":1,"closed":1682627577162,"used":1682627574996,"created":1682627574996,"remoteIdentityKey":"BYZnLaYOELYNkyFk9lGzmxi0FaJ3gjklLFYwkZqECcc2"},"_chains":{"Bb/83Y8OoPP9JW+HGMYbzfCAhJ3Bu5ZbTtkf7VT9a7tr":{"chainKey":{"counter":0,"key":"xxEfs+MOPPK2lFsRcbpp+41+DuyHeYXrp6A5FkXqS7w="},"chainType":1,"messageKeys":{}}},"pendingPreKey":{"signedKeyId":6,"baseKey":"BQbEwGeRBhTznla8sEnPDj/g5ds7eBlxdAMVFNTqAIon","preKeyId":4594242}},"BUgcKQco6uUeVMI6Low5DeUNaRxpakt9d6ziPdg3d/If":{"registrationId":1387225057,"currentRatchet":{"ephemeralKeyPair":{"pubKey":"Be0s86rZmnoCFcX9ebe1/lshxr8MgJDLO8ch8W1dCEdA","privKey":"2B4qreqZLH7f6YnauYY/Vl4apmUI5VTO6HBekYGHE2I="},"lastRemoteEphemeralKey":"BaH25xedAqDs1Q6GwNzSVx6Qxd5dlCYtOdxiL/IW00Eo","previousCounter":0,"rootKey":"MGeFLRJNe8sEPSY9TeJwUHzFSNKbzX6DjLGboEwYDZ8="},"indexInfo":{"baseKey":"BUgcKQco6uUeVMI6Low5DeUNaRxpakt9d6ziPdg3d/If","baseKeyType":1,"closed":1682627578348,"used":1682627577101,"created":1682627577101,"remoteIdentityKey":"BYZnLaYOELYNkyFk9lGzmxi0FaJ3gjklLFYwkZqECcc2"},"_chains":{"Be0s86rZmnoCFcX9ebe1/lshxr8MgJDLO8ch8W1dCEdA":{"chainKey":{"counter":0,"key":"9Tv7J6H58ZlvsjemGlJce40oOOoWWqEUUgqksiqgV2g="},"chainType":1,"messageKeys":{}}},"pendingPreKey":{"signedKeyId":6,"baseKey":"BUgcKQco6uUeVMI6Low5DeUNaRxpakt9d6ziPdg3d/If","preKeyId":4594247}},"BRTUBiMEmnfiqv+yj5IjP+msefzKwhX8vzlcZa3VVp8e":{"registrationId":1387225057,"currentRatchet":{"ephemeralKeyPair":{"pubKey":"BZyWdujmVaA1yWc77H9fn3CZARVzme9tQSdZQf+EI2cu","privKey":"oNuUCZyziIq3uItxWl6fyTF6nTOG2qgOlzdM0CzX+1o="},"lastRemoteEphemeralKey":"BaH25xedAqDs1Q6GwNzSVx6Qxd5dlCYtOdxiL/IW00Eo","previousCounter":0,"rootKey":"ii2nI6NhyRRreb9C5Rf6cmzCb+oGzM24PA9I/jZ3rEw="},"indexInfo":{"baseKey":"BRTUBiMEmnfiqv+yj5IjP+msefzKwhX8vzlcZa3VVp8e","baseKeyType":1,"closed":1682627579786,"used":1682627578339,"created":1682627578339,"remoteIdentityKey":"BYZnLaYOELYNkyFk9lGzmxi0FaJ3gjklLFYwkZqECcc2"},"_chains":{"BZyWdujmVaA1yWc77H9fn3CZARVzme9tQSdZQf+EI2cu":{"chainKey":{"counter":0,"key":"wYni/9I6W8kWmUVTW47Gp+ijABcYmECG7b/yOkWMunw="},"chainType":1,"messageKeys":{}}},"pendingPreKey":{"signedKeyId":6,"baseKey":"BRTUBiMEmnfiqv+yj5IjP+msefzKwhX8vzlcZa3VVp8e","preKeyId":4593874}},"BZ4IkllbBjTyy/DgvrtQIdzwU8S91ySrUpEON8dzrJBy":{"registrationId":1387225057,"currentRatchet":{"ephemeralKeyPair":{"pubKey":"BR9gej5fY4KRIlgWXq2q9EOfi/LeEQFk/NbVj+sGgZAL","privKey":"mPXij04Vei/8suOgv511Hzte7PpXmqQK4zoeRJ4t/2A="},"lastRemoteEphemeralKey":"BaH25xedAqDs1Q6GwNzSVx6Qxd5dlCYtOdxiL/IW00Eo","previousCounter":0,"rootKey":"Wovx4lPdwbaZNADjq6bwOQRjDUFK2Gc+JAHH0t+TSyQ="},"indexInfo":{"baseKey":"BZ4IkllbBjTyy/DgvrtQIdzwU8S91ySrUpEON8dzrJBy","baseKeyType":1,"closed":1682627581083,"used":1682627579717,"created":1682627579717,"remoteIdentityKey":"BYZnLaYOELYNkyFk9lGzmxi0FaJ3gjklLFYwkZqECcc2"},"_chains":{"BR9gej5fY4KRIlgWXq2q9EOfi/LeEQFk/NbVj+sGgZAL":{"chainKey":{"counter":0,"key":"/HZjjnMi9cntTJ21jgjMLUJq6AJHlIaFvsFQYGJsP8k="},"chainType":1,"messageKeys":{}}},"pendingPreKey":{"signedKeyId":6,"baseKey":"BZ4IkllbBjTyy/DgvrtQIdzwU8S91ySrUpEON8dzrJBy","preKeyId":4594188}},"BSOne6YTBDrgnmSOC6/W6bx5BLuuzgQhkH2s9HAuBcsd":{"registrationId":1387225057,"currentRatchet":{"ephemeralKeyPair":{"pubKey":"BchmuDoQdDSkDCsm1ur7o8r1KwB1bcTz0CiKgQ3z79os","privKey":"2Pzj7iPabF3ipdHoF4UVFbfqN8y27aegbsOTGeFLNmE="},"lastRemoteEphemeralKey":"BaH25xedAqDs1Q6GwNzSVx6Qxd5dlCYtOdxiL/IW00Eo","previousCounter":0,"rootKey":"yMWQlpwg7V8HI8ouTMs79gO3vaKRqY5+wzBx49Xe6uM="},"indexInfo":{"baseKey":"BSOne6YTBDrgnmSOC6/W6bx5BLuuzgQhkH2s9HAuBcsd","baseKeyType":1,"closed":1682627582218,"used":1682627581066,"created":1682627581066,"remoteIdentityKey":"BYZnLaYOELYNkyFk9lGzmxi0FaJ3gjklLFYwkZqECcc2"},"_chains":{"BchmuDoQdDSkDCsm1ur7o8r1KwB1bcTz0CiKgQ3z79os":{"chainKey":{"counter":0,"key":"K+CGaHyguKG7yBtC2BJ3kCkEYlRrUnWtdimMZ9rQXmQ="},"chainType":1,"messageKeys":{}}},"pendingPreKey":{"signedKeyId":6,"baseKey":"BSOne6YTBDrgnmSOC6/W6bx5BLuuzgQhkH2s9HAuBcsd","preKeyId":4594221}},"BSpHnG4HIcod3du8OHxmoPB3fPh6IodePJy+MJCxe5UW":{"registrationId":1387225057,"currentRatchet":{"ephemeralKeyPair":{"pubKey":"BTwEsDAFZXij4ekGwKfOgB8P1aDKi9+8qr/bLoFDzpVP","privKey":"kD3V5eBNGA+8SUgwXg6RPMlSayXmJb3UoM8NU5EtSlc="},"lastRemoteEphemeralKey":"BaH25xedAqDs1Q6GwNzSVx6Qxd5dlCYtOdxiL/IW00Eo","previousCounter":0,"rootKey":"UMj07ZW6PJmOoufaKmkp9C/neT8gmHySHSaEk/QFMqk="},"indexInfo":{"baseKey":"BSpHnG4HIcod3du8OHxmoPB3fPh6IodePJy+MJCxe5UW","baseKeyType":1,"closed":1682627583483,"used":1682627582214,"created":1682627582214,"remoteIdentityKey":"BYZnLaYOELYNkyFk9lGzmxi0FaJ3gjklLFYwkZqECcc2"},"_chains":{"BTwEsDAFZXij4ekGwKfOgB8P1aDKi9+8qr/bLoFDzpVP":{"chainKey":{"counter":0,"key":"TgW6Rcu6izfv49NpMN+yHU0/VV2Av4tmfRKPnSuP9R0="},"chainType":1,"messageKeys":{}}},"pendingPreKey":{"signedKeyId":6,"baseKey":"BSpHnG4HIcod3du8OHxmoPB3fPh6IodePJy+MJCxe5UW","preKeyId":4594240}},"BT+3m+DloXj1bkBoHDXo8wjfNIWcEfUjbDs9/azJbCZ7":{"registrationId":1387225057,"currentRatchet":{"ephemeralKeyPair":{"pubKey":"BWqfK9fYVj4LCRzCTerBNbJ526HEP075epKANVDJqWlU","privKey":"+N6erhJ47y968aWUc1UoKT5V+rMF5SeCF7PQVFS+lVk="},"lastRemoteEphemeralKey":"BaH25xedAqDs1Q6GwNzSVx6Qxd5dlCYtOdxiL/IW00Eo","previousCounter":0,"rootKey":"Utuk68/4Z6J21aHMBFZv1IldfF7uYywmID8/YCma3Gc="},"indexInfo":{"baseKey":"BT+3m+DloXj1bkBoHDXo8wjfNIWcEfUjbDs9/azJbCZ7","baseKeyType":1,"closed":1682627584893,"used":1682627583473,"created":1682627583473,"remoteIdentityKey":"BYZnLaYOELYNkyFk9lGzmxi0FaJ3gjklLFYwkZqECcc2"},"_chains":{"BWqfK9fYVj4LCRzCTerBNbJ526HEP075epKANVDJqWlU":{"chainKey":{"counter":0,"key":"20iWnGV9mIBJPtJnHAQ6IJrGHM4ZJYqHpnKnYPUc6y8="},"chainType":1,"messageKeys":{}}},"pendingPreKey":{"signedKeyId":6,"baseKey":"BT+3m+DloXj1bkBoHDXo8wjfNIWcEfUjbDs9/azJbCZ7","preKeyId":4593806}},"BdMFyIWzzgcqmPw5PQZbn/19Z5GkAqOIVJ0x783J4FV8":{"registrationId":1387225057,"currentRatchet":{"ephemeralKeyPair":{"pubKey":"BRBplq4lT8xU2ieisAEcPEOuNaeGOQ63WzAIDupU/cNP","privKey":"YNdbOhALdhVMvOlM7hzlWWHlGWDzHScNL3bqDkYUS2I="},"lastRemoteEphemeralKey":"BaH25xedAqDs1Q6GwNzSVx6Qxd5dlCYtOdxiL/IW00Eo","previousCounter":0,"rootKey":"0I4wzsKGjYXbPVkWe9pFzS8tkh53jpx/KMzMQXukb60="},"indexInfo":{"baseKey":"BdMFyIWzzgcqmPw5PQZbn/19Z5GkAqOIVJ0x783J4FV8","baseKeyType":1,"closed":-1,"used":1682627584889,"created":1682627584889,"remoteIdentityKey":"BYZnLaYOELYNkyFk9lGzmxi0FaJ3gjklLFYwkZqECcc2"},"_chains":{"BRBplq4lT8xU2ieisAEcPEOuNaeGOQ63WzAIDupU/cNP":{"chainKey":{"counter":236,"key":"v1V7m63IcufLi69oepvsZ0FHcHk05ZlwhFZE7ard9V8="},"chainType":1,"messageKeys":{}}},"pendingPreKey":{"signedKeyId":6,"baseKey":"BdMFyIWzzgcqmPw5PQZbn/19Z5GkAqOIVJ0x783J4FV8","preKeyId":4594187}}},"version":"v1"}