{"_sessions":{"Bffl82CUxNK+6rH4vihTUUateBF5SKpXOqc97zuzwz9B":{"registrationId":2080301036,"currentRatchet":{"ephemeralKeyPair":{"pubKey":"BVh2+0RXMEFVEanw9NSqlCnfbcjNPnM/2QoKrzd5ddFu","privKey":"EHJx+qHK1f8evpkvsbK81YiBeuSWoRNY6Q8uIq+m7Fo="},"lastRemoteEphemeralKey":"BYGu/5fKuy31RfYMRl/y9YFyvGo/joJvJhprlWssmu4X","previousCounter":0,"rootKey":"3BLcgGqW7FipSmrHVQRv3inDWyBI7tsq8gKpPx1HE1s="},"indexInfo":{"baseKey":"Bffl82CUxNK+6rH4vihTUUateBF5SKpXOqc97zuzwz9B","baseKeyType":1,"closed":-1,"used":1682603060933,"created":1682603060933,"remoteIdentityKey":"BeOCa6ftpRW0jywIU8UKVI1OXcMXJVWseJR3w+C3nXcY"},"_chains":{"BVh2+0RXMEFVEanw9NSqlCnfbcjNPnM/2QoKrzd5ddFu":{"chainKey":{"counter":360,"key":"JtCXZwXrWynn/bPL22cvFIf4WZCetHMCldyRBoceURg="},"chainType":1,"messageKeys":{}}},"pendingPreKey":{"signedKeyId":2,"baseKey":"Bffl82CUxNK+6rH4vihTUUateBF5SKpXOqc97zuzwz9B","preKeyId":10774648}}},"version":"v1"}