{"_sessions":{"BXcLCWi3D1ZuV4Gazjg5DFI4tUlLdQgNWNU7Ov4N6dw4":{"registrationId":728262431,"currentRatchet":{"ephemeralKeyPair":{"pubKey":"BS3jvUpM8GTabhPoXS9CR+/f9ENmK/VJZRqRZkUgmON4","privKey":"SMGIyW+JYcDAqVHq05l24iCfyIAUF/ZmHfgi9+jmk2A="},"lastRemoteEphemeralKey":"BaNxBtIks7CUI+zdPb/+hIrhdVQMjQRuITlc/8S2RUdt","previousCounter":0,"rootKey":"fTLGe0dAMC9gc9Zqyagc0pDFR1YuXcWJug5WNWSZZoI="},"indexInfo":{"baseKey":"BXcLCWi3D1ZuV4Gazjg5DFI4tUlLdQgNWNU7Ov4N6dw4","baseKeyType":1,"closed":-1,"used":1682603060940,"created":1682603060940,"remoteIdentityKey":"BfcrcNKqLHgiEDkhTfYjZaOdaAanPn0xNU9Z3vGzhCds"},"_chains":{"BS3jvUpM8GTabhPoXS9CR+/f9ENmK/VJZRqRZkUgmON4":{"chainKey":{"counter":360,"key":"HnnuBGnNgac3oOyH+ZssSwuHPUm4hPHqoMVBE0Dhgjg="},"chainType":1,"messageKeys":{}}},"pendingPreKey":{"signedKeyId":2,"baseKey":"BXcLCWi3D1ZuV4Gazjg5DFI4tUlLdQgNWNU7Ov4N6dw4"}}},"version":"v1"}