{"_sessions":{"BVlxwf5OdMITIghbEZ2LP01ijxb2KfRhcJB/vRQIpeEi":{"registrationId":1556922360,"currentRatchet":{"ephemeralKeyPair":{"pubKey":"BRUneuHXGKbFEGYcyCXFfEtB6LAe4fQHYJxRy5jaIg11","privKey":"mB2OAArjtbU9wmc9cnak27N5h/LIFqFnm/A3R7d0T2s="},"lastRemoteEphemeralKey":"BX1NwYleekhcmDOqYKuQWyVyufKtm6hVlgCZJiYC2Psq","previousCounter":0,"rootKey":"DtCK8V+DHciSpsJe1gNDpYbNzRfUEVk2mpRksAJ1+cw="},"indexInfo":{"baseKey":"BVlxwf5OdMITIghbEZ2LP01ijxb2KfRhcJB/vRQIpeEi","baseKeyType":1,"closed":-1,"used":1682603060983,"created":1682603060983,"remoteIdentityKey":"BUrM8kmrcdAl6rIgJHaUg/J9P8cSqHcCKcRq6xA7cBoU"},"_chains":{"BRUneuHXGKbFEGYcyCXFfEtB6LAe4fQHYJxRy5jaIg11":{"chainKey":{"counter":360,"key":"+56hXF0sSNG2NVJzLVCdLOUK3bnM3WA95n7AqNdTwQQ="},"chainType":1,"messageKeys":{}}},"pendingPreKey":{"signedKeyId":45,"baseKey":"BVlxwf5OdMITIghbEZ2LP01ijxb2KfRhcJB/vRQIpeEi"}}},"version":"v1"}