{"_sessions":{"BQah5pe6vnZ7he1euZBC7S4oX8O769PGjQyejJ5N73wh":{"registrationId":615853034,"currentRatchet":{"ephemeralKeyPair":{"pubKey":"BUyndDWc/IDp3RIz7pmJO90tE43pc76Bn25iYaFhvCNf","privKey":"eKErDObp58ws54vGaoRxL8ZrH+gQpbs6WS3p3J7EuWQ="},"lastRemoteEphemeralKey":"BRMMYXZ70qljRkEYK+kPt6USXtT5u68Gv1McYjxh/Lk+","previousCounter":35,"rootKey":"6b/nL8K8Q3e7oLLWciLDeOtf7SSM1iatAaOfKsYLhpY="},"indexInfo":{"baseKey":"BQah5pe6vnZ7he1euZBC7S4oX8O769PGjQyejJ5N73wh","baseKeyType":1,"closed":-1,"used":1682608273459,"created":1682603061333,"remoteIdentityKey":"BWXZReBR9gKFO3gy9JgGRFKbDDmwoDZtjqIeECpWMSdU"},"_chains":{"BRMMYXZ70qljRkEYK+kPt6USXtT5u68Gv1McYjxh/Lk+":{"chainKey":{"counter":0,"key":"woNyxYa/CZXworcAWmEciNRrA1r7XaFS45p0MGU+nAs="},"chainType":2,"messageKeys":{}},"BUyndDWc/IDp3RIz7pmJO90tE43pc76Bn25iYaFhvCNf":{"chainKey":{"counter":324,"key":"UsGVt7CweiyvG8+kXcOupc85XIkt9hrkJ+RH9BTo7Hk="},"chainType":1,"messageKeys":{}}}}},"version":"v1"}