{"_sessions":{"BShW1PmuD3evGVMCYh5HesLElN76zH9kNZsWNAmuyikX":{"registrationId":531602732,"currentRatchet":{"ephemeralKeyPair":{"pubKey":"BcAoLp8wcn2Wj8lXbc34jZzuIh4Dv5mFXaPE6PYZfhA4","privKey":"OBXOkXctjOdn0rgKe4h2kAb47Xltxc4orWzy309va38="},"lastRemoteEphemeralKey":"BZMJRD6km6+F2iXj3YPVS2AefM15y0ifv7AwxXeYqY0K","previousCounter":0,"rootKey":"42SfLvh9uzZTYr6Six0dLKE4NpYzYCUDpNqYJ2KoHYc="},"indexInfo":{"baseKey":"BShW1PmuD3evGVMCYh5HesLElN76zH9kNZsWNAmuyikX","baseKeyType":1,"closed":-1,"used":1682619374066,"created":1682619374066,"remoteIdentityKey":"BW8NIiVuFy5Z5CKtRv9Dma003VV6+apnr/Mj48+ybHII"},"_chains":{"BcAoLp8wcn2Wj8lXbc34jZzuIh4Dv5mFXaPE6PYZfhA4":{"chainKey":{"counter":3,"key":"7Pl0J3rzm6t1wThz0DH2S4fUmWuitxz/DEDfedDighc="},"chainType":1,"messageKeys":{}}},"pendingPreKey":{"signedKeyId":0,"baseKey":"BShW1PmuD3evGVMCYh5HesLElN76zH9kNZsWNAmuyikX"}}},"version":"v1"}