{"_sessions":{"Bd7mZBefYa8HY7NGeS13KmZN8iQ4P/a1ywwq0KYGN9M/":{"registrationId":3556,"currentRatchet":{"ephemeralKeyPair":{"pubKey":"BTKCfjsNtNWERqGNxMN8CoBl53uGIYq/G6ZPK67rm+0C","privKey":"iNUkvYjRATPkp4gJoz+GqdMXRR4y+xjwwOEGpKtAXkI="},"lastRemoteEphemeralKey":"BSB/wmDlTIjMywXAloOgwWSLaEiW9ZHc8PscfKDDj+Np","previousCounter":0,"rootKey":"m7v9Y9xu7USxNd0/vAOoOb8h5U410jgChLiZ5Fg3vbs="},"indexInfo":{"baseKey":"Bd7mZBefYa8HY7NGeS13KmZN8iQ4P/a1ywwq0KYGN9M/","baseKeyType":1,"closed":-1,"used":1682619373759,"created":1682619373759,"remoteIdentityKey":"BWxx84CubLd4GDch2P76vEOBPLUfNQIpYzXOu9LzzE5T"},"_chains":{"BTKCfjsNtNWERqGNxMN8CoBl53uGIYq/G6ZPK67rm+0C":{"chainKey":{"counter":3,"key":"wvycn1pLPYgZvHcwtBLmCmM97mInXKbGgNIR42/o33M="},"chainType":1,"messageKeys":{}}},"pendingPreKey":{"signedKeyId":1,"baseKey":"Bd7mZBefYa8HY7NGeS13KmZN8iQ4P/a1ywwq0KYGN9M/"}}},"version":"v1"}