{"_sessions":{"BUnHBSdH9/mQupQV6rP5uRqc4tSVBtNRCXiLLW7gCtM0":{"registrationId":1032566777,"currentRatchet":{"ephemeralKeyPair":{"pubKey":"BU7BQfkufvkYnLsWIj5AxB9uMk8VvBShMRS9nYPVj0B2","privKey":"qHcYkkJ0tHh/psDLVV0vta39oaGgPa1N6mva0XdrsXc="},"lastRemoteEphemeralKey":"BTtuqEbGyMbE6YEAFE0CYn248HftIBgmYKKFXzuhQRh9","previousCounter":0,"rootKey":"rgo8llNfzO0XW8hvrVrxd31FfFKLsAnTsFf9N0OGRS8="},"indexInfo":{"baseKey":"BUnHBSdH9/mQupQV6rP5uRqc4tSVBtNRCXiLLW7gCtM0","baseKeyType":1,"closed":-1,"used":1682603061013,"created":1682603061013,"remoteIdentityKey":"BbiPjYM7EL+lBGOW1qZ9ILiFZWCcWesLXxKQO5maCx1k"},"_chains":{"BU7BQfkufvkYnLsWIj5AxB9uMk8VvBShMRS9nYPVj0B2":{"chainKey":{"counter":360,"key":"LyMWSSfFml9smvnDLgpX3MpjJZwDrS2furYBMEiORuY="},"chainType":1,"messageKeys":{}}},"pendingPreKey":{"signedKeyId":5,"baseKey":"BUnHBSdH9/mQupQV6rP5uRqc4tSVBtNRCXiLLW7gCtM0"}}},"version":"v1"}