{"_sessions":{"BWybmXZk69ia5SU8d2SxM3B11Hi+5+VVC4b+GAThWHFt":{"registrationId":196093617,"currentRatchet":{"ephemeralKeyPair":{"pubKey":"BdIhHmXhqVDupewiqqZNzpmerpexBIqlELAG1Hsh/WF7","privKey":"KMf4MdAI4pTSZ6DrQ9msu12n6evKOl7UgdxmqGkB2n0="},"lastRemoteEphemeralKey":"BcmOKDbH1QjBRmgXtBnHUgzT2RAWFwOqsGy2d6UB2FcL","previousCounter":0,"rootKey":"41u7SVtbOAO82dcRNsf2dxqz8sbyhEN/hHUOlUWnj0U="},"indexInfo":{"baseKey":"BWybmXZk69ia5SU8d2SxM3B11Hi+5+VVC4b+GAThWHFt","baseKeyType":1,"closed":-1,"used":1682603061404,"created":1682603061404,"remoteIdentityKey":"BeBmtGZzh+NyTq9uMzbGKwXHfzUJc9JA+cBlntij/2ct"},"_chains":{"BdIhHmXhqVDupewiqqZNzpmerpexBIqlELAG1Hsh/WF7":{"chainKey":{"counter":360,"key":"6+R+SXjmH0o59FPCcZcFQnM4CKxKfj+YOGRbt8L4Yps="},"chainType":1,"messageKeys":{}}},"pendingPreKey":{"signedKeyId":1,"baseKey":"BWybmXZk69ia5SU8d2SxM3B11Hi+5+VVC4b+GAThWHFt","preKeyId":3086068}}},"version":"v1"}