{"_sessions":{"BY855QPQMbf3OCwOvpExbMGnH+hnhM/41l4FO17jC7cK":{"registrationId":14147,"currentRatchet":{"ephemeralKeyPair":{"pubKey":"BTLa0tWTcCvimkuHeu9D6fEIy5s7NVkvgJGk9qI/JAMR","privKey":"aJktcEI5gY7JV+0SZ7IraMQyXJULtEd2c3WG4AGBlUI="},"lastRemoteEphemeralKey":"Ba70pjL0DM+o3orVp8Sc0S08oox0HYVDKrKaaDSHIhE4","previousCounter":0,"rootKey":"/2tqV64ptEwAa9fL+O9sdlg6KPuVu1baokpCv9qNmig="},"indexInfo":{"baseKey":"BY855QPQMbf3OCwOvpExbMGnH+hnhM/41l4FO17jC7cK","baseKeyType":1,"closed":-1,"used":1682619373798,"created":1682619373798,"remoteIdentityKey":"BYBdP2EppMSq5PK/iyevg6rzdtGNgq0Uu6iKNNzlfzcV"},"_chains":{"BTLa0tWTcCvimkuHeu9D6fEIy5s7NVkvgJGk9qI/JAMR":{"chainKey":{"counter":3,"key":"eL/JtXhfW3uoBCI+NxqXntt+/0UGj2Hodrt0IOrsadg="},"chainType":1,"messageKeys":{}}},"pendingPreKey":{"signedKeyId":1,"baseKey":"BY855QPQMbf3OCwOvpExbMGnH+hnhM/41l4FO17jC7cK","preKeyId":68}}},"version":"v1"}