{"_sessions":{"BV41zA9a1w9gV78IHXjppHHwwGXXvblgiYvy7P4mWd13":{"registrationId":9766,"currentRatchet":{"ephemeralKeyPair":{"pubKey":"BXTPLI9UiJC/AjuyLx8J3u0pCclLEapX5/f6S5foD/0z","privKey":"gIR2lWAw+ZenPsTqYKXyJJvEzNAG66it7GoAypIVp04="},"lastRemoteEphemeralKey":"BSM43pp/5L89JtPHtrkOuSztJNiLLKCanATTv36YICdt","previousCounter":0,"rootKey":"kif0xK3BfWP+d15hACkEhOVWgWF8VwOfYGoAuwLh87g="},"indexInfo":{"baseKey":"BV41zA9a1w9gV78IHXjppHHwwGXXvblgiYvy7P4mWd13","baseKeyType":1,"closed":-1,"used":1682603060789,"created":1682603060789,"remoteIdentityKey":"BUxCfLP6UnxhYVWH4yA4GP7VrWRnBqt/SVajIssz1oxC"},"_chains":{"BXTPLI9UiJC/AjuyLx8J3u0pCclLEapX5/f6S5foD/0z":{"chainKey":{"counter":360,"key":"7ZA6moYgGeIU28+jc+d44VGJcBnNRSXi08Xc/M3Mkuo="},"chainType":1,"messageKeys":{}}},"pendingPreKey":{"signedKeyId":1,"baseKey":"BV41zA9a1w9gV78IHXjppHHwwGXXvblgiYvy7P4mWd13"}}},"version":"v1"}