{"_sessions":{"BfvQqsyGpouv4dCTNgmu4ezGDPiek6rTB/Rx7at4XV5e":{"registrationId":215,"currentRatchet":{"ephemeralKeyPair":{"pubKey":"BUjQoFDJ5PlByB/dFPChPNCRoXBzvqddGirhty8tu8NB","privKey":"KMCT0n9th08L1h3METuqNzXizSKeQ6TB/USYCorwgGo="},"lastRemoteEphemeralKey":"BdAfldRpr53Bcb0pDOEYiZFei2tvLqM4GtWB4ISWLjd/","previousCounter":0,"rootKey":"BIuKVs1SL3HnA9PNxCU6GLp6OLZA1ZGsI4ooPrBP8vM="},"indexInfo":{"baseKey":"BfvQqsyGpouv4dCTNgmu4ezGDPiek6rTB/Rx7at4XV5e","baseKeyType":1,"closed":-1,"used":1682603060787,"created":1682603060787,"remoteIdentityKey":"BZ6HtDersxX2eRDJ8jPL14Ng++C8YxRC65qFjLL7xXhM"},"_chains":{"BUjQoFDJ5PlByB/dFPChPNCRoXBzvqddGirhty8tu8NB":{"chainKey":{"counter":360,"key":"vB/4AT/ieHcFr4xt5g9O0g7Kx0TJWv6wnVmcFEA0kYs="},"chainType":1,"messageKeys":{}}},"pendingPreKey":{"signedKeyId":1,"baseKey":"BfvQqsyGpouv4dCTNgmu4ezGDPiek6rTB/Rx7at4XV5e"}}},"version":"v1"}