{"_sessions":{"BWpLuyGqkh9Tu6LJl0D8rRabfOMrealgbKuEYjr0V3RT":{"registrationId":1862854802,"currentRatchet":{"ephemeralKeyPair":{"pubKey":"BRDKlSYFcBxoUi7MlokQ9FeC89HzfNnUhTX+KoFZBMo8","privKey":"mNZMudhhupuoJbslJ01xDFKYBTZ5P25sWTuxQXO/HkE="},"lastRemoteEphemeralKey":"Ba+73xlo6Xd+1FWDa5Vh4HpGZJqNTBCYunS0hdFixGgs","previousCounter":0,"rootKey":"SER3IB1iSVUQ+VJ8ecZ5EzUFGANtgLaulAVArPhfULM="},"indexInfo":{"baseKey":"BWpLuyGqkh9Tu6LJl0D8rRabfOMrealgbKuEYjr0V3RT","baseKeyType":1,"closed":-1,"used":1682619373945,"created":1682619373945,"remoteIdentityKey":"Bb03iRORKojiTnZAFsrHdJtZqZnmsdu11n+z1VWs1TtZ"},"_chains":{"BRDKlSYFcBxoUi7MlokQ9FeC89HzfNnUhTX+KoFZBMo8":{"chainKey":{"counter":3,"key":"jf7x8bWK4MzLFwcW+ALvNAsS4DKsFeVeFBHiup3Sxe0="},"chainType":1,"messageKeys":{}}},"pendingPreKey":{"signedKeyId":50,"baseKey":"BWpLuyGqkh9Tu6LJl0D8rRabfOMrealgbKuEYjr0V3RT","preKeyId":9503941}}},"version":"v1"}