{"_sessions":{"Bf/4kFcQVRVNWPUsp/Pp6MnpYeswj1Nt936dwKECGyVh":{"registrationId":767687888,"currentRatchet":{"ephemeralKeyPair":{"pubKey":"BRNV2seboqYWZPgXIxCRsWkZedZLD6Cf7oYgJNZuZxZ5","privKey":"YCtykyhMfu0yNKyKQmq1CxJPWEFy2P+Ddg/HWFAnVmw="},"lastRemoteEphemeralKey":"BWLFXUFw6WDdmktIpvxCn/nOBrdMz73sO39vpln6Ma4y","previousCounter":0,"rootKey":"SKdtX3S9f0gs5gAnxUia/LnTN+svc8L9Ro0hPsAAhEA="},"indexInfo":{"baseKey":"Bf/4kFcQVRVNWPUsp/Pp6MnpYeswj1Nt936dwKECGyVh","baseKeyType":1,"closed":-1,"used":1682603060981,"created":1682603060981,"remoteIdentityKey":"BWkduVx6zTW6bdXriRCpRr87agha3WgtUtW0sZUT2oMh"},"_chains":{"BRNV2seboqYWZPgXIxCRsWkZedZLD6Cf7oYgJNZuZxZ5":{"chainKey":{"counter":360,"key":"OviXfUtzum8JUM57I08aJcJV1z9XEsydmwYBUEkrqMo="},"chainType":1,"messageKeys":{}}},"pendingPreKey":{"signedKeyId":0,"baseKey":"Bf/4kFcQVRVNWPUsp/Pp6MnpYeswj1Nt936dwKECGyVh"}}},"version":"v1"}