{"_sessions":{"BWifeaiVJxK655ejgDfftU50A9AoPN8j/YHHFVdB37NV":{"registrationId":1946041921,"currentRatchet":{"ephemeralKeyPair":{"pubKey":"Bd58gKsNj1n4yQdsa92+7kLSDvuo5NgCqCBJmWTXFNkd","privKey":"UOfSts01f0PBoMGLldHL48LlNLReGwm77Bvl3sHky0M="},"lastRemoteEphemeralKey":"BTZ2A3eXhl4H2v9Lb7W8ry4zN2Kn4WQgGmYjjwJ3tCE3","previousCounter":0,"rootKey":"fJB7PKCJpEZPKshXG7DWE/HQqN4uUetZNp5AuSKVdg0="},"indexInfo":{"baseKey":"BWifeaiVJxK655ejgDfftU50A9AoPN8j/YHHFVdB37NV","baseKeyType":1,"closed":-1,"used":1682619374088,"created":1682619374088,"remoteIdentityKey":"BZ2fQLzpC7ENyjtKZ3wHFg3cUraGLDZ+CSHh1jGCaBJW"},"_chains":{"Bd58gKsNj1n4yQdsa92+7kLSDvuo5NgCqCBJmWTXFNkd":{"chainKey":{"counter":3,"key":"a/90bKJwKte2wEo8AsfitL6S8+Za3EpLN+lARANSlZY="},"chainType":1,"messageKeys":{}}},"pendingPreKey":{"signedKeyId":4,"baseKey":"BWifeaiVJxK655ejgDfftU50A9AoPN8j/YHHFVdB37NV","preKeyId":6849087}}},"version":"v1"}