{"_sessions":{"BWOqGwUI0e1g9wOLJvTgX6jauKZsjB+cfNZ6m4oM6+xx":{"registrationId":194225288,"currentRatchet":{"ephemeralKeyPair":{"pubKey":"BULpwfnh1FQA02lMdvVtU4ilVOCA/ysSjIkSCpZjbVtI","privKey":"gL7AlbrM1llNZX37146Nk74iOrTgtQrz605KkpjotmY="},"lastRemoteEphemeralKey":"BZpBjC19vyGPrxK/iHRFvlt4YNodcGW4oyBUJFp8p81u","previousCounter":0,"rootKey":"IjNSUeGyxOqt3q8KBvcQOBLwDAK7JQki3KCSte+CPm8="},"indexInfo":{"baseKey":"BWOqGwUI0e1g9wOLJvTgX6jauKZsjB+cfNZ6m4oM6+xx","baseKeyType":1,"closed":-1,"used":1682603060949,"created":1682603060949,"remoteIdentityKey":"BU64FGwI/MBUpnfWaiNLxAYB+8J6154YiRSy9/d6u9Qm"},"_chains":{"BULpwfnh1FQA02lMdvVtU4ilVOCA/ysSjIkSCpZjbVtI":{"chainKey":{"counter":360,"key":"bZ3srRFhpvxXNtnqZzmcj9dy4wsAYNjRDLrvqhXKKIM="},"chainType":1,"messageKeys":{}}},"pendingPreKey":{"signedKeyId":6,"baseKey":"BWOqGwUI0e1g9wOLJvTgX6jauKZsjB+cfNZ6m4oM6+xx","preKeyId":11597078}}},"version":"v1"}