{"_sessions":{"BaF3Jwp3NNBrpKpAN8ZElWf7crpUKZe6nexWfep035Bc":{"registrationId":1518165293,"currentRatchet":{"ephemeralKeyPair":{"pubKey":"BRwohLV3WpSeS6Jd/QdRZnYFES93K4yvoqn3DKy8PBEL","privKey":"MLY0aX1FSSZVOkQjsCsIAswwJ4UpaRZtnBS/URtqWXU="},"lastRemoteEphemeralKey":"BZH41Z40PPx7zbaQorwe0BXHhSXWQOQ7HCIIBXnPdPd9","previousCounter":0,"rootKey":"JYAuoE01N1Xi7ZuGnNPqKXONzc1D5uVgiCjQ0uNBLI8="},"indexInfo":{"baseKey":"BaF3Jwp3NNBrpKpAN8ZElWf7crpUKZe6nexWfep035Bc","baseKeyType":1,"closed":-1,"used":1682603061399,"created":1682603061399,"remoteIdentityKey":"BUBDSXvbx/5VGKpXUMxekg2iniwwljTBDEjVVeguD9Ze"},"_chains":{"BRwohLV3WpSeS6Jd/QdRZnYFES93K4yvoqn3DKy8PBEL":{"chainKey":{"counter":360,"key":"pQ/kShi2NHXAwURGdVo5sgO+rmHN3Rk2BAk1C9FjjaM="},"chainType":1,"messageKeys":{}}},"pendingPreKey":{"signedKeyId":1,"baseKey":"BaF3Jwp3NNBrpKpAN8ZElWf7crpUKZe6nexWfep035Bc","preKeyId":539560}}},"version":"v1"}