{"_sessions":{"BUVRcHZCYXyx+C5Gbj528f8se/I4PXEP3nC7rcRhXm5Q":{"registrationId":1225636639,"currentRatchet":{"ephemeralKeyPair":{"pubKey":"BXoQTLI51aT+LaHQVKmWasF107x1sV8ly8wpjy1/1p1x","privKey":"oLonvqPRMQcKnURePBcAwJkPAGIUhbyHjQ+Z4b/C5Ws="},"lastRemoteEphemeralKey":"BeGshME+K7CVVOZnIIh4tQwnkNDT9GXTd+V7uOMRybw8","previousCounter":0,"rootKey":"IANLPtlIobG8HNao73TH8SXSdEHt42JVYz5GDFkt5Fw="},"indexInfo":{"baseKey":"BUVRcHZCYXyx+C5Gbj528f8se/I4PXEP3nC7rcRhXm5Q","baseKeyType":1,"closed":-1,"used":1682619374198,"created":1682619374198,"remoteIdentityKey":"BaZB/wRAvgh6AYHIkGSgntYBtvY+KlNmai87YjN20LN5"},"_chains":{"BXoQTLI51aT+LaHQVKmWasF107x1sV8ly8wpjy1/1p1x":{"chainKey":{"counter":3,"key":"hiuoAKNmi8ivec0ndOPWiku5KzvO/1PVgWJUnpjONBE="},"chainType":1,"messageKeys":{}}},"pendingPreKey":{"signedKeyId":2,"baseKey":"BUVRcHZCYXyx+C5Gbj528f8se/I4PXEP3nC7rcRhXm5Q","preKeyId":3821295}}},"version":"v1"}