{"_sessions":{"Bdm/B2x4T0tCSPObaLTFnjqQfKT5r1chT/R77OG+x1wq":{"registrationId":659677949,"currentRatchet":{"ephemeralKeyPair":{"pubKey":"Bctf6tLczzgYDUG+I08g1oJXDPqNKy4PZOwdpeFiihhO","privKey":"QNPkuXHE9WC1RRNvxp6rMMW5qEnguSH3UiW2773wi10="},"lastRemoteEphemeralKey":"BWvxIhPTlj7NfbhDMUNnaihN6Qe4mB6xs06OMu20zLo6","previousCounter":0,"rootKey":"lMwmVlKOTDCv49CZ1Yo5S5URIiF8kvy6BnhLu7yLt+Q="},"indexInfo":{"baseKey":"Bdm/B2x4T0tCSPObaLTFnjqQfKT5r1chT/R77OG+x1wq","baseKeyType":1,"closed":-1,"used":1682603060958,"created":1682603060958,"remoteIdentityKey":"BUmChViU8O84o9gAP0SblurEi1gEyBcLk71x1H3aN79T"},"_chains":{"Bctf6tLczzgYDUG+I08g1oJXDPqNKy4PZOwdpeFiihhO":{"chainKey":{"counter":360,"key":"eQ+uNWsgUrET0APbFfJ/C9yqLdtKQ5lBLd1LXwZCN1I="},"chainType":1,"messageKeys":{}}},"pendingPreKey":{"signedKeyId":17,"baseKey":"Bdm/B2x4T0tCSPObaLTFnjqQfKT5r1chT/R77OG+x1wq","preKeyId":466903}}},"version":"v1"}