{"_sessions":{"BRk4wFzpTfqxWbXdYZ8zRdzWPlPD2vCgZd6Z/BYx0Usz":{"registrationId":1001822204,"currentRatchet":{"ephemeralKeyPair":{"pubKey":"BUBChjM5sTHmjLhrWFw7nFAJphkbKpqM6OSPm0qfoU5P","privKey":"MO0/E/NZzCHAufLqX7iABS3B/TrcsTABh1Ie2k8I/FA="},"lastRemoteEphemeralKey":"BSlP/C5BmwR0S8YTzuOZcr6VEVyg50lojf2sxhZrid87","previousCounter":0,"rootKey":"WEfYRR1N8/SVKRIfg+uyNMu3x3WHhCLxvhLQRI5PowQ="},"indexInfo":{"baseKey":"BRk4wFzpTfqxWbXdYZ8zRdzWPlPD2vCgZd6Z/BYx0Usz","baseKeyType":1,"closed":-1,"used":1682619373908,"created":1682619373908,"remoteIdentityKey":"BWRgmB7mohaF5RQjBuuDs2YCsQaHoqEnsvgVCUKbrd0c"},"_chains":{"BUBChjM5sTHmjLhrWFw7nFAJphkbKpqM6OSPm0qfoU5P":{"chainKey":{"counter":3,"key":"+aY1u46NLhKC7Lhf7fHW/WjtktZL9eTxp3RoI5KIDqI="},"chainType":1,"messageKeys":{}}},"pendingPreKey":{"signedKeyId":5,"baseKey":"BRk4wFzpTfqxWbXdYZ8zRdzWPlPD2vCgZd6Z/BYx0Usz","preKeyId":7173098}}},"version":"v1"}