{"_sessions":{"Be8l5Enq/G/u4KygXfl5d58Hj6/F7caEgkloCWXZgnUC":{"registrationId":1987724177,"currentRatchet":{"ephemeralKeyPair":{"pubKey":"BaH4vwkoIYI7AKwCJyXr9wodYmfbKACb6QshWpSoCZsy","privKey":"yAFH/rXGZXW39JagxOzcqJt/NgAf1fFlPULX2HS4z30="},"lastRemoteEphemeralKey":"BQZX9j6gQvIoiJmBR5rEDMQG11t7raN4AwiQGNmsFl89","previousCounter":0,"rootKey":"NqlJrRA2Y8jG/a1fgTr+FmaW9os2wBTN4IUxDToNmR8="},"indexInfo":{"baseKey":"Be8l5Enq/G/u4KygXfl5d58Hj6/F7caEgkloCWXZgnUC","baseKeyType":1,"closed":-1,"used":1682619373965,"created":1682619373965,"remoteIdentityKey":"BXD8IZ1x5KwwQEvWnw0+wDMGXo9ZBvwB9S0+xRzt3UJX"},"_chains":{"BaH4vwkoIYI7AKwCJyXr9wodYmfbKACb6QshWpSoCZsy":{"chainKey":{"counter":3,"key":"amem3o9n6zNj+FfZMDAsmIWrJBJuFE18bsuAj5hLMtY="},"chainType":1,"messageKeys":{}}},"pendingPreKey":{"signedKeyId":6,"baseKey":"Be8l5Enq/G/u4KygXfl5d58Hj6/F7caEgkloCWXZgnUC","preKeyId":10191409}}},"version":"v1"}