{"_sessions":{"BZV6bgkBY2MIsdBK9hxUVrw9QjDxnVzx28ECrhNd/9cE":{"registrationId":549064205,"currentRatchet":{"ephemeralKeyPair":{"pubKey":"Bb1W9mzJmShWUuMUPH9kGSlqCTTdMZjwpg+rgYSK+jMa","privKey":"4JoLmrOVXa6R0Q5h6nchceRzBm5eKFqv7D0H/o4PGEQ="},"lastRemoteEphemeralKey":"BUI0y8co49Wj4XNEmSRs88yytdOvR2ErBvbrBTFy4JlS","previousCounter":0,"rootKey":"ksMNAt0v7DAUZ1HPOYgSPIpRqhoYTOkSDJtj6JtZd3I="},"indexInfo":{"baseKey":"BZV6bgkBY2MIsdBK9hxUVrw9QjDxnVzx28ECrhNd/9cE","baseKeyType":1,"closed":-1,"used":1682603060942,"created":1682603060942,"remoteIdentityKey":"BQ1OSUaP53AOsofuDr2oLYoSyNcj344h7Rtqqt6abS4q"},"_chains":{"Bb1W9mzJmShWUuMUPH9kGSlqCTTdMZjwpg+rgYSK+jMa":{"chainKey":{"counter":360,"key":"JwfUp+wzOUM1M9adwbeY4UFIDX4U4mk40kWm3kg5QPg="},"chainType":1,"messageKeys":{}}},"pendingPreKey":{"signedKeyId":1,"baseKey":"BZV6bgkBY2MIsdBK9hxUVrw9QjDxnVzx28ECrhNd/9cE"}}},"version":"v1"}