{"_sessions":{"BXviaXMhla/WA+JIGbHmCjJA0c6kuoY5QH7aI7TMFR5i":{"registrationId":1809259009,"currentRatchet":{"ephemeralKeyPair":{"pubKey":"BcWkOytr2+y1+pkApyrN+8jFY2i6QMHSfsipwYGwSV9b","privKey":"YLM51JJyNw42rolwlBghlmq1C71nQ6LSWoztY1gUFms="},"lastRemoteEphemeralKey":"BeWGIu+za7AkX5kEgDCMPrCUhSGMojPHLgLlpxoYmmhC","previousCounter":0,"rootKey":"N96bgV+oLzPI1v9xeKlv8z4dy1jbs1ppxE01ifZocKU="},"indexInfo":{"baseKey":"BXviaXMhla/WA+JIGbHmCjJA0c6kuoY5QH7aI7TMFR5i","baseKeyType":1,"closed":-1,"used":1682619374153,"created":1682619374153,"remoteIdentityKey":"BX+2Fh3S5HXeC0hXZftY4K0I9Y/SSDUW9zOd7kyHCCB2"},"_chains":{"BcWkOytr2+y1+pkApyrN+8jFY2i6QMHSfsipwYGwSV9b":{"chainKey":{"counter":3,"key":"zuHGw98BfAZAGl193NxufnZYCpojKIeJI0DE65BOvf4="},"chainType":1,"messageKeys":{}}},"pendingPreKey":{"signedKeyId":5,"baseKey":"BXviaXMhla/WA+JIGbHmCjJA0c6kuoY5QH7aI7TMFR5i"}}},"version":"v1"}