{"_sessions":{"BaNUWV2xFnm6BwaPTEx2lc2yi+GWsE7uFkSamHgnIE4j":{"registrationId":816366865,"currentRatchet":{"ephemeralKeyPair":{"pubKey":"BVmHuGQUF0HIhK2Fvy4jJoSeuLneIpBZah8kVhfUKJU9","privKey":"sDcGy/JubNK5jltrnoiDKa0SKWikMJreO2PB/mGjkG4="},"lastRemoteEphemeralKey":"BabjUbT7OGwDj3vyYMF4QiLj2Y60Z1NBNr7PVr7Vrooq","previousCounter":0,"rootKey":"7jnvfafPO1wDr8sKY7FEhN8zalGgpNgBpAfcbX7JeZw="},"indexInfo":{"baseKey":"BaNUWV2xFnm6BwaPTEx2lc2yi+GWsE7uFkSamHgnIE4j","baseKeyType":1,"closed":-1,"used":1682619373937,"created":1682619373937,"remoteIdentityKey":"Ba/zUaZUss0SdkJEXzy84ZoGcJ4mAKMWFLdwpS76i3QW"},"_chains":{"BVmHuGQUF0HIhK2Fvy4jJoSeuLneIpBZah8kVhfUKJU9":{"chainKey":{"counter":3,"key":"s9PWD3PE311gPwOVuqPHs4UMJYik8iFJj6FYCifjVpk="},"chainType":1,"messageKeys":{}}},"pendingPreKey":{"signedKeyId":3,"baseKey":"BaNUWV2xFnm6BwaPTEx2lc2yi+GWsE7uFkSamHgnIE4j","preKeyId":16199703}}},"version":"v1"}