{"_sessions":{"BUynVpo7+oS4DSD06fXAZ+xRczeRtpCS+JtFKFtnxr04":{"registrationId":1886269268,"currentRatchet":{"ephemeralKeyPair":{"pubKey":"BdrLjAQDG6O+qfp0YJSPOs8fUtxcdKIB9AQZE+YeeJAs","privKey":"EGoGLN/pj1diU7mXNAlEwxZLvPGtXJt9ImhZo0amQWM="},"lastRemoteEphemeralKey":"BV20SaEdfLmmuEe6WERaL/gVFcWj9bFuMge4SlecbFJT","previousCounter":0,"rootKey":"EFTt0kSwcuyrKKPHa0rp+ZY3BtLtQgBn0Bi1njwxDkA="},"indexInfo":{"baseKey":"BUynVpo7+oS4DSD06fXAZ+xRczeRtpCS+JtFKFtnxr04","baseKeyType":1,"closed":-1,"used":1682603060950,"created":1682603060950,"remoteIdentityKey":"Bee3E8SHScdJ1ziBgV6c1/BXVyyv9FaXLAoLxAt/lrZg"},"_chains":{"BdrLjAQDG6O+qfp0YJSPOs8fUtxcdKIB9AQZE+YeeJAs":{"chainKey":{"counter":360,"key":"UlzaFbSyTTsyG4AUa0bJz/w4ZNV8k4PHQMLqxaU+nwo="},"chainType":1,"messageKeys":{}}},"pendingPreKey":{"signedKeyId":2,"baseKey":"BUynVpo7+oS4DSD06fXAZ+xRczeRtpCS+JtFKFtnxr04","preKeyId":4263675}}},"version":"v1"}