{"_sessions":{"Bc1WzUQHXhGCDpymEy6oZisfngssZKj9KE1nLwxqNz4/":{"registrationId":714575492,"currentRatchet":{"ephemeralKeyPair":{"pubKey":"BeNBc0UtqrvczxQew7D3PEAzj6ReVp+1pFw+l2UTeEtP","privKey":"qP2qYALwKlVCic/CLzGfgM3BWW8qnBbe9Rj1poti2UY="},"lastRemoteEphemeralKey":"BYuS72XZ5lCXIHRFiKrt2LaNPHXCxWId57EUTRTC7Sob","previousCounter":0,"rootKey":"5Z1ec9d0XsXr1vI68FuGf5HVW51fkWaLCcgtOetc17A="},"indexInfo":{"baseKey":"Bc1WzUQHXhGCDpymEy6oZisfngssZKj9KE1nLwxqNz4/","baseKeyType":1,"closed":-1,"used":1682603060877,"created":1682603060877,"remoteIdentityKey":"BS9Fwt/364oLnT7xaa3hicUYVZd1RjbMIIdqI7C9qsdu"},"_chains":{"BeNBc0UtqrvczxQew7D3PEAzj6ReVp+1pFw+l2UTeEtP":{"chainKey":{"counter":360,"key":"5dRqUoH3fcA9+dbQWFFUR0XE/RYBC2/0QPDKdCGddeU="},"chainType":1,"messageKeys":{}}},"pendingPreKey":{"signedKeyId":19,"baseKey":"Bc1WzUQHXhGCDpymEy6oZisfngssZKj9KE1nLwxqNz4/","preKeyId":7358951}}},"version":"v1"}