{"_sessions":{"BVrTu0bvmFFShjc7+5A4OE5UTj3c5KFc+ukYkLkiYK54":{"registrationId":11642,"currentRatchet":{"ephemeralKeyPair":{"pubKey":"Bbfrkz3FiPeQJ9jA1VFMF5r7+0xdbXQLRALhlL1gWP0a","privKey":"wGSu6XLkcy/8BjI1Qe1juwBgxeoQOK0tLJ5Pu5UBvUE="},"lastRemoteEphemeralKey":"BSC5KZ3oZzST0yzu8Q1zDbOvQ0RsGMKHXSyMSwfRRqBN","previousCounter":0,"rootKey":"E7PFmDskyytdFcyTaeEKRZ2aYJP8rTsYVcit3odxkro="},"indexInfo":{"baseKey":"BVrTu0bvmFFShjc7+5A4OE5UTj3c5KFc+ukYkLkiYK54","baseKeyType":1,"closed":-1,"used":1682603060782,"created":1682603060782,"remoteIdentityKey":"BcT2G8qHMzoLy20VPITNUl6bzk+HcG8/XziXQZIQme9e"},"_chains":{"Bbfrkz3FiPeQJ9jA1VFMF5r7+0xdbXQLRALhlL1gWP0a":{"chainKey":{"counter":372,"key":"B0HeX6PQhFUa+ZLYFGAfc9Oyvv6WbVYq+0SSY7lpdyo="},"chainType":1,"messageKeys":{}}},"pendingPreKey":{"signedKeyId":2,"baseKey":"BVrTu0bvmFFShjc7+5A4OE5UTj3c5KFc+ukYkLkiYK54"}}},"version":"v1"}