{"_sessions":{"Bfdr/VTqOGqvV86i+YHyswGRCB8mEmbrpBNtXmSf/xF1":{"registrationId":8235,"currentRatchet":{"ephemeralKeyPair":{"pubKey":"BUfSluf0wLxHzG5LB2zbuote0NT+N8ekEBenp1OSguRR","privKey":"iCMfWl+84J1b5h909ThtnrxcqOs5vaRYsEs6WVFven8="},"lastRemoteEphemeralKey":"Bf9vDTyvhu4zP8kEmHLQ/pmV1TQqxjZWGG7LRf4rraQa","previousCounter":0,"rootKey":"rtgVkreKiZ+oU3RM06MiF0bOHUJz9/DV9U5RTAAWeKY="},"indexInfo":{"baseKey":"Bfdr/VTqOGqvV86i+YHyswGRCB8mEmbrpBNtXmSf/xF1","baseKeyType":1,"closed":-1,"used":1682619373808,"created":1682619373808,"remoteIdentityKey":"BadpmRgkfv7Ne+FkB2vBTLCMaU7AfxqDCuHZRlTatDM1"},"_chains":{"BUfSluf0wLxHzG5LB2zbuote0NT+N8ekEBenp1OSguRR":{"chainKey":{"counter":3,"key":"1ZwLGiqN5eYBbgFzHFRuZADUCooVIZy8f0oyV9rEZJ8="},"chainType":1,"messageKeys":{}}},"pendingPreKey":{"signedKeyId":7,"baseKey":"Bfdr/VTqOGqvV86i+YHyswGRCB8mEmbrpBNtXmSf/xF1","preKeyId":7005}}},"version":"v1"}