{"_sessions":{"BfAfVxz+nZMVPNyf/bKRkumwzwnGZj8ZcSHQ0OKr9WY+":{"registrationId":1318799253,"currentRatchet":{"ephemeralKeyPair":{"pubKey":"BRQUgluhX4FZwPsl4mGAAIP8q3ZOqyuoX7qUbfCTdLQ0","privKey":"yEV/vwXUPc6/qxr3omUZRFGwh73yPB9o6vLniyHF9FA="},"lastRemoteEphemeralKey":"BfHsjQQQ7rTN/30rvPqRucJrFydiu2LXaJd22Lhlkbof","previousCounter":0,"rootKey":"OuRZ5JwWmpKiXoMLRJ/saff4r4n1W3Hq6Yai2qHlvlA="},"indexInfo":{"baseKey":"BfAfVxz+nZMVPNyf/bKRkumwzwnGZj8ZcSHQ0OKr9WY+","baseKeyType":1,"closed":-1,"used":1682619373896,"created":1682619373896,"remoteIdentityKey":"BXcuPZJENJX63//oeneSsrEmWBA+/zi38+knI9YzU5hM"},"_chains":{"BRQUgluhX4FZwPsl4mGAAIP8q3ZOqyuoX7qUbfCTdLQ0":{"chainKey":{"counter":3,"key":"nDLIXKUZrXdDXqf+dWw0RBfXRwj2LjUY7IdOkHmrWKs="},"chainType":1,"messageKeys":{}}},"pendingPreKey":{"signedKeyId":3,"baseKey":"BfAfVxz+nZMVPNyf/bKRkumwzwnGZj8ZcSHQ0OKr9WY+"}}},"version":"v1"}