{"_sessions":{"BeGWJMWLdWLkPaXOyvRo/1qZupN/QMqdVrz0aBs/pg5O":{"registrationId":1634250377,"currentRatchet":{"ephemeralKeyPair":{"pubKey":"BW/p7n2y1RoY54Av0CocyYRehPVQv8ZJCgf9e15hpJFx","privKey":"YGLPl0MLGaQRgp8h85cNKbvm9ctV1vEdeHtbJJVMo3I="},"lastRemoteEphemeralKey":"BV/XgC9bgaxiCFordn0MQ9mE0BlPjWWJcEtb9JT1kRZs","previousCounter":0,"rootKey":"1QRCge5NaLtBa+QVwtqItdNQHgufRFYbwlC6ROsSfvY="},"indexInfo":{"baseKey":"BeGWJMWLdWLkPaXOyvRo/1qZupN/QMqdVrz0aBs/pg5O","baseKeyType":1,"closed":-1,"used":1682619374157,"created":1682619374157,"remoteIdentityKey":"Bcjf3xzNSlIolE9Q0wp7EAvifgqr6W4/nMHJzYssypxN"},"_chains":{"BW/p7n2y1RoY54Av0CocyYRehPVQv8ZJCgf9e15hpJFx":{"chainKey":{"counter":3,"key":"IZjCFpNdNB/jfJrqoSbLkQprGprRH+cAmPLIgoI9EDI="},"chainType":1,"messageKeys":{}}},"pendingPreKey":{"signedKeyId":39,"baseKey":"BeGWJMWLdWLkPaXOyvRo/1qZupN/QMqdVrz0aBs/pg5O"}}},"version":"v1"}