{"_sessions":{"BWiDfsydUhCtOZft/SbdjVMrA0hajFVBN6whTzXzJroi":{"registrationId":2099591796,"currentRatchet":{"ephemeralKeyPair":{"pubKey":"BcVvKFrEhi1K+YKBPzlHzVyfgdAX/OwIYTh7JtTtbOUf","privKey":"GChLH7uRTl4QwVLc4yjVOFGC8qUMbT7TapwXYo1+KH8="},"lastRemoteEphemeralKey":"BWJlzQZbmQPta2IENkpLbS1/+7UIpN1Y72c+i+y7IiIb","previousCounter":0,"rootKey":"ROa10Jn3EZostDI/tM+E3ARMCBX9g6g0L0Xovv4Tq3E="},"indexInfo":{"baseKey":"BWiDfsydUhCtOZft/SbdjVMrA0hajFVBN6whTzXzJroi","baseKeyType":1,"closed":-1,"used":1682603061038,"created":1682603061038,"remoteIdentityKey":"BdAMg61q6zFo8tyyYgQrYOPlX2VsWVGTfxifaq9R7aph"},"_chains":{"BcVvKFrEhi1K+YKBPzlHzVyfgdAX/OwIYTh7JtTtbOUf":{"chainKey":{"counter":360,"key":"YEoa8x0np8BdiUwyyJ7oNXFwkB8ocEA+TltveJlU8bM="},"chainType":1,"messageKeys":{}}},"pendingPreKey":{"signedKeyId":0,"baseKey":"BWiDfsydUhCtOZft/SbdjVMrA0hajFVBN6whTzXzJroi","preKeyId":13651953}}},"version":"v1"}