{"_sessions":{"BQLKNh0jhh/QHO0Vs32rWZEWgykSG7yc+MB7O+3ifGEO":{"registrationId":15427,"currentRatchet":{"ephemeralKeyPair":{"pubKey":"Bcsa4QfNcWzaDU34zLq8925rqey0SfNFDu1yuDENoYNf","privKey":"UNN5OwZ57uMp0IhmEkv8NHqCzSfFl/dFXlp/hfZIImA="},"lastRemoteEphemeralKey":"BZbBdVxwwXAO6iM5WVjl03Mz+h1Wo6elHSfPrZlXaMpB","previousCounter":0,"rootKey":"XvCcRBbnnuVrpl8NZp4vlQNgW74/QEtM8XOPlyI5EFk="},"indexInfo":{"baseKey":"BQLKNh0jhh/QHO0Vs32rWZEWgykSG7yc+MB7O+3ifGEO","baseKeyType":1,"closed":-1,"used":1682619373802,"created":1682619373802,"remoteIdentityKey":"BYESL2a+ccFppBiRUXFwYCa0y1K6TIjyGtGH/UGfhRJT"},"_chains":{"Bcsa4QfNcWzaDU34zLq8925rqey0SfNFDu1yuDENoYNf":{"chainKey":{"counter":3,"key":"6v6L24nUIKktULE7VcCDhQMM8EUerYBpKbQi7eeeZ+0="},"chainType":1,"messageKeys":{}}},"pendingPreKey":{"signedKeyId":1,"baseKey":"BQLKNh0jhh/QHO0Vs32rWZEWgykSG7yc+MB7O+3ifGEO","preKeyId":1837}}},"version":"v1"}