{"_sessions":{"BU4b2Qx9IxoH0+Knt/Y45mIwXkkbZEuhKGf/BLec8vV5":{"registrationId":6945,"currentRatchet":{"ephemeralKeyPair":{"pubKey":"BSVsxptwLcI7ICNyBwjfaZcrkqBKGP0Redv9KNSADuIW","privKey":"iD80AwvZfxMS7qZuFvJrIZnM66+c9Ip6JZVmHRQb0Fg="},"lastRemoteEphemeralKey":"BWGZAMk8Q419w8hg0/t2ZW4gSR4W9DGCPpFvnHe2b1Ye","previousCounter":0,"rootKey":"FH06dll8p9XgejmT3fksCHsWs99fMz3/gbcNFxZQyJg="},"indexInfo":{"baseKey":"BU4b2Qx9IxoH0+Knt/Y45mIwXkkbZEuhKGf/BLec8vV5","baseKeyType":1,"closed":-1,"used":1682619373758,"created":1682619373758,"remoteIdentityKey":"BfpaNJBojy4JcuLSzsyZqvO7jgGK6KpqOcSQqs2lh1Bt"},"_chains":{"BSVsxptwLcI7ICNyBwjfaZcrkqBKGP0Redv9KNSADuIW":{"chainKey":{"counter":3,"key":"KPUr6inmZbgLAf8Xo4fXfHELSQWu2no//cWHVtWOiis="},"chainType":1,"messageKeys":{}}},"pendingPreKey":{"signedKeyId":1,"baseKey":"BU4b2Qx9IxoH0+Knt/Y45mIwXkkbZEuhKGf/BLec8vV5"}}},"version":"v1"}