{"_sessions":{"BQ/cA8e+QFWlnXglzIykXPOZfkTuPywGIsxKnEXzrrcL":{"registrationId":36613008,"currentRatchet":{"ephemeralKeyPair":{"pubKey":"BeXz7lOUoptZUfnpGWh5LWueFl6qzu1GE+8zZ3xlBZQP","privKey":"0Fwlj4rteJ1LoLXsm0MLHUSm2GN3zF1zxw/Eu08t7mA="},"lastRemoteEphemeralKey":"BS1mKDmIJW96VAfZn1xsmOp2YtJieNeuAUSF+CsVxRQG","previousCounter":0,"rootKey":"BaIUZl92i5yT3Sf7R+bYlR74EB7lbBBj6eHPlreTqUA="},"indexInfo":{"baseKey":"BQ/cA8e+QFWlnXglzIykXPOZfkTuPywGIsxKnEXzrrcL","baseKeyType":1,"closed":-1,"used":1682619373882,"created":1682619373882,"remoteIdentityKey":"BYKqAP3nwvnNMTTFR5ygOAOlSjG4Q0ZPk/bH5NuX/n0U"},"_chains":{"BeXz7lOUoptZUfnpGWh5LWueFl6qzu1GE+8zZ3xlBZQP":{"chainKey":{"counter":3,"key":"jZklPhi9TcEb4vZhE5+rNhtBW+B9PpnnvgRkeIYcL0M="},"chainType":1,"messageKeys":{}}},"pendingPreKey":{"signedKeyId":5,"baseKey":"BQ/cA8e+QFWlnXglzIykXPOZfkTuPywGIsxKnEXzrrcL","preKeyId":1672104}}},"version":"v1"}