{"_sessions":{"BUcyPB6GLuuTB3xPpmCsYJxi55OR5JpqHY/JSr3uF2ky":{"registrationId":254405118,"currentRatchet":{"ephemeralKeyPair":{"pubKey":"BbWWSKbJ1/Q9YWV9a0p12D5F2Ad/XcfXmSfgZ8P8QL1O","privKey":"oEPOa0HeZ/q7qdmsEvjI+8VP3mRcB2nD0lYjP3IdiVc="},"lastRemoteEphemeralKey":"BY8ZRz/DNLLXm3h2mNw4EGqAWkWN+/+rnmMFYyVg8FtD","previousCounter":0,"rootKey":"2P4h4/BSTIGS9FOiNE2PnoYJ5bwr/zYg7HR9rp72byM="},"indexInfo":{"baseKey":"BUcyPB6GLuuTB3xPpmCsYJxi55OR5JpqHY/JSr3uF2ky","baseKeyType":1,"closed":-1,"used":1682603061154,"created":1682603061154,"remoteIdentityKey":"BWlX8RY3BQ6cuY8E3GpPmqECARTn8oDfEHdgAFMwnpMu"},"_chains":{"BbWWSKbJ1/Q9YWV9a0p12D5F2Ad/XcfXmSfgZ8P8QL1O":{"chainKey":{"counter":360,"key":"T0rGtpUEoCnGOPHbbH8+eKbSh3ZgVsUPzgPwOgwS5fI="},"chainType":1,"messageKeys":{}}},"pendingPreKey":{"signedKeyId":1,"baseKey":"BUcyPB6GLuuTB3xPpmCsYJxi55OR5JpqHY/JSr3uF2ky"}}},"version":"v1"}