{"_sessions":{"Bee+qpikf3TjkDw9MX04HaPIGobv7fWPA83WkfCespgw":{"registrationId":2091400813,"currentRatchet":{"ephemeralKeyPair":{"pubKey":"BesMuAV3fn4L/9zhYWuR42wAnDopCLMt8wzE5h5FBBNW","privKey":"sITm4GLTDzvc0f91G4fveEqMbVvlBki3AlLIIHQfyXk="},"lastRemoteEphemeralKey":"BX5AsY4+DDV1/RAdaVnibNqf01w74GInpBDk2xDL7+RO","previousCounter":0,"rootKey":"SqwC1sP7JkNhihR2DOL4BFKvr2+XUdFRlD8XX0j5cSw="},"indexInfo":{"baseKey":"Bee+qpikf3TjkDw9MX04HaPIGobv7fWPA83WkfCespgw","baseKeyType":1,"closed":-1,"used":1682603061042,"created":1682603061042,"remoteIdentityKey":"BaI4lS1Dm6HlreCLVPfupD9cjMvcYwzTS5hRwq1AREpB"},"_chains":{"BesMuAV3fn4L/9zhYWuR42wAnDopCLMt8wzE5h5FBBNW":{"chainKey":{"counter":360,"key":"ipylUPfW8w7ZlUzC4d/bNB5zbDWPxHsf3OeXVLMqHgk="},"chainType":1,"messageKeys":{}}},"pendingPreKey":{"signedKeyId":20,"baseKey":"Bee+qpikf3TjkDw9MX04HaPIGobv7fWPA83WkfCespgw"}}},"version":"v1"}