{"_sessions":{"Bc3aUmx4uTMVqbjFJinT24oMuqNB6dFImwMeGaeR0ZEi":{"registrationId":2007381894,"currentRatchet":{"ephemeralKeyPair":{"pubKey":"BdHpdoQr6KepRjrGEesRg8Gy74hxJvRuDLxyXrOCqzBe","privKey":"eFkwLAWzZc33ICOnp1EGFybkqUhui8f0CoKrYa7zeEo="},"lastRemoteEphemeralKey":"BSPhjP/NI5SlVokcLySSJabs4+QyKkBsDMWiIZX1kPsE","previousCounter":0,"rootKey":"Jd2oBzqRfTt4ieZImlFCILgjdGQ1CrB7Gy5KHC7TxMU="},"indexInfo":{"baseKey":"Bc3aUmx4uTMVqbjFJinT24oMuqNB6dFImwMeGaeR0ZEi","baseKeyType":1,"closed":-1,"used":1682603060964,"created":1682603060964,"remoteIdentityKey":"BS/4Jy+nu7BEsFTQAhONYZ6hq84FX4FH0UZ61hIZa4oP"},"_chains":{"BdHpdoQr6KepRjrGEesRg8Gy74hxJvRuDLxyXrOCqzBe":{"chainKey":{"counter":360,"key":"6KPHkz31i38skDydfd/ybbazai38uAyW8swB22QBGA0="},"chainType":1,"messageKeys":{}}},"pendingPreKey":{"signedKeyId":6,"baseKey":"Bc3aUmx4uTMVqbjFJinT24oMuqNB6dFImwMeGaeR0ZEi","preKeyId":444178}}},"version":"v1"}