{"_sessions":{"BQNEggT1542OxKuudKbzMz7/JvwoDSetc617DPLoWZdg":{"registrationId":1156845232,"currentRatchet":{"ephemeralKeyPair":{"pubKey":"BU5eV5cLEjCi/f0bIahQHHkCUAkrgr2JmUfD+18JrqUZ","privKey":"GIoJ1Mjr1R/WDjWgJBLwvkpo2C1oUbdSv7os3aLyYHU="},"lastRemoteEphemeralKey":"BXzIK+b21Qg9iC4cYMkYfGlOxQya3Mq1ck6zwAX1rOMf","previousCounter":0,"rootKey":"awmwQj7QXZ7mrGOu1iH+CAIshBLrF3mfp+er+pVL+Dc="},"indexInfo":{"baseKey":"BQNEggT1542OxKuudKbzMz7/JvwoDSetc617DPLoWZdg","baseKeyType":1,"closed":-1,"used":1682619374173,"created":1682619374173,"remoteIdentityKey":"BaUQ7zAoplURDWKHOj1GNRc+XhqpnzV4mmZ+HMXWvTpv"},"_chains":{"BU5eV5cLEjCi/f0bIahQHHkCUAkrgr2JmUfD+18JrqUZ":{"chainKey":{"counter":3,"key":"j0Fr3r/S8NaafZmVOze3lR0VjBnWa2myqdpO1ZpJmZQ="},"chainType":1,"messageKeys":{}}},"pendingPreKey":{"signedKeyId":329,"baseKey":"BQNEggT1542OxKuudKbzMz7/JvwoDSetc617DPLoWZdg"}}},"version":"v1"}