{"_sessions":{"BWP5P5SvuoMSHgz7zOvpOEncLEY7SO2BzFQriKjUbmBY":{"registrationId":1978425268,"currentRatchet":{"ephemeralKeyPair":{"pubKey":"BVRSgvPJD6OBx3oFaq22xbBYMSp7LptvKnVnBDi1YYB9","privKey":"QF5HHep2L32eQquQGblJtUAy5kFwKqLAReuvmuVZy0A="},"lastRemoteEphemeralKey":"BWv6vV97cBqf6ObGpJ3pajEHtg74aMHbQYf8222TKbkS","previousCounter":0,"rootKey":"RNGnM2E1XQdYu+kYjdOhQEZRrP28wUqrdXMD8qKtKvc="},"indexInfo":{"baseKey":"BWP5P5SvuoMSHgz7zOvpOEncLEY7SO2BzFQriKjUbmBY","baseKeyType":1,"closed":-1,"used":1682603061327,"created":1682603061327,"remoteIdentityKey":"BcQ1mD2hl9kPiNwnv+T2LWg9eU3sL3bDpY/Vdc98ja5i"},"_chains":{"BVRSgvPJD6OBx3oFaq22xbBYMSp7LptvKnVnBDi1YYB9":{"chainKey":{"counter":360,"key":"nXNG3vni6zGFxzVwti8Np9xE7lbkxvUxkQEsoPMtq1w="},"chainType":1,"messageKeys":{}}},"pendingPreKey":{"signedKeyId":7,"baseKey":"BWP5P5SvuoMSHgz7zOvpOEncLEY7SO2BzFQriKjUbmBY","preKeyId":3909262}}},"version":"v1"}