{"_sessions":{"BUQeP34emEVdZ5mmkqdv1mmIXTtk18BxDEdv2jlm0Swk":{"registrationId":1669622922,"currentRatchet":{"ephemeralKeyPair":{"pubKey":"BWCYej4u4PJci5KBP/24a6i7Iini9Dy+GgFiX7u0f6t3","privKey":"qBAnrYo1AIYLevyO2HwVwK1hV04z0XIidqJal9Gy8Hs="},"lastRemoteEphemeralKey":"BS6u92hfxKg6AEXyqwTDU0Or+ce7agFzLhyk9NsWBWA9","previousCounter":0,"rootKey":"mQDTOVquivuIEOnG3FfR0vR0i2yj3qxZzfRFIO0FG50="},"indexInfo":{"baseKey":"BUQeP34emEVdZ5mmkqdv1mmIXTtk18BxDEdv2jlm0Swk","baseKeyType":1,"closed":-1,"used":1682619374038,"created":1682619374038,"remoteIdentityKey":"BTZsgHrzPev0rGy414ZxWu7QIs8Og3lxMFsRS/3Z3+JS"},"_chains":{"BWCYej4u4PJci5KBP/24a6i7Iini9Dy+GgFiX7u0f6t3":{"chainKey":{"counter":3,"key":"zbelpLr10aa+9JvbMAllmXJF/mdLfSw54BJLGP805nA="},"chainType":1,"messageKeys":{}}},"pendingPreKey":{"signedKeyId":2,"baseKey":"BUQeP34emEVdZ5mmkqdv1mmIXTtk18BxDEdv2jlm0Swk","preKeyId":14412012}}},"version":"v1"}