{"_sessions":{"BaSUPPk1h0W6oC/eu84oCEkVO54973/T7ZcLj0Xu+98z":{"registrationId":1733484975,"currentRatchet":{"ephemeralKeyPair":{"pubKey":"BRtczcQJUElf8QdJOb3msgXe7v0koHLwpMYHUFksx9o3","privKey":"IHIACkzvQ1/c5UI++zmZU0jP4t/nflINFcQX8xewMmM="},"lastRemoteEphemeralKey":"Bc71jktcYLtm+JQTWVq1irYbYjU9Oh0bwgTF1Xa4WJpq","previousCounter":0,"rootKey":"+CinU3vsFWPDA3zRL1IQv3LkX99r4/aK9cZDG46dmRA="},"indexInfo":{"baseKey":"BaSUPPk1h0W6oC/eu84oCEkVO54973/T7ZcLj0Xu+98z","baseKeyType":1,"closed":-1,"used":1682619373939,"created":1682619373939,"remoteIdentityKey":"BZCds/8T/oBdCQJEtF//0B9O5iqPYNMNdSkKm5d1jC8S"},"_chains":{"BRtczcQJUElf8QdJOb3msgXe7v0koHLwpMYHUFksx9o3":{"chainKey":{"counter":3,"key":"fMkOMFhkfW5+GrClRrBDCzQ8n9EKluhvKpWaVcGSc7c="},"chainType":1,"messageKeys":{}}},"pendingPreKey":{"signedKeyId":8,"baseKey":"BaSUPPk1h0W6oC/eu84oCEkVO54973/T7ZcLj0Xu+98z","preKeyId":366762}}},"version":"v1"}