{"_sessions":{"BRIWUp/k0fN+TvnrYGzaQN58VeBg0bj/3VOoTWeDeVxO":{"registrationId":835016680,"currentRatchet":{"ephemeralKeyPair":{"pubKey":"BTRi4PL2v/MxwsHJ369BsJKFEAwTMzYkUQItg4WMI+EX","privKey":"UOZWhnEz/RR9HKjaXFjFw1VfvXPGvLyonm6qfEtxjUM="},"lastRemoteEphemeralKey":"Bb/U8lsrfNz66nIQWplHmGJgtqaSrHeAploHdXsOwcUN","previousCounter":0,"rootKey":"QQr578UNuzQXQ/X2kqVwo+619NsmsVYfNbKHBUxdjlE="},"indexInfo":{"baseKey":"BRIWUp/k0fN+TvnrYGzaQN58VeBg0bj/3VOoTWeDeVxO","baseKeyType":1,"closed":-1,"used":1682603060935,"created":1682603060935,"remoteIdentityKey":"BQOBp3MZfReOxCW8EKCwJfFlhsvdxy4c4E3yHbTg3HBu"},"_chains":{"BTRi4PL2v/MxwsHJ369BsJKFEAwTMzYkUQItg4WMI+EX":{"chainKey":{"counter":360,"key":"0m/75ROvESnZtF91VG3D9mtgxSXt6f5cgM3KtVLDGmk="},"chainType":1,"messageKeys":{}}},"pendingPreKey":{"signedKeyId":0,"baseKey":"BRIWUp/k0fN+TvnrYGzaQN58VeBg0bj/3VOoTWeDeVxO","preKeyId":6809723}}},"version":"v1"}