{"_sessions":{"BbaP6+FzH5LkhxVzImVm2a47lRpBE/9NScgRIvLXZYor":{"registrationId":498467836,"currentRatchet":{"ephemeralKeyPair":{"pubKey":"BXHsoZUMCwl2rAyQEvNeh1keQFJGQjHReRQ3ddhT8JgV","privKey":"0ACvijSQIqp2tuvCffeE1875qBV0qxTIt+qOolvkX3E="},"lastRemoteEphemeralKey":"BUDouo0mTXqOxxiheoUyl5v7CLCnrTsr8mYVeXtPnZp5","previousCounter":0,"rootKey":"byRhlKGzsfCEH5y+OoCWaAxkM7GDaXlfiXdVULlKW4A="},"indexInfo":{"baseKey":"BbaP6+FzH5LkhxVzImVm2a47lRpBE/9NScgRIvLXZYor","baseKeyType":2,"closed":-1,"used":1682602162919,"created":1682602162919,"remoteIdentityKey":"BSh9hf7KjRnzumbkuLOWc3Va8Bh3+v22IcdqcsEzi+Er"},"_chains":{"BUDouo0mTXqOxxiheoUyl5v7CLCnrTsr8mYVeXtPnZp5":{"chainKey":{"counter":0,"key":"tC87eRcF0/w29WeVEnmeabhoqws/nNYMQXj29aBM9A0="},"chainType":2,"messageKeys":{}},"BXHsoZUMCwl2rAyQEvNeh1keQFJGQjHReRQ3ddhT8JgV":{"chainKey":{"counter":360,"key":"GoK54eOoQDNi5qiNSO4jckyqUKFQXBVsRVCZWjJ3c0g="},"chainType":1,"messageKeys":{}}}}},"version":"v1"}