{"_sessions":{"BSFAH8iJEPPKc5CBo+K5Y40bWEOXPnBV7ef+2pNqPHcv":{"registrationId":44802048,"currentRatchet":{"ephemeralKeyPair":{"pubKey":"BUOtJDbvZD1bCdi/JpxB0ZNITkSP3T03DxfnTIwQV2RM","privKey":"0Pb9TPp7eyx0CLOZ8/pQSgcXrWD2j0dtoumiAW7afks="},"lastRemoteEphemeralKey":"BctQ8RSXS7fopvByn5bQ84AT+U9X4+n8YdxS6cEw9ml/","previousCounter":0,"rootKey":"h2BW+IYyB92SW/kIIulNkEXzad9J/1PRXzuP7y+EWY4="},"indexInfo":{"baseKey":"BSFAH8iJEPPKc5CBo+K5Y40bWEOXPnBV7ef+2pNqPHcv","baseKeyType":1,"closed":-1,"used":1682603060960,"created":1682603060960,"remoteIdentityKey":"BZ2MfDCmc3GZWPHYAvtY1hdDJY58b6i9rb/zbNeLPMk3"},"_chains":{"BUOtJDbvZD1bCdi/JpxB0ZNITkSP3T03DxfnTIwQV2RM":{"chainKey":{"counter":360,"key":"N+fl1KxlpAxM6LA59UCxqNvwYl8eOIlG+J9jw7n5Dww="},"chainType":1,"messageKeys":{}}},"pendingPreKey":{"signedKeyId":7,"baseKey":"BSFAH8iJEPPKc5CBo+K5Y40bWEOXPnBV7ef+2pNqPHcv"}}},"version":"v1"}