{"_sessions":{"BYCCO+eBmQ7M1JhyQMkAK/0DNJ889KTs3kNMXQX1RF49":{"registrationId":1140068416,"currentRatchet":{"ephemeralKeyPair":{"pubKey":"BXWsq0UNIiSgRQG1sLtMrqPmlJNgBtqvlm+1otk/E4ZN","privKey":"4OPq3xfiKFevs1DOnCExBv+2KQwNmmLVhX/BoPzcCng="},"lastRemoteEphemeralKey":"BWxcFIv5Sa/bzhkCekIMjW3pdSC2CSZ3bYd/2zImsh90","previousCounter":0,"rootKey":"inFqHniK4nSrFx8aPMQGSxbSBY7MZqUZZiY2JTRKrV4="},"indexInfo":{"baseKey":"BYCCO+eBmQ7M1JhyQMkAK/0DNJ889KTs3kNMXQX1RF49","baseKeyType":1,"closed":-1,"used":1682619374246,"created":1682619374246,"remoteIdentityKey":"Bbhti/WNj+b5np1zP8T2jYSF0ck0/ZrSQryZWxeF1o0H"},"_chains":{"BXWsq0UNIiSgRQG1sLtMrqPmlJNgBtqvlm+1otk/E4ZN":{"chainKey":{"counter":3,"key":"GEIrxoBOR+V3lduO/sGqZwuxvyWM+LBLpFN9mOzqGlw="},"chainType":1,"messageKeys":{}}},"pendingPreKey":{"signedKeyId":3,"baseKey":"BYCCO+eBmQ7M1JhyQMkAK/0DNJ889KTs3kNMXQX1RF49"}}},"version":"v1"}