{"_sessions":{"BWvvlKhnW8U1sa1S/BAvOy/VCVBYHZUUSuZxWsU5DoUy":{"registrationId":1953159600,"currentRatchet":{"ephemeralKeyPair":{"pubKey":"BRMi59Yml+J0EWyIR0JgGfY0/Pbtp8yAH28+8ez2GYYE","privKey":"eBv0YQdnja+ld7R0ULARwthdj5IES7jOnpPp2iG0LEo="},"lastRemoteEphemeralKey":"BaAzGSZesqEnWJDCBWAxs/4IibVC+l12Zy6+YPt8asM+","previousCounter":0,"rootKey":"pwPJLT34BCEHykHCVKo66EZl7Nna9IDh1ia8slGAr2k="},"indexInfo":{"baseKey":"BWvvlKhnW8U1sa1S/BAvOy/VCVBYHZUUSuZxWsU5DoUy","baseKeyType":1,"closed":-1,"used":1682603060811,"created":1682603060811,"remoteIdentityKey":"BYXrc9pmBtxdI/zRn1vqbm7anaujXKOB/ppfVeU88+Ba"},"_chains":{"BRMi59Yml+J0EWyIR0JgGfY0/Pbtp8yAH28+8ez2GYYE":{"chainKey":{"counter":360,"key":"AvJGc0uLT/2Bv/Ac2E/9CO48sPatSIvDT1vhJ8llBtA="},"chainType":1,"messageKeys":{}}},"pendingPreKey":{"signedKeyId":11,"baseKey":"BWvvlKhnW8U1sa1S/BAvOy/VCVBYHZUUSuZxWsU5DoUy","preKeyId":14298846}}},"version":"v1"}