{"_sessions":{"BQDjzdoBPsNkQItLn2+wVnyIwZXb8x3fXHCFNGW5TBZ6":{"registrationId":12957,"currentRatchet":{"ephemeralKeyPair":{"pubKey":"BdV95etLdhucSGQiN2Z3LAxhq4bjMbAdo86eTcwje9QK","privKey":"AM9FdCTpV/HZtwbDxYs4r96lvJeMxfDa8s3EV9ALqGU="},"lastRemoteEphemeralKey":"BfU8BOqGrlBYJmMH/PbED8IlJSU2AEHeaWl4k17l0Us9","previousCounter":0,"rootKey":"YIfgk3WU01TBHMqMmr6mUQMi/VSGb/nqtpCtx1yhGXo="},"indexInfo":{"baseKey":"BQDjzdoBPsNkQItLn2+wVnyIwZXb8x3fXHCFNGW5TBZ6","baseKeyType":1,"closed":-1,"used":1682619373757,"created":1682619373757,"remoteIdentityKey":"BSzyIzZu8Y5hYIjBs+Jde78yRxw7L9bgXTlZ9q6vmu5z"},"_chains":{"BdV95etLdhucSGQiN2Z3LAxhq4bjMbAdo86eTcwje9QK":{"chainKey":{"counter":3,"key":"WiSTnImuh0FYgO58NLxIQgF5cObzO3rH4//5NyaZPks="},"chainType":1,"messageKeys":{}}},"pendingPreKey":{"signedKeyId":3,"baseKey":"BQDjzdoBPsNkQItLn2+wVnyIwZXb8x3fXHCFNGW5TBZ6"}}},"version":"v1"}