{"_sessions":{"BcSNzxCyRetxmlfFF6uzRhpbxAtHAybet64BBNKj//x4":{"registrationId":888071485,"currentRatchet":{"ephemeralKeyPair":{"pubKey":"BfM/ecZAlwDi9kzvhMvTAuBxtTy4UCD6EsE/f+rdijUH","privKey":"2KBaZGn/+BWJdOuCZDjRNd38oYBEyo4p/G4F0/ETGFA="},"lastRemoteEphemeralKey":"BbmMVYWIkLHa7H9F1GCvJRDg5OyRsuGwvHQl+Ns60LQK","previousCounter":0,"rootKey":"ftlfrkTkJlAPRX4m4r9qYVy/S+4o4zurf51YbSdkACI="},"indexInfo":{"baseKey":"BcSNzxCyRetxmlfFF6uzRhpbxAtHAybet64BBNKj//x4","baseKeyType":1,"closed":-1,"used":1682603061272,"created":1682603061272,"remoteIdentityKey":"BRcRxBHWD5LxOYa2J/Rqwb1kd+DqgqBSorOgYEhQy+dP"},"_chains":{"BfM/ecZAlwDi9kzvhMvTAuBxtTy4UCD6EsE/f+rdijUH":{"chainKey":{"counter":360,"key":"LulwvDyJ8m0Vw1jmaSpM8Pf+bhHFPkJaF3Az8u/SPr8="},"chainType":1,"messageKeys":{}}},"pendingPreKey":{"signedKeyId":0,"baseKey":"BcSNzxCyRetxmlfFF6uzRhpbxAtHAybet64BBNKj//x4"}}},"version":"v1"}