{"_sessions":{"Ba6ZopmuMRr2sJTJJy7geY1dmj+UpuP06Y4LoVrkn0lm":{"registrationId":1326147060,"currentRatchet":{"ephemeralKeyPair":{"pubKey":"BYAIZM983dhysPlekSCwv+VXiR2m36GZi4LnqeAzBLAd","privKey":"GK+KTC2ye25nZWt/tQI1VEamyRuLjKbfLMbHKa1GjkM="},"lastRemoteEphemeralKey":"BTAwGwusW7kDqDyKmrUi+tlfplDO2uCytzm5WUZpSXEA","previousCounter":0,"rootKey":"ilbsGXHnk2U3Kx0zeNxHw7y6dH7QwE+Xwz7vPffSqi4="},"indexInfo":{"baseKey":"Ba6ZopmuMRr2sJTJJy7geY1dmj+UpuP06Y4LoVrkn0lm","baseKeyType":1,"closed":-1,"used":1682603060973,"created":1682603060973,"remoteIdentityKey":"BcHrnMm1eXofedWI+DrYN24DEXOIBztknUYfbXSQkMMu"},"_chains":{"BYAIZM983dhysPlekSCwv+VXiR2m36GZi4LnqeAzBLAd":{"chainKey":{"counter":360,"key":"sTEZKIwhs4Sul/sIugqy9joI9W9I6yYsyVPVclv//to="},"chainType":1,"messageKeys":{}}},"pendingPreKey":{"signedKeyId":1,"baseKey":"Ba6ZopmuMRr2sJTJJy7geY1dmj+UpuP06Y4LoVrkn0lm","preKeyId":9062280}}},"version":"v1"}