{"_sessions":{"BaXkbmyGydJXXAdo8xjbQsJBtNZSW26zPIR+LwmJj5NJ":{"registrationId":424910246,"currentRatchet":{"ephemeralKeyPair":{"pubKey":"BYOOhNdzWJkFunYbhPHV6UZhyXa0ryVd+NuSNG+LteZ2","privKey":"+HxrJH0g1QpLXQe3eVN/CrJFVWD2NIDBXTXTMx6aylc="},"lastRemoteEphemeralKey":"BbMGH4HHDcY56G2ug9FqY7s5gu/OKgD99UgqLt/USCRi","previousCounter":0,"rootKey":"Q8wG8vfR2FL8KhZTbp7YuMXROkO2yBXcF9tWgWmdpLg="},"indexInfo":{"baseKey":"BaXkbmyGydJXXAdo8xjbQsJBtNZSW26zPIR+LwmJj5NJ","baseKeyType":1,"closed":-1,"used":1682619374215,"created":1682619374215,"remoteIdentityKey":"BYLUPOrIqjtIYrSCJoKG+X16+vuaw+qxYgpEx1zcM7YD"},"_chains":{"BYOOhNdzWJkFunYbhPHV6UZhyXa0ryVd+NuSNG+LteZ2":{"chainKey":{"counter":3,"key":"En4Odk/52gWzF3gW5OmyqUXkxOevNl/UNBOQWa/6PM8="},"chainType":1,"messageKeys":{}}},"pendingPreKey":{"signedKeyId":1,"baseKey":"BaXkbmyGydJXXAdo8xjbQsJBtNZSW26zPIR+LwmJj5NJ","preKeyId":1026455}}},"version":"v1"}