{"_sessions":{"Bd3afbFelad3W7RTJCEltuLEcpzabtRPlPEVwNFbg2FM":{"registrationId":848944572,"currentRatchet":{"ephemeralKeyPair":{"pubKey":"BVzDwHy95p88LcWWnm85ILvvhUfJFiP6JZXFnfWj6Vwc","privKey":"CEA3KkmAwT+McSvSYsX5fun7wsj00X2Cz6HzHsXi03o="},"lastRemoteEphemeralKey":"BU4fgYFTHfFlOSx0VH1GgJzYrcsE/u9qHbjNYSvIxRl2","previousCounter":0,"rootKey":"AMJe55hF8/6r0KvKS0UjnXTw8gXQtU07iJZ3XQ8DdN0="},"indexInfo":{"baseKey":"Bd3afbFelad3W7RTJCEltuLEcpzabtRPlPEVwNFbg2FM","baseKeyType":1,"closed":-1,"used":1682619373954,"created":1682619373954,"remoteIdentityKey":"BZAovkMWgxkJqmcm0zpuAI61i0qN+UOtexGj1TKI2VsS"},"_chains":{"BVzDwHy95p88LcWWnm85ILvvhUfJFiP6JZXFnfWj6Vwc":{"chainKey":{"counter":3,"key":"G0bTy5ftzUg7XmxOH+0+xaMdw7knutkh4k7T65aDIYs="},"chainType":1,"messageKeys":{}}},"pendingPreKey":{"signedKeyId":5,"baseKey":"Bd3afbFelad3W7RTJCEltuLEcpzabtRPlPEVwNFbg2FM","preKeyId":2156328}}},"version":"v1"}