{"_sessions":{"Bc4/uof8QVqvxtHtUumymGncl5OyMyQBzOxIZ5Ap7wkF":{"registrationId":1118764859,"currentRatchet":{"ephemeralKeyPair":{"pubKey":"BVRd26ZFJ+sZ/FmSbGofqW5XOsxkOq/k77r7KnFThyl7","privKey":"sFsLadJMWrSLffdb7/gNq9JLqbwrdJRrlYKErAtENHo="},"lastRemoteEphemeralKey":"BYcrTGjOoAb7pSd6A/qYzIVl0eTs+NyDctGboIdpnahO","previousCounter":0,"rootKey":"r6nt09YtoovtDLA+C9irsCVr/8Ol373MUTHogbY8hkE="},"indexInfo":{"baseKey":"Bc4/uof8QVqvxtHtUumymGncl5OyMyQBzOxIZ5Ap7wkF","baseKeyType":1,"closed":1682621699158,"used":1682621697965,"created":1682621697965,"remoteIdentityKey":"BTjYhyAXn5riTX3teuXA/Inh98bpE7BjnZhmLt4XA641"},"_chains":{"BVRd26ZFJ+sZ/FmSbGofqW5XOsxkOq/k77r7KnFThyl7":{"chainKey":{"counter":0,"key":"tBVT9eLLbk5NkIQX5OXlGMTlEnv+TSKYLt4fWNIsGqM="},"chainType":1,"messageKeys":{}}},"pendingPreKey":{"signedKeyId":3,"baseKey":"Bc4/uof8QVqvxtHtUumymGncl5OyMyQBzOxIZ5Ap7wkF","preKeyId":12215562}},"BUxO82j9PcGFyqFTX82fjB9mLEu+oEp54gPcjWDYRjwv":{"registrationId":1118764859,"currentRatchet":{"ephemeralKeyPair":{"pubKey":"BdYvR+KKo+RGXsk1LCCrSl0wa+pkvnINF6z4IfrpYVJL","privKey":"CGx4kHwrihu/1z6sJha/73by4K0tkcn8qILpUzKMHE0="},"lastRemoteEphemeralKey":"BYcrTGjOoAb7pSd6A/qYzIVl0eTs+NyDctGboIdpnahO","previousCounter":0,"rootKey":"GWlsZmgLj33ADmRLqCFSkvFQvzo0MQ+0TONxpzmofKI="},"indexInfo":{"baseKey":"BUxO82j9PcGFyqFTX82fjB9mLEu+oEp54gPcjWDYRjwv","baseKeyType":1,"closed":1682621699981,"used":1682621699137,"created":1682621699137,"remoteIdentityKey":"BTjYhyAXn5riTX3teuXA/Inh98bpE7BjnZhmLt4XA641"},"_chains":{"BdYvR+KKo+RGXsk1LCCrSl0wa+pkvnINF6z4IfrpYVJL":{"chainKey":{"counter":0,"key":"gFyAr2ws6peKmeb8DMXtTG/BQeYkgv/8bzpDlQpiwfQ="},"chainType":1,"messageKeys":{}}},"pendingPreKey":{"signedKeyId":3,"baseKey":"BUxO82j9PcGFyqFTX82fjB9mLEu+oEp54gPcjWDYRjwv","preKeyId":12215557}},"BRgYfQdyO5wIBc0O4y1qe3W0UJz9lSnPPVCLHmOn2Dpy":{"registrationId":1118764859,"currentRatchet":{"ephemeralKeyPair":{"pubKey":"BWzV/rp5Hkr9wfwC5uRZcL1/NSelFj4MqspZyEYiKGxF","privKey":"OFMlEe4xhaLQ1eXGnu02x2v4ilszsC6JtywgtSZpMXA="},"lastRemoteEphemeralKey":"BYcrTGjOoAb7pSd6A/qYzIVl0eTs+NyDctGboIdpnahO","previousCounter":0,"rootKey":"iqYClSCgAcUZKCgBX6967drqrOPM4IXGYM6EDJq68SU="},"indexInfo":{"baseKey":"BRgYfQdyO5wIBc0O4y1qe3W0UJz9lSnPPVCLHmOn2Dpy","baseKeyType":1,"closed":1682621701504,"used":1682621699978,"created":1682621699978,"remoteIdentityKey":"BTjYhyAXn5riTX3teuXA/Inh98bpE7BjnZhmLt4XA641"},"_chains":{"BWzV/rp5Hkr9wfwC5uRZcL1/NSelFj4MqspZyEYiKGxF":{"chainKey":{"counter":0,"key":"SPyt2r7ATVAGnNkZOFybxufPJgdTLPg5PSx91fyKlzo="},"chainType":1,"messageKeys":{}}},"pendingPreKey":{"signedKeyId":3,"baseKey":"BRgYfQdyO5wIBc0O4y1qe3W0UJz9lSnPPVCLHmOn2Dpy","preKeyId":12216247}},"BdqWHzACWCYFOVn0DQJVf0rQ9houeDtrV1E1GnaB4I0K":{"registrationId":1118764859,"currentRatchet":{"ephemeralKeyPair":{"pubKey":"BRKXYN2qnW8UKqTuMuCky9hei1mhplwH/oS/ztHNA1tE","privKey":"+MWJjZs1Nwbr+bczEk9CGPg7unwJffG+zKPotJt5xFY="},"lastRemoteEphemeralKey":"BYcrTGjOoAb7pSd6A/qYzIVl0eTs+NyDctGboIdpnahO","previousCounter":0,"rootKey":"Fo1bNKgNEPCUjLI+uMAQCh0C2FWunZZiFHOJONG90qA="},"indexInfo":{"baseKey":"BdqWHzACWCYFOVn0DQJVf0rQ9houeDtrV1E1GnaB4I0K","baseKeyType":1,"closed":1682621703255,"used":1682621701497,"created":1682621701497,"remoteIdentityKey":"BTjYhyAXn5riTX3teuXA/Inh98bpE7BjnZhmLt4XA641"},"_chains":{"BRKXYN2qnW8UKqTuMuCky9hei1mhplwH/oS/ztHNA1tE":{"chainKey":{"counter":0,"key":"k75lybKyb3dD+fX3O1Pp1ZL3cWOJYn8mb43uBIDj4rk="},"chainType":1,"messageKeys":{}}},"pendingPreKey":{"signedKeyId":3,"baseKey":"BdqWHzACWCYFOVn0DQJVf0rQ9houeDtrV1E1GnaB4I0K","preKeyId":12215578}},"BZOTgtl93OZgYzrWp3h/gSQFXY85xGMx7NR83qsx2DhV":{"registrationId":1118764859,"currentRatchet":{"ephemeralKeyPair":{"pubKey":"Bf8RBAa+T5w8JtZP7Zpf6IIsMTHztH9VYuJISGj4dWh+","privKey":"6JGa3n8DWCvOrPWFMBR49koOibGE+cBgbuPsCnF4xUo="},"lastRemoteEphemeralKey":"BYcrTGjOoAb7pSd6A/qYzIVl0eTs+NyDctGboIdpnahO","previousCounter":0,"rootKey":"RadaNkdpeviGqz2ywHpZVHge2IZ/XkO/13alTlzvQyw="},"indexInfo":{"baseKey":"BZOTgtl93OZgYzrWp3h/gSQFXY85xGMx7NR83qsx2DhV","baseKeyType":1,"closed":1682621764602,"used":1682621703246,"created":1682621703246,"remoteIdentityKey":"BTjYhyAXn5riTX3teuXA/Inh98bpE7BjnZhmLt4XA641"},"_chains":{"Bf8RBAa+T5w8JtZP7Zpf6IIsMTHztH9VYuJISGj4dWh+":{"chainKey":{"counter":2,"key":"KiCJBCn6fw9vITr3UTB932Oo9ApjxI0QcqBozj7g1Bk="},"chainType":1,"messageKeys":{}}},"pendingPreKey":{"signedKeyId":3,"baseKey":"BZOTgtl93OZgYzrWp3h/gSQFXY85xGMx7NR83qsx2DhV","preKeyId":12216267}},"BbVdE1K9cfBUBVGeThNFSyz8fQ0Kasz5MvzheufX/89L":{"registrationId":1118764859,"currentRatchet":{"ephemeralKeyPair":{"pubKey":"Bc+KZ5cQqYgJB1VUA/UcRQQ4P3+INRyR0lG4FpFxsnMm","privKey":"4G/6H/TI7C3d+fC97hPMBPL+0M/BwND8FYdreiUsn0Q="},"lastRemoteEphemeralKey":"BYcrTGjOoAb7pSd6A/qYzIVl0eTs+NyDctGboIdpnahO","previousCounter":0,"rootKey":"49x8Odlai/7OAsDpFi6gqCVIA4gO9SLLaS+otN0ca9o="},"indexInfo":{"baseKey":"BbVdE1K9cfBUBVGeThNFSyz8fQ0Kasz5MvzheufX/89L","baseKeyType":1,"closed":1682621766595,"used":1682621764596,"created":1682621764596,"remoteIdentityKey":"BTjYhyAXn5riTX3teuXA/Inh98bpE7BjnZhmLt4XA641"},"_chains":{"Bc+KZ5cQqYgJB1VUA/UcRQQ4P3+INRyR0lG4FpFxsnMm":{"chainKey":{"counter":0,"key":"xC3jBOSTNZNdAj2NRgyFMssQABGmKo23jMHrdVCqRek="},"chainType":1,"messageKeys":{}}},"pendingPreKey":{"signedKeyId":3,"baseKey":"BbVdE1K9cfBUBVGeThNFSyz8fQ0Kasz5MvzheufX/89L","preKeyId":12215615}},"BQzZcQlqjLPdYnJ4agWE+vYugMHx+grb6U9XlWcF6z5n":{"registrationId":1118764859,"currentRatchet":{"ephemeralKeyPair":{"pubKey":"BcbYfBJeQ1bNdrtD0+f6dyZ/i73Q6n08KZtX4jysi2dC","privKey":"gDcmHhP3jV709G1AE9Rup0v+w8uWqiV0vnAg/H3KwnU="},"lastRemoteEphemeralKey":"BYcrTGjOoAb7pSd6A/qYzIVl0eTs+NyDctGboIdpnahO","previousCounter":0,"rootKey":"JoMhkqW3ggAxMfg+st0l752ncZN/HYDkbdEvuTM6l58="},"indexInfo":{"baseKey":"BQzZcQlqjLPdYnJ4agWE+vYugMHx+grb6U9XlWcF6z5n","baseKeyType":1,"closed":1682621768581,"used":1682621766587,"created":1682621766587,"remoteIdentityKey":"BTjYhyAXn5riTX3teuXA/Inh98bpE7BjnZhmLt4XA641"},"_chains":{"BcbYfBJeQ1bNdrtD0+f6dyZ/i73Q6n08KZtX4jysi2dC":{"chainKey":{"counter":0,"key":"UGq0Ikj4UYhr+zKnu3xwfiGxWGJkEPqc+bXDaYxykL0="},"chainType":1,"messageKeys":{}}},"pendingPreKey":{"signedKeyId":3,"baseKey":"BQzZcQlqjLPdYnJ4agWE+vYugMHx+grb6U9XlWcF6z5n","preKeyId":12215509}},"BVc9tWcpyc+UCfnyZUCSqKryzsVXZ8u01LbQgfW6pKAO":{"registrationId":1118764859,"currentRatchet":{"ephemeralKeyPair":{"pubKey":"BbbmZFnlbGCE4fgzxbX+3Zr8apndBq4kCQNYDTIshThP","privKey":"kGsvRhzf/KDus4jYAEzJdlk2s7QW69EioZJNzemEHXQ="},"lastRemoteEphemeralKey":"BYcrTGjOoAb7pSd6A/qYzIVl0eTs+NyDctGboIdpnahO","previousCounter":0,"rootKey":"e6T6u7DeuTxANl0A9OH32PAybLMJlc+dvGGxPn1fXJk="},"indexInfo":{"baseKey":"BVc9tWcpyc+UCfnyZUCSqKryzsVXZ8u01LbQgfW6pKAO","baseKeyType":1,"closed":1682621770090,"used":1682621768571,"created":1682621768571,"remoteIdentityKey":"BTjYhyAXn5riTX3teuXA/Inh98bpE7BjnZhmLt4XA641"},"_chains":{"BbbmZFnlbGCE4fgzxbX+3Zr8apndBq4kCQNYDTIshThP":{"chainKey":{"counter":0,"key":"14yWC+kyrCn0Ecy5FpxxstpaPmlkXxmRyY6H3XIGpP0="},"chainType":1,"messageKeys":{}}},"pendingPreKey":{"signedKeyId":3,"baseKey":"BVc9tWcpyc+UCfnyZUCSqKryzsVXZ8u01LbQgfW6pKAO","preKeyId":12216274}},"BXEU3MFFtmA5jV4Wv6nqUxN7wihG5qKE2CEb9iROQ6U1":{"registrationId":1118764859,"currentRatchet":{"ephemeralKeyPair":{"pubKey":"BSd2pAiDytyyemTOL1BobcqkR2pRvpCCez077ReVppEM","privKey":"eH6wFq2uvwyfDR2ujeXknCu+LNYDpVL3STyQ69qUbVE="},"lastRemoteEphemeralKey":"BYcrTGjOoAb7pSd6A/qYzIVl0eTs+NyDctGboIdpnahO","previousCounter":0,"rootKey":"oAAC9P9yl6IgYqvvn7LrlRr/LPbACuxmdNP8knM7NuU="},"indexInfo":{"baseKey":"BXEU3MFFtmA5jV4Wv6nqUxN7wihG5qKE2CEb9iROQ6U1","baseKeyType":1,"closed":1682621771344,"used":1682621770088,"created":1682621770088,"remoteIdentityKey":"BTjYhyAXn5riTX3teuXA/Inh98bpE7BjnZhmLt4XA641"},"_chains":{"BSd2pAiDytyyemTOL1BobcqkR2pRvpCCez077ReVppEM":{"chainKey":{"counter":0,"key":"U5Tp6NVUji+GFMkm0FlOeGyQNHsTI4jRmfByNyyHQeg="},"chainType":1,"messageKeys":{}}},"pendingPreKey":{"signedKeyId":3,"baseKey":"BXEU3MFFtmA5jV4Wv6nqUxN7wihG5qKE2CEb9iROQ6U1","preKeyId":12216210}},"BepVFRWms1x/j8FRD+0+l+VwiTqqQptneH22x9CIbqRg":{"registrationId":1118764859,"currentRatchet":{"ephemeralKeyPair":{"pubKey":"BT5165qBjRwSfRp27u7EW2S4RY4YQF9Dq+158E1gtwMY","privKey":"YPg2//HG5IjXsFqlS9m3uQR/pQpeD5S3gaU/fuwT7kk="},"lastRemoteEphemeralKey":"BYcrTGjOoAb7pSd6A/qYzIVl0eTs+NyDctGboIdpnahO","previousCounter":0,"rootKey":"PMAaHUNVoo59HGGHc179moJ1AL7h0fUvAIxkGogaN+k="},"indexInfo":{"baseKey":"BepVFRWms1x/j8FRD+0+l+VwiTqqQptneH22x9CIbqRg","baseKeyType":1,"closed":1682621819702,"used":1682621771338,"created":1682621771338,"remoteIdentityKey":"BTjYhyAXn5riTX3teuXA/Inh98bpE7BjnZhmLt4XA641"},"_chains":{"BT5165qBjRwSfRp27u7EW2S4RY4YQF9Dq+158E1gtwMY":{"chainKey":{"counter":1,"key":"+O3oHXNzpereabAbMuGSiHuH2M4enC3O86ZSDdEwLcA="},"chainType":1,"messageKeys":{}}},"pendingPreKey":{"signedKeyId":3,"baseKey":"BepVFRWms1x/j8FRD+0+l+VwiTqqQptneH22x9CIbqRg","preKeyId":12215565}},"BRalNYkH9IkU/mntEzSNeG2BnROYo8bJYNsAFwtPZ5UB":{"registrationId":1118764859,"currentRatchet":{"ephemeralKeyPair":{"pubKey":"BVxt+JCM0zupqkpcEOKjsygll5od4cQjYuIz9Mup7FpW","privKey":"+Hhsk8gcGMhdkWXx/bIdRrMHBCOmXuQSyoFhSL7VLG0="},"lastRemoteEphemeralKey":"BYcrTGjOoAb7pSd6A/qYzIVl0eTs+NyDctGboIdpnahO","previousCounter":0,"rootKey":"zIHdhL1t9eypJOCFtEk+luycsx/PXN9Ivu3MuT0ghTI="},"indexInfo":{"baseKey":"BRalNYkH9IkU/mntEzSNeG2BnROYo8bJYNsAFwtPZ5UB","baseKeyType":1,"closed":1682621821856,"used":1682621819698,"created":1682621819698,"remoteIdentityKey":"BTjYhyAXn5riTX3teuXA/Inh98bpE7BjnZhmLt4XA641"},"_chains":{"BVxt+JCM0zupqkpcEOKjsygll5od4cQjYuIz9Mup7FpW":{"chainKey":{"counter":1,"key":"3Yf8bHa/6gYuwv1/wtFAF1x6eUwf0zT2YTiJ7wV/ZEA="},"chainType":1,"messageKeys":{}}},"pendingPreKey":{"signedKeyId":3,"baseKey":"BRalNYkH9IkU/mntEzSNeG2BnROYo8bJYNsAFwtPZ5UB","preKeyId":12215574}},"BZQKt4uSutlIVm14X9JjawRAUN8QDhOTKGrJyY8gHYB3":{"registrationId":1118764859,"currentRatchet":{"ephemeralKeyPair":{"pubKey":"BQKkcH2kJu2iwF+SRC0TkQ6ZpjnLeECwGFNpu4hiSJAJ","privKey":"kH3ukJBFucct//lyzvTTDgP3qygkI1jJ9qol0hlVwnQ="},"lastRemoteEphemeralKey":"BYcrTGjOoAb7pSd6A/qYzIVl0eTs+NyDctGboIdpnahO","previousCounter":0,"rootKey":"Q6N0BLQVcAq7cGxrGUkApHDFz4YgBDgNcXyUw0nnMD4="},"indexInfo":{"baseKey":"BZQKt4uSutlIVm14X9JjawRAUN8QDhOTKGrJyY8gHYB3","baseKeyType":1,"closed":1682621823200,"used":1682621821853,"created":1682621821853,"remoteIdentityKey":"BTjYhyAXn5riTX3teuXA/Inh98bpE7BjnZhmLt4XA641"},"_chains":{"BQKkcH2kJu2iwF+SRC0TkQ6ZpjnLeECwGFNpu4hiSJAJ":{"chainKey":{"counter":0,"key":"IUerBxwuz7tmo8uw0O3JuouIciF/SDnALZ7OtlzhjOo="},"chainType":1,"messageKeys":{}}},"pendingPreKey":{"signedKeyId":3,"baseKey":"BZQKt4uSutlIVm14X9JjawRAUN8QDhOTKGrJyY8gHYB3","preKeyId":12215519}},"BW2VGBl9CaWO7V73T234NFAvrydICqPW5SfWGMp8KOg8":{"registrationId":1118764859,"currentRatchet":{"ephemeralKeyPair":{"pubKey":"BWCB+dVkvGcuyg9H++TXIz7aUlNvp+xszT/O6FfeHFhh","privKey":"GKYQ3wNnZDtATjCZIM8iZKAC7TUXOx1k6PbFF3F6j20="},"lastRemoteEphemeralKey":"BYcrTGjOoAb7pSd6A/qYzIVl0eTs+NyDctGboIdpnahO","previousCounter":0,"rootKey":"b/xn19W0QmH81zw0cvaeFdq7Gdj35brfKLsnxvTOOts="},"indexInfo":{"baseKey":"BW2VGBl9CaWO7V73T234NFAvrydICqPW5SfWGMp8KOg8","baseKeyType":1,"closed":1682621824721,"used":1682621823197,"created":1682621823197,"remoteIdentityKey":"BTjYhyAXn5riTX3teuXA/Inh98bpE7BjnZhmLt4XA641"},"_chains":{"BWCB+dVkvGcuyg9H++TXIz7aUlNvp+xszT/O6FfeHFhh":{"chainKey":{"counter":0,"key":"0yLt6IpI3Ui0g17Vntl8huYvllRrIxll7H2IwSdZ/5E="},"chainType":1,"messageKeys":{}}},"pendingPreKey":{"signedKeyId":3,"baseKey":"BW2VGBl9CaWO7V73T234NFAvrydICqPW5SfWGMp8KOg8","preKeyId":12215502}},"BSX+gSGMkORaswnGMDDRLIkpNpoUCcAGUF6BCdb1n0xB":{"registrationId":1118764859,"currentRatchet":{"ephemeralKeyPair":{"pubKey":"BYftZqZxOTaiLRIwSMFUyn7VMMYqROBiUxkxk2gnjOwz","privKey":"AB3NmsyFqGxdkhvBXp4XxPUPj3ku3kvbK7M2+gIu0UY="},"lastRemoteEphemeralKey":"BYcrTGjOoAb7pSd6A/qYzIVl0eTs+NyDctGboIdpnahO","previousCounter":0,"rootKey":"SNSSBDYlBfQKiaM5IkexMW9H3CxBQDmwra0U8rhU5zw="},"indexInfo":{"baseKey":"BSX+gSGMkORaswnGMDDRLIkpNpoUCcAGUF6BCdb1n0xB","baseKeyType":1,"closed":1682621825963,"used":1682621824717,"created":1682621824717,"remoteIdentityKey":"BTjYhyAXn5riTX3teuXA/Inh98bpE7BjnZhmLt4XA641"},"_chains":{"BYftZqZxOTaiLRIwSMFUyn7VMMYqROBiUxkxk2gnjOwz":{"chainKey":{"counter":0,"key":"zLKvnq0c0j+hOVtsz7NM1EEEkdBy8JUGBj0DNJyRD50="},"chainType":1,"messageKeys":{}}},"pendingPreKey":{"signedKeyId":3,"baseKey":"BSX+gSGMkORaswnGMDDRLIkpNpoUCcAGUF6BCdb1n0xB","preKeyId":12216223}},"BeoLkV/ZZHUp94YXB4V/BVjpGKLeUX8sosnIhTHGXMIY":{"registrationId":1118764859,"currentRatchet":{"ephemeralKeyPair":{"pubKey":"BZdWhMw8I4VT06T+WWt4bpTNIWde6Sb9RjkkCC6ElNQz","privKey":"+Lli1rgyd/G1phfpITNVn+PIuOnzaqEhkSOFQw+qQFc="},"lastRemoteEphemeralKey":"BYcrTGjOoAb7pSd6A/qYzIVl0eTs+NyDctGboIdpnahO","previousCounter":0,"rootKey":"bohUl6D4k7FUrInewF1QrZWMvZmwAn+oAUoRCBevJ18="},"indexInfo":{"baseKey":"BeoLkV/ZZHUp94YXB4V/BVjpGKLeUX8sosnIhTHGXMIY","baseKeyType":1,"closed":1682622018974,"used":1682621825960,"created":1682621825960,"remoteIdentityKey":"BTjYhyAXn5riTX3teuXA/Inh98bpE7BjnZhmLt4XA641"},"_chains":{"BZdWhMw8I4VT06T+WWt4bpTNIWde6Sb9RjkkCC6ElNQz":{"chainKey":{"counter":4,"key":"wWmfIr9dj/XU34YV4n7Uij0RYpp7lBZXkS2IWLdUvC4="},"chainType":1,"messageKeys":{}}},"pendingPreKey":{"signedKeyId":3,"baseKey":"BeoLkV/ZZHUp94YXB4V/BVjpGKLeUX8sosnIhTHGXMIY","preKeyId":12215511}},"BfepUQO4dfHg3UcqJKJ1GInCUFQLrkqaVkJMERWx38YY":{"registrationId":1118764859,"currentRatchet":{"ephemeralKeyPair":{"pubKey":"BZg2ELxt5G4gZALU+dG9fiXFId2k4hwe47Kt7SNjzdpp","privKey":"wNYHpABWk8d05WNQ4PUugzdSjhIDyq++D3C73Bfk2l0="},"lastRemoteEphemeralKey":"BYcrTGjOoAb7pSd6A/qYzIVl0eTs+NyDctGboIdpnahO","previousCounter":0,"rootKey":"Sq1wcwkCZI8nB7Q3I5d0o+VPUaGgYd+eVnlVVTkDzGs="},"indexInfo":{"baseKey":"BfepUQO4dfHg3UcqJKJ1GInCUFQLrkqaVkJMERWx38YY","baseKeyType":1,"closed":1682622021978,"used":1682622018972,"created":1682622018972,"remoteIdentityKey":"BTjYhyAXn5riTX3teuXA/Inh98bpE7BjnZhmLt4XA641"},"_chains":{"BZg2ELxt5G4gZALU+dG9fiXFId2k4hwe47Kt7SNjzdpp":{"chainKey":{"counter":0,"key":"5ij4UdpW9oOM7jSx6q+f6LkZvcbLRUNgbcFXXRNQ/Hg="},"chainType":1,"messageKeys":{}}},"pendingPreKey":{"signedKeyId":3,"baseKey":"BfepUQO4dfHg3UcqJKJ1GInCUFQLrkqaVkJMERWx38YY","preKeyId":12216253}},"BWBaU9nBZFKoEEsmlJJ2y/WZnqxEPPNJvveQxiiEwvoD":{"registrationId":1118764859,"currentRatchet":{"ephemeralKeyPair":{"pubKey":"BSlMvvfevJ1CNOhgy9UxVDrXX2x8R0MmWfC3P5KFamFo","privKey":"8NacyA56hsrUspWKWY5DnUAmbIs9DOgpnnI+Cf3qoG4="},"lastRemoteEphemeralKey":"BYcrTGjOoAb7pSd6A/qYzIVl0eTs+NyDctGboIdpnahO","previousCounter":0,"rootKey":"EvgdiVPylLAF45c4pSuqtMlNeDbYQTo06pfjG+mzZh0="},"indexInfo":{"baseKey":"BWBaU9nBZFKoEEsmlJJ2y/WZnqxEPPNJvveQxiiEwvoD","baseKeyType":1,"closed":1682622024019,"used":1682622021976,"created":1682622021976,"remoteIdentityKey":"BTjYhyAXn5riTX3teuXA/Inh98bpE7BjnZhmLt4XA641"},"_chains":{"BSlMvvfevJ1CNOhgy9UxVDrXX2x8R0MmWfC3P5KFamFo":{"chainKey":{"counter":0,"key":"FbkqyzOxMsDf/C3oEOwx32fa2m9nVyg0dgD6rsTk1OY="},"chainType":1,"messageKeys":{}}},"pendingPreKey":{"signedKeyId":3,"baseKey":"BWBaU9nBZFKoEEsmlJJ2y/WZnqxEPPNJvveQxiiEwvoD","preKeyId":12215602}},"BSg3uCgGVKR9MUKH8uuPMLrh26RsC0b+pzjyk4zmhIwM":{"registrationId":1118764859,"currentRatchet":{"ephemeralKeyPair":{"pubKey":"BUtpRyKgTAoh42FIJVc7nOsPxR22OenWqq8spiyzC+BP","privKey":"yHbuT4/QtWaWdxZpD8RUUzlGJPgODcCL+A3kF+yZTl8="},"lastRemoteEphemeralKey":"BYcrTGjOoAb7pSd6A/qYzIVl0eTs+NyDctGboIdpnahO","previousCounter":0,"rootKey":"35kn02GxrnfL6b78t0G2Sw00l5H23eLCKa/y3s868d0="},"indexInfo":{"baseKey":"BSg3uCgGVKR9MUKH8uuPMLrh26RsC0b+pzjyk4zmhIwM","baseKeyType":1,"closed":1682622027529,"used":1682622024016,"created":1682622024016,"remoteIdentityKey":"BTjYhyAXn5riTX3teuXA/Inh98bpE7BjnZhmLt4XA641"},"_chains":{"BUtpRyKgTAoh42FIJVc7nOsPxR22OenWqq8spiyzC+BP":{"chainKey":{"counter":0,"key":"6lobs9u/QGmSrzvTeW+T8z1iKIGv3K23EumzZu0to/Q="},"chainType":1,"messageKeys":{}}},"pendingPreKey":{"signedKeyId":3,"baseKey":"BSg3uCgGVKR9MUKH8uuPMLrh26RsC0b+pzjyk4zmhIwM","preKeyId":12215603}},"BeuERx1qD7EktU0OddUI8vGW72n6NKiCCID/86TwKLpL":{"registrationId":1118764859,"currentRatchet":{"ephemeralKeyPair":{"pubKey":"BaAkRGAUSHlYdvUb/1zSJYQEO/1MBDqgyBTW8m3hNhcY","privKey":"kHfzj9VnVSo1aAqG+KkhR4v2rn+/4vcSD5T5766cVH8="},"lastRemoteEphemeralKey":"BYcrTGjOoAb7pSd6A/qYzIVl0eTs+NyDctGboIdpnahO","previousCounter":0,"rootKey":"TLQ1x4U0i/ghJts9RdnORV5k3gOvkMUdlKMWRMZoLTU="},"indexInfo":{"baseKey":"BeuERx1qD7EktU0OddUI8vGW72n6NKiCCID/86TwKLpL","baseKeyType":1,"closed":1682622033508,"used":1682622027526,"created":1682622027526,"remoteIdentityKey":"BTjYhyAXn5riTX3teuXA/Inh98bpE7BjnZhmLt4XA641"},"_chains":{"BaAkRGAUSHlYdvUb/1zSJYQEO/1MBDqgyBTW8m3hNhcY":{"chainKey":{"counter":0,"key":"k6TQ8FUKVd6aad2W2gyfePsC8ErpiSUsVpwUV/JX+CM="},"chainType":1,"messageKeys":{}}},"pendingPreKey":{"signedKeyId":3,"baseKey":"BeuERx1qD7EktU0OddUI8vGW72n6NKiCCID/86TwKLpL","preKeyId":12215608}},"BfC0LbwwPKRFWfmd5HKM+YmFzkRnr1FoSNXta/VWZ4oS":{"registrationId":1118764859,"currentRatchet":{"ephemeralKeyPair":{"pubKey":"BY+lrpesu3d65jGNyIlD2IdvUAc1EfjWo+dDV966uF48","privKey":"6JUOCvcd9ZK2dpLxYZo7H9ItFZ+kKWnxLhlPjlB38Vk="},"lastRemoteEphemeralKey":"BYcrTGjOoAb7pSd6A/qYzIVl0eTs+NyDctGboIdpnahO","previousCounter":0,"rootKey":"oMJ1aWiveGydEXei9dLAClDfcyUmpi+cUBmzpnRV6nA="},"indexInfo":{"baseKey":"BfC0LbwwPKRFWfmd5HKM+YmFzkRnr1FoSNXta/VWZ4oS","baseKeyType":1,"closed":1682623103371,"used":1682622033506,"created":1682622033506,"remoteIdentityKey":"BTjYhyAXn5riTX3teuXA/Inh98bpE7BjnZhmLt4XA641"},"_chains":{"BY+lrpesu3d65jGNyIlD2IdvUAc1EfjWo+dDV966uF48":{"chainKey":{"counter":2,"key":"uqkroq38sPm2EIAFGfXk1cBShg93JLyc5D/He2o/KJ4="},"chainType":1,"messageKeys":{}}},"pendingPreKey":{"signedKeyId":3,"baseKey":"BfC0LbwwPKRFWfmd5HKM+YmFzkRnr1FoSNXta/VWZ4oS","preKeyId":12216248}},"BRouCzOJTQeXqTFcrJ+D6MtYjfQ097IOirFDrnTf3B5P":{"registrationId":1118764859,"currentRatchet":{"ephemeralKeyPair":{"pubKey":"BSoMqLUfT5nvnKMJPKXVtjsKrpzV50QJ2j4qyi2gduQU","privKey":"QHUMCJTsv7bqB8SGw8GvT2D9CjK/TgC/DBVLLGe3uH0="},"lastRemoteEphemeralKey":"BYcrTGjOoAb7pSd6A/qYzIVl0eTs+NyDctGboIdpnahO","previousCounter":0,"rootKey":"yvwvThWCQkM7fz4ewMo5wJEC3Y/9WSsZWjn8XVeEZaI="},"indexInfo":{"baseKey":"BRouCzOJTQeXqTFcrJ+D6MtYjfQ097IOirFDrnTf3B5P","baseKeyType":1,"closed":1682623104519,"used":1682623103369,"created":1682623103369,"remoteIdentityKey":"BTjYhyAXn5riTX3teuXA/Inh98bpE7BjnZhmLt4XA641"},"_chains":{"BSoMqLUfT5nvnKMJPKXVtjsKrpzV50QJ2j4qyi2gduQU":{"chainKey":{"counter":0,"key":"cQZ6V2hPO47oNPygy9HIjhDFz+bH+Vq+udDWzr8/HM8="},"chainType":1,"messageKeys":{}}},"pendingPreKey":{"signedKeyId":3,"baseKey":"BRouCzOJTQeXqTFcrJ+D6MtYjfQ097IOirFDrnTf3B5P","preKeyId":12216206}},"BTudPHqj6NMAbhu7hwAVGIZgSl781xVPyREqMbSsNSIY":{"registrationId":1118764859,"currentRatchet":{"ephemeralKeyPair":{"pubKey":"BascSVOJ182N/b2C/Dp5MPnRViEnIlODv6+TRPTeojgj","privKey":"mMTDVaTI95ETlYDBz4r3mYvywKGL6qN/2vMnpngErU0="},"lastRemoteEphemeralKey":"BYcrTGjOoAb7pSd6A/qYzIVl0eTs+NyDctGboIdpnahO","previousCounter":0,"rootKey":"oIaQHkZ9t7YGd60Onm/k/XACAqJEDrDlJpf4xHDvMCw="},"indexInfo":{"baseKey":"BTudPHqj6NMAbhu7hwAVGIZgSl781xVPyREqMbSsNSIY","baseKeyType":1,"closed":1682623105769,"used":1682623104516,"created":1682623104516,"remoteIdentityKey":"BTjYhyAXn5riTX3teuXA/Inh98bpE7BjnZhmLt4XA641"},"_chains":{"BascSVOJ182N/b2C/Dp5MPnRViEnIlODv6+TRPTeojgj":{"chainKey":{"counter":0,"key":"JgP8Ko9OlwwpOX2LY4TE7YjEwJ7D2sFWdqnYGkgiMow="},"chainType":1,"messageKeys":{}}},"pendingPreKey":{"signedKeyId":3,"baseKey":"BTudPHqj6NMAbhu7hwAVGIZgSl781xVPyREqMbSsNSIY","preKeyId":12216273}},"BbD6q3DzfM3Axpe0kbKyIQXE136gb3cz7dz2rUo3h3Mz":{"registrationId":1118764859,"currentRatchet":{"ephemeralKeyPair":{"pubKey":"BX38O33n/ey5b8T5NQjLw5ymwk59XZ6CaOOzSgHG7dBx","privKey":"ODRZcaPf0he3KaOOWTWp1T5MQtAURRt6Dbtsn/pEXEQ="},"lastRemoteEphemeralKey":"BYcrTGjOoAb7pSd6A/qYzIVl0eTs+NyDctGboIdpnahO","previousCounter":0,"rootKey":"JN9+WrNSOEXjyhUxWeETwh4xu6ImHcsQ7M7f8UU/l/M="},"indexInfo":{"baseKey":"BbD6q3DzfM3Axpe0kbKyIQXE136gb3cz7dz2rUo3h3Mz","baseKeyType":1,"closed":1682623107043,"used":1682623105767,"created":1682623105767,"remoteIdentityKey":"BTjYhyAXn5riTX3teuXA/Inh98bpE7BjnZhmLt4XA641"},"_chains":{"BX38O33n/ey5b8T5NQjLw5ymwk59XZ6CaOOzSgHG7dBx":{"chainKey":{"counter":0,"key":"2qk874NukUK7ZZPolZBGBeF3vXYcst6GfbFBBT6VcbM="},"chainType":1,"messageKeys":{}}},"pendingPreKey":{"signedKeyId":3,"baseKey":"BbD6q3DzfM3Axpe0kbKyIQXE136gb3cz7dz2rUo3h3Mz","preKeyId":12215564}},"BYLrjlZkXs/vtL2Url5QVi2Kb3Ioa7hi7SWOvcTraBge":{"registrationId":1118764859,"currentRatchet":{"ephemeralKeyPair":{"pubKey":"BZ3GsHJnwy4FI3c659ah9GYPQlLqbQZ/LDpY866omx8Q","privKey":"oJFhpslKbJXFJlQvr0LJkuxGqA17WtWFsOY9WAKtpVM="},"lastRemoteEphemeralKey":"BYcrTGjOoAb7pSd6A/qYzIVl0eTs+NyDctGboIdpnahO","previousCounter":0,"rootKey":"TFs0ph2TOWSIy7qMXZutDSdMbHLNmPX90nJh5+TTYr0="},"indexInfo":{"baseKey":"BYLrjlZkXs/vtL2Url5QVi2Kb3Ioa7hi7SWOvcTraBge","baseKeyType":1,"closed":1682623108308,"used":1682623107040,"created":1682623107040,"remoteIdentityKey":"BTjYhyAXn5riTX3teuXA/Inh98bpE7BjnZhmLt4XA641"},"_chains":{"BZ3GsHJnwy4FI3c659ah9GYPQlLqbQZ/LDpY866omx8Q":{"chainKey":{"counter":0,"key":"dmuEwywuplv8NhNz1xuaQu8YWJV+Em5izK0YTqWQr24="},"chainType":1,"messageKeys":{}}},"pendingPreKey":{"signedKeyId":3,"baseKey":"BYLrjlZkXs/vtL2Url5QVi2Kb3Ioa7hi7SWOvcTraBge","preKeyId":12215572}},"BSpV8QnMICQMu6GXJ1LEoGtdHMlFLTgojZn25yuGtEl6":{"registrationId":1118764859,"currentRatchet":{"ephemeralKeyPair":{"pubKey":"BX8s/cx9j79PU/mrbiL7mptfw0puIDy/P1xaaXdDJKd7","privKey":"UB/thNB8VZSEFBUhLIxSyxidldsAJqePV1rGqwCfwHs="},"lastRemoteEphemeralKey":"BYcrTGjOoAb7pSd6A/qYzIVl0eTs+NyDctGboIdpnahO","previousCounter":0,"rootKey":"GoH1fmqHgZqgvzV3EHE/xlmylmI8BaxzjqTMZy3VFNQ="},"indexInfo":{"baseKey":"BSpV8QnMICQMu6GXJ1LEoGtdHMlFLTgojZn25yuGtEl6","baseKeyType":1,"closed":1682623149382,"used":1682623108304,"created":1682623108304,"remoteIdentityKey":"BTjYhyAXn5riTX3teuXA/Inh98bpE7BjnZhmLt4XA641"},"_chains":{"BX8s/cx9j79PU/mrbiL7mptfw0puIDy/P1xaaXdDJKd7":{"chainKey":{"counter":1,"key":"wa8iuU6IR5oCGc70HaTIiIjZCVzLiYYMGfNPkbZ4vuc="},"chainType":1,"messageKeys":{}}},"pendingPreKey":{"signedKeyId":3,"baseKey":"BSpV8QnMICQMu6GXJ1LEoGtdHMlFLTgojZn25yuGtEl6","preKeyId":12215518}},"BY7LwA+JqTE3LrBeZmha8GHsQVeId2NR0LmY3PSFE9dV":{"registrationId":1118764859,"currentRatchet":{"ephemeralKeyPair":{"pubKey":"Bb3wvz4jGRgnMoGvigFEdlXD94hUvjg3qSnlt/c19W8F","privKey":"kGhkHU6oqjUpYFzf4pRsAnpWhzgGt50LtqHYJNMQJEA="},"lastRemoteEphemeralKey":"BYcrTGjOoAb7pSd6A/qYzIVl0eTs+NyDctGboIdpnahO","previousCounter":0,"rootKey":"hZ6NaFETfGMHWEAql52JiTGdBkssktrPX4NNsndBJeI="},"indexInfo":{"baseKey":"BY7LwA+JqTE3LrBeZmha8GHsQVeId2NR0LmY3PSFE9dV","baseKeyType":1,"closed":1682623150632,"used":1682623149379,"created":1682623149379,"remoteIdentityKey":"BTjYhyAXn5riTX3teuXA/Inh98bpE7BjnZhmLt4XA641"},"_chains":{"Bb3wvz4jGRgnMoGvigFEdlXD94hUvjg3qSnlt/c19W8F":{"chainKey":{"counter":0,"key":"79QTLFF0tymebzEXBYKpTVI3TEdiRr+q4ZCYy4Hfzpc="},"chainType":1,"messageKeys":{}}},"pendingPreKey":{"signedKeyId":3,"baseKey":"BY7LwA+JqTE3LrBeZmha8GHsQVeId2NR0LmY3PSFE9dV","preKeyId":12215575}},"BfhFQA1+YqE5lKfkBh+rjWE3q+vonf3/MnxEWyz7W4Je":{"registrationId":1118764859,"currentRatchet":{"ephemeralKeyPair":{"pubKey":"BQEtvrdays87NYo8lmVgjeou2sNhZcgxbu71vjQFNkpw","privKey":"QK5MjNeMBwjbowP+uA5m/7ou26NRkvDmole9NuRATlE="},"lastRemoteEphemeralKey":"BYcrTGjOoAb7pSd6A/qYzIVl0eTs+NyDctGboIdpnahO","previousCounter":0,"rootKey":"kavg/88k92fptPFf6bGcLqeQLTfJl0+LF3ln0gGzGnE="},"indexInfo":{"baseKey":"BfhFQA1+YqE5lKfkBh+rjWE3q+vonf3/MnxEWyz7W4Je","baseKeyType":1,"closed":1682623151881,"used":1682623150630,"created":1682623150630,"remoteIdentityKey":"BTjYhyAXn5riTX3teuXA/Inh98bpE7BjnZhmLt4XA641"},"_chains":{"BQEtvrdays87NYo8lmVgjeou2sNhZcgxbu71vjQFNkpw":{"chainKey":{"counter":0,"key":"h+vOaLcxqe3r9qb1XMMy+6fFytlD+DzSUkTAriLaXf4="},"chainType":1,"messageKeys":{}}},"pendingPreKey":{"signedKeyId":3,"baseKey":"BfhFQA1+YqE5lKfkBh+rjWE3q+vonf3/MnxEWyz7W4Je","preKeyId":12215561}},"BQpAQHrnndO4QTJfornQkskhcXG9k7OHGX4xHWR6CdVG":{"registrationId":1118764859,"currentRatchet":{"ephemeralKeyPair":{"pubKey":"BdOYcchogTcB2i8yBcHbLrD4yUlml3goV7NZfjdF1Ilr","privKey":"QMf2aCMVm3uCIrIqcW3OW13uFE6Tu/kAjxZUofZ+iXc="},"lastRemoteEphemeralKey":"BYcrTGjOoAb7pSd6A/qYzIVl0eTs+NyDctGboIdpnahO","previousCounter":0,"rootKey":"4kAYZO3t1bSdI8RlidOM6ikQmZ00+nIkidV0oBP8cxw="},"indexInfo":{"baseKey":"BQpAQHrnndO4QTJfornQkskhcXG9k7OHGX4xHWR6CdVG","baseKeyType":1,"closed":1682623153258,"used":1682623151878,"created":1682623151878,"remoteIdentityKey":"BTjYhyAXn5riTX3teuXA/Inh98bpE7BjnZhmLt4XA641"},"_chains":{"BdOYcchogTcB2i8yBcHbLrD4yUlml3goV7NZfjdF1Ilr":{"chainKey":{"counter":1,"key":"+xlP480Bw42V9EfxNeMgklFgcwOOf5AInfZPedLauzI="},"chainType":1,"messageKeys":{}}},"pendingPreKey":{"signedKeyId":3,"baseKey":"BQpAQHrnndO4QTJfornQkskhcXG9k7OHGX4xHWR6CdVG","preKeyId":12216197}},"Bdieoo9mY1+5BQOojkMFiSbrzHMkyxqLRNv2n1pAiNoU":{"registrationId":1118764859,"currentRatchet":{"ephemeralKeyPair":{"pubKey":"BXwTZCoWr8v0Zm7BmeN89A/GqHgLqE2r4D+eupE49JpY","privKey":"8Ic7YOSW/HNaZPM3OTyO4KASB3rxQq0btsJLW/rj9kg="},"lastRemoteEphemeralKey":"BYcrTGjOoAb7pSd6A/qYzIVl0eTs+NyDctGboIdpnahO","previousCounter":0,"rootKey":"BH7wQMpaCi9/PUAye82PcMcKtEtf5EUCBex0VMXiwOk="},"indexInfo":{"baseKey":"Bdieoo9mY1+5BQOojkMFiSbrzHMkyxqLRNv2n1pAiNoU","baseKeyType":1,"closed":1682623153921,"used":1682623153256,"created":1682623153256,"remoteIdentityKey":"BTjYhyAXn5riTX3teuXA/Inh98bpE7BjnZhmLt4XA641"},"_chains":{"BXwTZCoWr8v0Zm7BmeN89A/GqHgLqE2r4D+eupE49JpY":{"chainKey":{"counter":0,"key":"EtuREzqAJNGoiJ0fJfEd+iRis3v8CXy+J/jmpoU9Km8="},"chainType":1,"messageKeys":{}}},"pendingPreKey":{"signedKeyId":3,"baseKey":"Bdieoo9mY1+5BQOojkMFiSbrzHMkyxqLRNv2n1pAiNoU","preKeyId":12215568}},"Bd/XSsjWqQI7QaPqzjQ3ckTB+U6f1Q3mW0tyl1QO6ANI":{"registrationId":1118764859,"currentRatchet":{"ephemeralKeyPair":{"pubKey":"Ba4K2lqQLBY346yJiPqe832weEHlwZHQxKyiKeMyOkYy","privKey":"cPGoI5wIo66zhYN2PysQMXbEeNb0vXxW0fdTxEmki2s="},"lastRemoteEphemeralKey":"BYcrTGjOoAb7pSd6A/qYzIVl0eTs+NyDctGboIdpnahO","previousCounter":0,"rootKey":"kFFjqmzOjgXZse6qQtqoX3K7Qn14u75Qkgu8e+DsK3c="},"indexInfo":{"baseKey":"Bd/XSsjWqQI7QaPqzjQ3ckTB+U6f1Q3mW0tyl1QO6ANI","baseKeyType":1,"closed":1682623154612,"used":1682623153905,"created":1682623153905,"remoteIdentityKey":"BTjYhyAXn5riTX3teuXA/Inh98bpE7BjnZhmLt4XA641"},"_chains":{"Ba4K2lqQLBY346yJiPqe832weEHlwZHQxKyiKeMyOkYy":{"chainKey":{"counter":0,"key":"v06An/Nns4pV8UV3vLXUXZ+6oER8G9sZ5hWvgJW+e5k="},"chainType":1,"messageKeys":{}}},"pendingPreKey":{"signedKeyId":3,"baseKey":"Bd/XSsjWqQI7QaPqzjQ3ckTB+U6f1Q3mW0tyl1QO6ANI","preKeyId":12216199}},"BZgU9S9Lhir5Z+7uKL7hXZcBf13iP/Nug76dLVI4ohoG":{"registrationId":1118764859,"currentRatchet":{"ephemeralKeyPair":{"pubKey":"BdXJHTg0DHyWgDM7RnI9SmnqNNCH97sgTKzN0HtN3wY7","privKey":"MHOoIXwIF6rOQQIDN7Rd14CTwPcUgKs6HRlOXdBRnns="},"lastRemoteEphemeralKey":"BYcrTGjOoAb7pSd6A/qYzIVl0eTs+NyDctGboIdpnahO","previousCounter":0,"rootKey":"BnOm1R35MouU7nd5KgrcEUiTblgDh/neqNCgtMLC7Es="},"indexInfo":{"baseKey":"BZgU9S9Lhir5Z+7uKL7hXZcBf13iP/Nug76dLVI4ohoG","baseKeyType":1,"closed":1682623155370,"used":1682623154609,"created":1682623154609,"remoteIdentityKey":"BTjYhyAXn5riTX3teuXA/Inh98bpE7BjnZhmLt4XA641"},"_chains":{"BdXJHTg0DHyWgDM7RnI9SmnqNNCH97sgTKzN0HtN3wY7":{"chainKey":{"counter":0,"key":"5SbbYOKxDVArwPCQzNhQMsFVaSio7x+npqUQIydm8eA="},"chainType":1,"messageKeys":{}}},"pendingPreKey":{"signedKeyId":3,"baseKey":"BZgU9S9Lhir5Z+7uKL7hXZcBf13iP/Nug76dLVI4ohoG","preKeyId":12216314}},"BcaKXIFdFdx+r+Ia9EirjzLca+cCD836ivzcZMODhe5G":{"registrationId":1118764859,"currentRatchet":{"ephemeralKeyPair":{"pubKey":"BV7fDhKWUSKtPuBOR8Y7REvj89Vp0488N0sL6HMdkyo0","privKey":"oNJY+FqKQPiA1Hp/3r/WNkrQL7DpMQPNckb7YeTD/2Q="},"lastRemoteEphemeralKey":"BYcrTGjOoAb7pSd6A/qYzIVl0eTs+NyDctGboIdpnahO","previousCounter":0,"rootKey":"xoPrGFhpMHMkiwcsHaZoh+IOmohZQczUI3Y3h0mVeJQ="},"indexInfo":{"baseKey":"BcaKXIFdFdx+r+Ia9EirjzLca+cCD836ivzcZMODhe5G","baseKeyType":1,"closed":1682623156660,"used":1682623155367,"created":1682623155367,"remoteIdentityKey":"BTjYhyAXn5riTX3teuXA/Inh98bpE7BjnZhmLt4XA641"},"_chains":{"BV7fDhKWUSKtPuBOR8Y7REvj89Vp0488N0sL6HMdkyo0":{"chainKey":{"counter":0,"key":"T+WIS0cQxB5TKb0Dg85F4V68rae6IxniBD2nIIOmsLA="},"chainType":1,"messageKeys":{}}},"pendingPreKey":{"signedKeyId":3,"baseKey":"BcaKXIFdFdx+r+Ia9EirjzLca+cCD836ivzcZMODhe5G","preKeyId":12216220}},"BQASXdWoXwWjZaXGfqXHRXzBSxRUhmrZ9ao7mskf86VL":{"registrationId":1118764859,"currentRatchet":{"ephemeralKeyPair":{"pubKey":"BdPRl8z9nvCv3od/yLUqo27GgSA/Ar/ElV9D6TpZblQU","privKey":"WIOLHnjy11ixv+5Q8zlWe76KDgynCZ6k1jQOqS78x0U="},"lastRemoteEphemeralKey":"BYcrTGjOoAb7pSd6A/qYzIVl0eTs+NyDctGboIdpnahO","previousCounter":0,"rootKey":"/iLsjKmvhw1frPOK5q6sCACSZNpn3l624hvnduMi/o8="},"indexInfo":{"baseKey":"BQASXdWoXwWjZaXGfqXHRXzBSxRUhmrZ9ao7mskf86VL","baseKeyType":1,"closed":1682623158113,"used":1682623156655,"created":1682623156655,"remoteIdentityKey":"BTjYhyAXn5riTX3teuXA/Inh98bpE7BjnZhmLt4XA641"},"_chains":{"BdPRl8z9nvCv3od/yLUqo27GgSA/Ar/ElV9D6TpZblQU":{"chainKey":{"counter":1,"key":"ZAEufQTvHb56b5xdyxqYnuexVW3voSe3VKDUrOd9O78="},"chainType":1,"messageKeys":{}}},"pendingPreKey":{"signedKeyId":3,"baseKey":"BQASXdWoXwWjZaXGfqXHRXzBSxRUhmrZ9ao7mskf86VL","preKeyId":12216315}},"BVxDBziuOPSTVQQdgjdOKOsYKfxwMy1McemJhLMMPeho":{"registrationId":1118764859,"currentRatchet":{"ephemeralKeyPair":{"pubKey":"BYsTlUWvRCUJhGZKyl6z0QtqiEApaEmolCiW5V3RSUIs","privKey":"YA9K+DmQLRsXlO+tkGL446MUgs+GWUwvPcESD6Y4QFs="},"lastRemoteEphemeralKey":"BYcrTGjOoAb7pSd6A/qYzIVl0eTs+NyDctGboIdpnahO","previousCounter":0,"rootKey":"IKSLcSHMoz5dbhSggo8SNkiIBK0C2fBWp5mTpIx5uMU="},"indexInfo":{"baseKey":"BVxDBziuOPSTVQQdgjdOKOsYKfxwMy1McemJhLMMPeho","baseKeyType":1,"closed":1682623158798,"used":1682623158109,"created":1682623158109,"remoteIdentityKey":"BTjYhyAXn5riTX3teuXA/Inh98bpE7BjnZhmLt4XA641"},"_chains":{"BYsTlUWvRCUJhGZKyl6z0QtqiEApaEmolCiW5V3RSUIs":{"chainKey":{"counter":0,"key":"PBPb/v078+/IQvC8I0w2jyoqpNG0NlLfYGoyxAY+s7Y="},"chainType":1,"messageKeys":{}}},"pendingPreKey":{"signedKeyId":3,"baseKey":"BVxDBziuOPSTVQQdgjdOKOsYKfxwMy1McemJhLMMPeho","preKeyId":12216251}},"BeFFOdCIBrBtjeeIrDBu/IAX8xSbO4cXUI0NG+hUiypo":{"registrationId":1118764859,"currentRatchet":{"ephemeralKeyPair":{"pubKey":"BUp/Hl4af4h4APPNYjfLJPILdO5PlpdzGsKW8qxyuxs0","privKey":"mFHGsUCOjvk6NKrsb2ieGBFLlcTq/Kw+30NoP+ydwn0="},"lastRemoteEphemeralKey":"BYcrTGjOoAb7pSd6A/qYzIVl0eTs+NyDctGboIdpnahO","previousCounter":0,"rootKey":"yXYzPOvSZ34oMQTt8S/HEZBMqCVrxWTQnmlmqhvMPgM="},"indexInfo":{"baseKey":"BeFFOdCIBrBtjeeIrDBu/IAX8xSbO4cXUI0NG+hUiypo","baseKeyType":1,"closed":1682623159566,"used":1682623158793,"created":1682623158793,"remoteIdentityKey":"BTjYhyAXn5riTX3teuXA/Inh98bpE7BjnZhmLt4XA641"},"_chains":{"BUp/Hl4af4h4APPNYjfLJPILdO5PlpdzGsKW8qxyuxs0":{"chainKey":{"counter":0,"key":"shfmbXoIYBN58zQh3nRSKTeQp50bxIndNr5J88fLXXI="},"chainType":1,"messageKeys":{}}},"pendingPreKey":{"signedKeyId":3,"baseKey":"BeFFOdCIBrBtjeeIrDBu/IAX8xSbO4cXUI0NG+hUiypo","preKeyId":12216275}},"BaIxXt/QF8qnge2tQ81EPNda4EN3gJHTAHLyWZP1lwFB":{"registrationId":1118764859,"currentRatchet":{"ephemeralKeyPair":{"pubKey":"BfjgFpIM8wvmOkLKRkJwNlusvu2r7nnTdvgfcCVlXBBc","privKey":"sErsmi8VBeRDg2Yr9pOn/3y49waBihJFWxCxJGMY80I="},"lastRemoteEphemeralKey":"BYcrTGjOoAb7pSd6A/qYzIVl0eTs+NyDctGboIdpnahO","previousCounter":0,"rootKey":"JPVIfXV7HOA0D/Ep6sC0t6Z2FDL1rayBZq9Iv+l3A74="},"indexInfo":{"baseKey":"BaIxXt/QF8qnge2tQ81EPNda4EN3gJHTAHLyWZP1lwFB","baseKeyType":1,"closed":1682623160282,"used":1682623159560,"created":1682623159560,"remoteIdentityKey":"BTjYhyAXn5riTX3teuXA/Inh98bpE7BjnZhmLt4XA641"},"_chains":{"BfjgFpIM8wvmOkLKRkJwNlusvu2r7nnTdvgfcCVlXBBc":{"chainKey":{"counter":0,"key":"iei8u8pZ7JsxlR9KoaLw/lTCyMpF9bWPUOW8riLA+AA="},"chainType":1,"messageKeys":{}}},"pendingPreKey":{"signedKeyId":3,"baseKey":"BaIxXt/QF8qnge2tQ81EPNda4EN3gJHTAHLyWZP1lwFB","preKeyId":12216250}},"BZ8rLUC3CaRLXcR9xTnZyWgGlSN8ps+H7OMh4EkIiHh9":{"registrationId":1118764859,"currentRatchet":{"ephemeralKeyPair":{"pubKey":"BQDHojrH97Uuf8tHdIZiTubgzBKPXDcEa9Y+IzFO1ZEU","privKey":"eLAATjvaYP1iDD5nRB6f7KBrKUZ7VCTuOFBtryBYIF0="},"lastRemoteEphemeralKey":"BYcrTGjOoAb7pSd6A/qYzIVl0eTs+NyDctGboIdpnahO","previousCounter":0,"rootKey":"euXiycNMrpL9XDlRO6mplkcZEgtNc0inr7g26/Z2Q+g="},"indexInfo":{"baseKey":"BZ8rLUC3CaRLXcR9xTnZyWgGlSN8ps+H7OMh4EkIiHh9","baseKeyType":1,"closed":1682623161689,"used":1682623160276,"created":1682623160276,"remoteIdentityKey":"BTjYhyAXn5riTX3teuXA/Inh98bpE7BjnZhmLt4XA641"},"_chains":{"BQDHojrH97Uuf8tHdIZiTubgzBKPXDcEa9Y+IzFO1ZEU":{"chainKey":{"counter":0,"key":"tAcDrZm5SMrPcYMjaMr6dYS6Gw0WB1UN2a6Dgy41Qrg="},"chainType":1,"messageKeys":{}}},"pendingPreKey":{"signedKeyId":3,"baseKey":"BZ8rLUC3CaRLXcR9xTnZyWgGlSN8ps+H7OMh4EkIiHh9","preKeyId":12215560}},"Bej3dON3pVIMxgE+84yNffoX+QixIFVi7g9qc26Py1xH":{"registrationId":1118764859,"currentRatchet":{"ephemeralKeyPair":{"pubKey":"BVC1soVS0qfmYBWMszQrKgntrkjaKZzHkxy4+F3Av2oW","privKey":"WHc0bE84O1R6nRYaQdFFqKKg3PTOpIqn5x2zKDqBjFA="},"lastRemoteEphemeralKey":"BYcrTGjOoAb7pSd6A/qYzIVl0eTs+NyDctGboIdpnahO","previousCounter":0,"rootKey":"c1msuLjahlg0l7SXPV8ngFDDQOfFKGPqyiI1ZhY1yXE="},"indexInfo":{"baseKey":"Bej3dON3pVIMxgE+84yNffoX+QixIFVi7g9qc26Py1xH","baseKeyType":1,"closed":1682623163075,"used":1682623161686,"created":1682623161686,"remoteIdentityKey":"BTjYhyAXn5riTX3teuXA/Inh98bpE7BjnZhmLt4XA641"},"_chains":{"BVC1soVS0qfmYBWMszQrKgntrkjaKZzHkxy4+F3Av2oW":{"chainKey":{"counter":1,"key":"dBBeGd1C0EUGkgshz8sTedPLwEX0FuWv386DEVj9W3o="},"chainType":1,"messageKeys":{}}},"pendingPreKey":{"signedKeyId":3,"baseKey":"Bej3dON3pVIMxgE+84yNffoX+QixIFVi7g9qc26Py1xH","preKeyId":12216285}},"BQS4VwKbivYgosjQ0E7yLMJJ3ECRJO8DeP+8YN+003V4":{"registrationId":1118764859,"currentRatchet":{"ephemeralKeyPair":{"pubKey":"BVdCgUFFem3AO6QUwh8n/9CA7skI3atqlNlgUEQ2xDYz","privKey":"gJNVCDXydbYa2orp79ib+zzfSPVeOLQMQzxp3sTekVI="},"lastRemoteEphemeralKey":"BYcrTGjOoAb7pSd6A/qYzIVl0eTs+NyDctGboIdpnahO","previousCounter":0,"rootKey":"K99oxU8NEGw2uIWPbMORZ3yye70DyNDWOvr6u4hzfhU="},"indexInfo":{"baseKey":"BQS4VwKbivYgosjQ0E7yLMJJ3ECRJO8DeP+8YN+003V4","baseKeyType":1,"closed":1682623164191,"used":1682623163073,"created":1682623163073,"remoteIdentityKey":"BTjYhyAXn5riTX3teuXA/Inh98bpE7BjnZhmLt4XA641"},"_chains":{"BVdCgUFFem3AO6QUwh8n/9CA7skI3atqlNlgUEQ2xDYz":{"chainKey":{"counter":0,"key":"BU0c/8zl58G25rcCAH4Ujp6w7wo0LYNVTHLe+3rw+TU="},"chainType":1,"messageKeys":{}}},"pendingPreKey":{"signedKeyId":3,"baseKey":"BQS4VwKbivYgosjQ0E7yLMJJ3ECRJO8DeP+8YN+003V4","preKeyId":12215496}},"BY40Eu+d/zviulh9a3TROhs+Dr1ih2SnMhwmBDmeExgy":{"registrationId":1118764859,"currentRatchet":{"ephemeralKeyPair":{"pubKey":"BXreOcXgxJGHcNxGNPl06Akak4RJQu2jnt+sWyiUHRl1","privKey":"MEHB8vmSkU+wpgHApOwoBchhJ+GtWr/YIjTFOWyhLmU="},"lastRemoteEphemeralKey":"BYcrTGjOoAb7pSd6A/qYzIVl0eTs+NyDctGboIdpnahO","previousCounter":0,"rootKey":"5lY1B8+cJ0eCci20JVt9snPzmg6Uh9sW/qizY2cUx2U="},"indexInfo":{"baseKey":"BY40Eu+d/zviulh9a3TROhs+Dr1ih2SnMhwmBDmeExgy","baseKeyType":1,"closed":-1,"used":1682623164188,"created":1682623164188,"remoteIdentityKey":"BTjYhyAXn5riTX3teuXA/Inh98bpE7BjnZhmLt4XA641"},"_chains":{"BXreOcXgxJGHcNxGNPl06Akak4RJQu2jnt+sWyiUHRl1":{"chainKey":{"counter":264,"key":"+8y/iJXje3pSiKx3k1DJBdR3BOn0NBnPtLWjgQKdUB0="},"chainType":1,"messageKeys":{}}},"pendingPreKey":{"signedKeyId":3,"baseKey":"BY40Eu+d/zviulh9a3TROhs+Dr1ih2SnMhwmBDmeExgy","preKeyId":12216272}}},"version":"v1"}