{"_sessions":{"BcJTXGhFmhoRNgWJ9l673wbjhpmOs57R93ajE5UZMnA5":{"registrationId":368331387,"currentRatchet":{"ephemeralKeyPair":{"pubKey":"BQuMX2Nt9vZj7aIM0ZfLJCa8t5Usz9sb9zc8QWITtMAO","privKey":"GIQBoaTHh4BNoWi8FCcmm+a9eGsPfVhdsyscGtflemo="},"lastRemoteEphemeralKey":"BeHgsjJ9e9dFJCa80gg9i/svgILAu5RpZrn1bB7eR9op","previousCounter":0,"rootKey":"NRi3uVUx3Ehj66WtoTEM6QeRRb6uZfE6N9UqEgIC4H8="},"indexInfo":{"baseKey":"BcJTXGhFmhoRNgWJ9l673wbjhpmOs57R93ajE5UZMnA5","baseKeyType":1,"closed":-1,"used":1682619373914,"created":1682619373914,"remoteIdentityKey":"BRE1i1x2OfexVD2Zt39rYkLWjeDKaFQp9nKo9lf+pkld"},"_chains":{"BQuMX2Nt9vZj7aIM0ZfLJCa8t5Usz9sb9zc8QWITtMAO":{"chainKey":{"counter":3,"key":"HVk3ByZ1A2schb1edDpUQICkOxmkfktL/u2b6zJDeYE="},"chainType":1,"messageKeys":{}}},"pendingPreKey":{"signedKeyId":2,"baseKey":"BcJTXGhFmhoRNgWJ9l673wbjhpmOs57R93ajE5UZMnA5","preKeyId":11778651}}},"version":"v1"}