{"_sessions":{"BQgf27qdg+6SUsHuiZUK3BdEXvJYwRrshXyZ5DUMP5Z+":{"registrationId":1759159425,"currentRatchet":{"ephemeralKeyPair":{"pubKey":"BTYmXTG/O5KYk4uxjTPtisNro02NALA4nnRsRlSXW70G","privKey":"CMFlekFqtIg1ujkmxSzQTfYu4pjUfmcSWUA1PUKalk8="},"lastRemoteEphemeralKey":"BY3iy7DlrWk3t76K8u1ylBSEAyZKTesa0drYxbs3iIwm","previousCounter":0,"rootKey":"R7AFH28a6FBxGihmCOSHHJR5LSkv3qqxk5npleH7vgk="},"indexInfo":{"baseKey":"BQgf27qdg+6SUsHuiZUK3BdEXvJYwRrshXyZ5DUMP5Z+","baseKeyType":1,"closed":-1,"used":1682619373933,"created":1682619373933,"remoteIdentityKey":"BUrAzPsgWoLRi3sbP8v8dbGN3VvKKXa31CAk+MrxWLon"},"_chains":{"BTYmXTG/O5KYk4uxjTPtisNro02NALA4nnRsRlSXW70G":{"chainKey":{"counter":3,"key":"vPXM5hzx1gsknqMnSe28JslmVOIt7N3giMKtGM6PURk="},"chainType":1,"messageKeys":{}}},"pendingPreKey":{"signedKeyId":4,"baseKey":"BQgf27qdg+6SUsHuiZUK3BdEXvJYwRrshXyZ5DUMP5Z+","preKeyId":8430498}}},"version":"v1"}