{"_sessions":{"BSor2UkADRW6r1JHBXUsHXWI5a8JiO+OpPIzmfzoIcRl":{"registrationId":123,"currentRatchet":{"ephemeralKeyPair":{"pubKey":"BQzPfAW5q+Wq30ZwN+WcunsEHuu4235aqCVmbs9/084A","privKey":"OEf1YVUdpjbHctPm+VnpvVkOGMzxvbjf2kD9UW37CkQ="},"lastRemoteEphemeralKey":"BWkJyIkSwWaCj2rE1Ta3XtAt6+M/FFdftSgTIpm6xoN2","previousCounter":0,"rootKey":"6sKWjtT/AukW+1opmUfGFp1xtZFg2n9FcRJnAXbjmNo="},"indexInfo":{"baseKey":"BSor2UkADRW6r1JHBXUsHXWI5a8JiO+OpPIzmfzoIcRl","baseKeyType":1,"closed":-1,"used":1682603060763,"created":1682603060763,"remoteIdentityKey":"Be4FybX3gCBiw1jYs+N5uO7cXfV48B5l+0/t/Lk6f3xp"},"_chains":{"BQzPfAW5q+Wq30ZwN+WcunsEHuu4235aqCVmbs9/084A":{"chainKey":{"counter":360,"key":"nAJ4e4cXs/fwULJ/mUjexxbzdGY8oOiUxdPq7EB9g+A="},"chainType":1,"messageKeys":{}}},"pendingPreKey":{"signedKeyId":1,"baseKey":"BSor2UkADRW6r1JHBXUsHXWI5a8JiO+OpPIzmfzoIcRl"}}},"version":"v1"}