{"_sessions":{"BVU6ci+sRUFtUOpu1Wy9NqC0IJ9FJmpExruhUGyVo/wv":{"registrationId":1666625934,"currentRatchet":{"ephemeralKeyPair":{"pubKey":"BYfgWF+VLqyfQe1Z05RiIA3GGuhuSlRH2nzBq/sATE5F","privKey":"YL1VgygfTLVJB0e7+FSzsnx+mI1A1v6+53INAemfJ3o="},"lastRemoteEphemeralKey":"BfM3uY8ZuGMo/UIbqzUmWaFv6I8Rr+lkCoPvkiczgN5b","previousCounter":0,"rootKey":"JIjilmkLV4YxPZrzsAJyDBFIG8ABO4xMGasCLKVZEDc="},"indexInfo":{"baseKey":"BVU6ci+sRUFtUOpu1Wy9NqC0IJ9FJmpExruhUGyVo/wv","baseKeyType":1,"closed":-1,"used":1682603060872,"created":1682603060872,"remoteIdentityKey":"BYESrD5KSv+bdtuHDVa1mJladCw2jLKqh8qHV+dlvMgn"},"_chains":{"BYfgWF+VLqyfQe1Z05RiIA3GGuhuSlRH2nzBq/sATE5F":{"chainKey":{"counter":360,"key":"ZbII8F4YhlG4DNBMug7RMy82hu9eLwYGTECvkRXRGrQ="},"chainType":1,"messageKeys":{}}},"pendingPreKey":{"signedKeyId":2,"baseKey":"BVU6ci+sRUFtUOpu1Wy9NqC0IJ9FJmpExruhUGyVo/wv"}}},"version":"v1"}