{"_sessions":{"BeCvEzXpJk7MzZdYUUo8DvZnUDgWMxBix7qAgZEKGtUh":{"registrationId":1893458110,"currentRatchet":{"ephemeralKeyPair":{"pubKey":"BetAHloIccmH2CBsf/t4B5zrfEAtCE372hVzPf4fWsNy","privKey":"8LMv+x4AqZ77xaWc5Uc/WSb1buoac+IPnhb8Ee2sUn4="},"lastRemoteEphemeralKey":"BdxBlALFXbaU6prCiiizyPO+JPh7am9duHz46sPSRy9E","previousCounter":0,"rootKey":"bMqTUg47Zz3n0E+EEjdGU+xLSmGOG3ieK+szL+InnoE="},"indexInfo":{"baseKey":"BeCvEzXpJk7MzZdYUUo8DvZnUDgWMxBix7qAgZEKGtUh","baseKeyType":1,"closed":-1,"used":1682619373959,"created":1682619373959,"remoteIdentityKey":"BWMDPWEOzSLJ2W1UDzl0+TRDkzI4JBM8ffFZWxeM9OJy"},"_chains":{"BetAHloIccmH2CBsf/t4B5zrfEAtCE372hVzPf4fWsNy":{"chainKey":{"counter":3,"key":"Z/gklxTD4AIdp2Yymer0NsmboaJJfW+Gweu4+TUBC0Q="},"chainType":1,"messageKeys":{}}},"pendingPreKey":{"signedKeyId":0,"baseKey":"BeCvEzXpJk7MzZdYUUo8DvZnUDgWMxBix7qAgZEKGtUh","preKeyId":4276695}}},"version":"v1"}