{"_sessions":{"BehGFUB/85zc2FB3YP8JwZkqxN++TW/BcsmEizP2vf10":{"registrationId":648371052,"currentRatchet":{"ephemeralKeyPair":{"pubKey":"BRHldb4fcK0Sn7ohfr9l9zpTMn5SMlSqPXGYMtaVQfhC","privKey":"gE0kU7zk4C2Z6xy7ktZzJHa6foWW4ELggvUe3EDAPng="},"lastRemoteEphemeralKey":"BYG9rkkqClpHAeDYY47e1rXUYFerWL4ra4ch8ZpiIMIn","previousCounter":0,"rootKey":"xIpkoGIIO4gfWEMbJ4comiVCE+vwZnOmUWDWkZuWgRs="},"indexInfo":{"baseKey":"BehGFUB/85zc2FB3YP8JwZkqxN++TW/BcsmEizP2vf10","baseKeyType":1,"closed":1682603606532,"used":1682603060947,"created":1682603060947,"remoteIdentityKey":"BWxatZmeFiQGY1dS7rsNgm69DJrGTjHXjVYEnzmMO2Y7"},"_chains":{"BRHldb4fcK0Sn7ohfr9l9zpTMn5SMlSqPXGYMtaVQfhC":{"chainKey":{"counter":30,"key":"eE7KsAByc4PwNri5OQD27+MHDXoV8/xiehXOXUVbGJE="},"chainType":1,"messageKeys":{}}},"pendingPreKey":{"signedKeyId":0,"baseKey":"BehGFUB/85zc2FB3YP8JwZkqxN++TW/BcsmEizP2vf10","preKeyId":15080112}},"BbkStNgEa9hUJXIpLwCrGoLjhegE8X6AL7QG/MeBwXxI":{"registrationId":648371052,"currentRatchet":{"ephemeralKeyPair":{"pubKey":"Bb2RitNkS41NvIJXRgo69L6rCC6aKBK3vG6V/1SqN+cr","privKey":"UJDGpxXnF863VQdzcvPmlnUCX3aKMCmL/k+7+JEeaUY="},"lastRemoteEphemeralKey":"BYG9rkkqClpHAeDYY47e1rXUYFerWL4ra4ch8ZpiIMIn","previousCounter":0,"rootKey":"W04IsJWgLuaz2p/LjqczJk/C8zz+/kfnDywEQt7GOdE="},"indexInfo":{"baseKey":"BbkStNgEa9hUJXIpLwCrGoLjhegE8X6AL7QG/MeBwXxI","baseKeyType":1,"closed":1682603607919,"used":1682603606531,"created":1682603606531,"remoteIdentityKey":"BWxatZmeFiQGY1dS7rsNgm69DJrGTjHXjVYEnzmMO2Y7"},"_chains":{"Bb2RitNkS41NvIJXRgo69L6rCC6aKBK3vG6V/1SqN+cr":{"chainKey":{"counter":0,"key":"E4ttep/BKUJ85qyjMWUklZhL/Zxz+TZBqKxuscfCG9w="},"chainType":1,"messageKeys":{}}},"pendingPreKey":{"signedKeyId":0,"baseKey":"BbkStNgEa9hUJXIpLwCrGoLjhegE8X6AL7QG/MeBwXxI","preKeyId":15080634}},"BXzSF3Cm89LdE97pI5Hb615YnWSDLRZ9BKyz21b7bxhH":{"registrationId":648371052,"currentRatchet":{"ephemeralKeyPair":{"pubKey":"BbuApkbayTCdlkOIjF2+K3TG80gmg5vZevL3Iww1/f4i","privKey":"WB6xC9Y/JDiGzhEW3nfJ6iW8Z1EZeexhdQLYVwehkXs="},"lastRemoteEphemeralKey":"BYG9rkkqClpHAeDYY47e1rXUYFerWL4ra4ch8ZpiIMIn","previousCounter":0,"rootKey":"GEhU178NU90nG99ZpX+mpzNif4AEou7Ruc8+NZxehGE="},"indexInfo":{"baseKey":"BXzSF3Cm89LdE97pI5Hb615YnWSDLRZ9BKyz21b7bxhH","baseKeyType":1,"closed":1682603626084,"used":1682603607918,"created":1682603607918,"remoteIdentityKey":"BWxatZmeFiQGY1dS7rsNgm69DJrGTjHXjVYEnzmMO2Y7"},"_chains":{"BbuApkbayTCdlkOIjF2+K3TG80gmg5vZevL3Iww1/f4i":{"chainKey":{"counter":0,"key":"FLwmUPASK2q346VGQvllOsjcX8kYsALuz9RernFLMkk="},"chainType":1,"messageKeys":{}}},"pendingPreKey":{"signedKeyId":0,"baseKey":"BXzSF3Cm89LdE97pI5Hb615YnWSDLRZ9BKyz21b7bxhH","preKeyId":15080466}},"Bfj/bfzakvKmAZywAP/hnZoDH5CkA0cMP8SVofllyKsT":{"registrationId":648371052,"currentRatchet":{"ephemeralKeyPair":{"pubKey":"BUst7/HCiHHO+rtmBf/nn2yAsUcHs5quM/xTXecNk3Uv","privKey":"cCUlrzoaIhhYVi+MbEh5BT5vpiy7vRdkD1Vrz2jGIkw="},"lastRemoteEphemeralKey":"BYG9rkkqClpHAeDYY47e1rXUYFerWL4ra4ch8ZpiIMIn","previousCounter":0,"rootKey":"eKdb9YA774jf9GdydoQS47ci6kKkrS8eKqkGv6lFYv8="},"indexInfo":{"baseKey":"Bfj/bfzakvKmAZywAP/hnZoDH5CkA0cMP8SVofllyKsT","baseKeyType":1,"closed":-1,"used":1682603625975,"created":1682603625975,"remoteIdentityKey":"BWxatZmeFiQGY1dS7rsNgm69DJrGTjHXjVYEnzmMO2Y7"},"_chains":{"BUst7/HCiHHO+rtmBf/nn2yAsUcHs5quM/xTXecNk3Uv":{"chainKey":{"counter":327,"key":"nU7FY9ZeNC0qRpoXZS6q6eYtvZjy1KSwm3HGzixttfE="},"chainType":1,"messageKeys":{}}},"pendingPreKey":{"signedKeyId":0,"baseKey":"Bfj/bfzakvKmAZywAP/hnZoDH5CkA0cMP8SVofllyKsT","preKeyId":15080151}}},"version":"v1"}