{"_sessions":{"BXWH47AlKv9W30yoFWhxtO/41ki9YtCTWCLjBnpI4/5w":{"registrationId":1450064119,"currentRatchet":{"ephemeralKeyPair":{"pubKey":"BeQSLJunmLeCY8pA6RwPVcxSP/YnwJBX4TwmaLw98pN4","privKey":"OJD3DjJwFeBuZTHHIbe6kAy/e8Kbhu0eujkpAMT6klM="},"lastRemoteEphemeralKey":"BRpc7z5x+mNfQSK8Nv3USiATaQYUU2HCTVbP+u0X3jop","previousCounter":0,"rootKey":"0OjbAPEMSj7W0lcaDy96hkEpBEP35ZaFR6+lH59Lsbg="},"indexInfo":{"baseKey":"BXWH47AlKv9W30yoFWhxtO/41ki9YtCTWCLjBnpI4/5w","baseKeyType":1,"closed":-1,"used":1682603061337,"created":1682603061337,"remoteIdentityKey":"BbQgh+V6fgY98iultOZYAZnRp1KarAAJdGrp84hrmfMu"},"_chains":{"BeQSLJunmLeCY8pA6RwPVcxSP/YnwJBX4TwmaLw98pN4":{"chainKey":{"counter":360,"key":"PfET3JVwSTLWoZSS5yvB2MoO0652e2ECadhCCQwkdoQ="},"chainType":1,"messageKeys":{}}},"pendingPreKey":{"signedKeyId":5,"baseKey":"BXWH47AlKv9W30yoFWhxtO/41ki9YtCTWCLjBnpI4/5w","preKeyId":4331718}}},"version":"v1"}