{"_sessions":{"BdPBVYPJ/nMJPtcM9BJWW8S+uR0J3Pfs55mj3k5vzexI":{"registrationId":1585473097,"currentRatchet":{"ephemeralKeyPair":{"pubKey":"Bfy+w1JNnVeeOTZyKdsqgoh1Nk+meLB9PbUYRd1TSlMG","privKey":"iPwtOPsdqpK59t2A1aV97DhnYj+2Xt7DrQSNJLnlXH8="},"lastRemoteEphemeralKey":"BXv2uH916RYibdimCXNraLkbAcEnTdql2h2tGm4SEddX","previousCounter":0,"rootKey":"a4NMX7ok5Mn7sBUjn5WiSq0AO0PGuP5hE5/B5F6ynDY="},"indexInfo":{"baseKey":"BdPBVYPJ/nMJPtcM9BJWW8S+uR0J3Pfs55mj3k5vzexI","baseKeyType":1,"closed":-1,"used":1682619373927,"created":1682619373927,"remoteIdentityKey":"BRDKhY1s6ngMvHBQe5QZ1J0/lG2bk8AVbQhH03itv9Fk"},"_chains":{"Bfy+w1JNnVeeOTZyKdsqgoh1Nk+meLB9PbUYRd1TSlMG":{"chainKey":{"counter":3,"key":"NPV/h4Kcjj9Nf5RC0qawYEPcyz9fvVUUoCwRtMXSVQo="},"chainType":1,"messageKeys":{}}},"pendingPreKey":{"signedKeyId":20,"baseKey":"BdPBVYPJ/nMJPtcM9BJWW8S+uR0J3Pfs55mj3k5vzexI","preKeyId":2482715}}},"version":"v1"}