{"_sessions":{"BV29ByycK23kdJvMgQ4mTccmVEwini3mJf6w0TgfGYkW":{"registrationId":782,"currentRatchet":{"ephemeralKeyPair":{"pubKey":"BYKzvoZ6Td60LIFutnrW4JK3nbYUZk1odrhrLJfsQEEM","privKey":"OOO5EnszTUCqK/QpbKpHysttM7iZ4Bfg1LYscDwOfFI="},"lastRemoteEphemeralKey":"BRU0TzqfkSlRp6ZuvWu/66yBh9b6g7CBU2SaS8i+wrh1","previousCounter":0,"rootKey":"FegG6czzSMRCEyRl9n7Fyt6ZDSX2g7tNek1shAFOt88="},"indexInfo":{"baseKey":"BV29ByycK23kdJvMgQ4mTccmVEwini3mJf6w0TgfGYkW","baseKeyType":1,"closed":-1,"used":1682619373800,"created":1682619373800,"remoteIdentityKey":"BaH/PVId8afoGyJaf4qFnJQxcQHIQcABH/vbEkApBOQQ"},"_chains":{"BYKzvoZ6Td60LIFutnrW4JK3nbYUZk1odrhrLJfsQEEM":{"chainKey":{"counter":3,"key":"uCG6OeKqQ1FrA04m5N7Ot9TTwIBKVTnr7BdrQkUJt9Y="},"chainType":1,"messageKeys":{}}},"pendingPreKey":{"signedKeyId":1,"baseKey":"BV29ByycK23kdJvMgQ4mTccmVEwini3mJf6w0TgfGYkW"}}},"version":"v1"}