{"_sessions":{"BU/zjUe2sA+1TEOFHQw5XeuzL7j6WjwWmXo74B4PADAl":{"registrationId":2119043568,"currentRatchet":{"ephemeralKeyPair":{"pubKey":"BdQjQg+Jgm72mdIAr9Y4UU27fLhmzjPfy9Y4Y7WNmOkm","privKey":"4MZyHSWoBVUeqY1l7NymztLjAA64GNf9KUzj09JOYWg="},"lastRemoteEphemeralKey":"Be72EDx5YdEHh6faNvKGhRdZfcZgwaoqiazeG6K3F1Bd","previousCounter":0,"rootKey":"uYWWdz5xPoQbsl+h7KUPekQ5Ez85H+nvbmzFpM4gklo="},"indexInfo":{"baseKey":"BU/zjUe2sA+1TEOFHQw5XeuzL7j6WjwWmXo74B4PADAl","baseKeyType":1,"closed":-1,"used":1682603060948,"created":1682603060948,"remoteIdentityKey":"BQrs9W3qMVN2KvAlb3E6Izg3+68b1kX+NLItIwi8uWko"},"_chains":{"BdQjQg+Jgm72mdIAr9Y4UU27fLhmzjPfy9Y4Y7WNmOkm":{"chainKey":{"counter":360,"key":"5aeQlwBhZUKEuy4ITHRIT3wJqGeKvlTqVZ/twpL7E5A="},"chainType":1,"messageKeys":{}}},"pendingPreKey":{"signedKeyId":0,"baseKey":"BU/zjUe2sA+1TEOFHQw5XeuzL7j6WjwWmXo74B4PADAl"}}},"version":"v1"}