{"_sessions":{"BdAcGmiXC2ETfNJDZfenG5LmAzmgkKQFpFhjXKEtBFQW":{"registrationId":948206824,"currentRatchet":{"ephemeralKeyPair":{"pubKey":"BfZ3g8clA27f8gHzG8DmEFac5M/BasNRLORoDAVRo5YG","privKey":"AEaMP9XlTh18Wh99oCerH3umR+UH3q+CobLHOh3ix2A="},"lastRemoteEphemeralKey":"BXpgIaC3DgTR0pOgSIMVvHpdF0QL6voa4xyaCwjVVN4H","previousCounter":0,"rootKey":"tIx9hoBTunYxhRejIodTK2ODrY5SMBA/i5envhj/oRs="},"indexInfo":{"baseKey":"BdAcGmiXC2ETfNJDZfenG5LmAzmgkKQFpFhjXKEtBFQW","baseKeyType":1,"closed":-1,"used":1682603061416,"created":1682603061416,"remoteIdentityKey":"BTsW5+qTchimrMkNiQpcv8CO7FrbytzvrHEgPKDCwG5G"},"_chains":{"BfZ3g8clA27f8gHzG8DmEFac5M/BasNRLORoDAVRo5YG":{"chainKey":{"counter":360,"key":"QOxe+WnG53qBTL4GdQPpCIzFUHn4ISIcWlWIRjCGx7c="},"chainType":1,"messageKeys":{}}},"pendingPreKey":{"signedKeyId":0,"baseKey":"BdAcGmiXC2ETfNJDZfenG5LmAzmgkKQFpFhjXKEtBFQW","preKeyId":16562847}}},"version":"v1"}