{"_sessions":{"BULTO5iN8xP9XSTOfn1Qn+R2L6jUCoEwRsylAl1gcdd1":{"registrationId":1499032596,"currentRatchet":{"ephemeralKeyPair":{"pubKey":"BcXxdgytk41xEuBm5MzjBz5JtPZT4C5Eab9Orhq/dm4y","privKey":"+Ougs+TOxZMEV4a72Qp0xyphlR3iIu3jtqTWFesBOVs="},"lastRemoteEphemeralKey":"BctZgsPCeS0u7xv647lRDl7DZ3klKgU5xFQz+f8GeBVD","previousCounter":0,"rootKey":"zwqZyC871j9I2aDbxWzavMJ9PzSYAh0qtk06EbR8ot8="},"indexInfo":{"baseKey":"BULTO5iN8xP9XSTOfn1Qn+R2L6jUCoEwRsylAl1gcdd1","baseKeyType":1,"closed":-1,"used":1682619374062,"created":1682619374062,"remoteIdentityKey":"BeBJPwhnFay+b9GSH1elqQ40GDs8T9La6ZZvZ2PFegAR"},"_chains":{"BcXxdgytk41xEuBm5MzjBz5JtPZT4C5Eab9Orhq/dm4y":{"chainKey":{"counter":3,"key":"/j5ZbVpoEaaVqK8bOLg7cwCulVrH8w5eI9SfKooh8uA="},"chainType":1,"messageKeys":{}}},"pendingPreKey":{"signedKeyId":2,"baseKey":"BULTO5iN8xP9XSTOfn1Qn+R2L6jUCoEwRsylAl1gcdd1","preKeyId":15302285}}},"version":"v1"}