{"_sessions":{"BVDjLAglU1kakKiZrQpejE6lcbpc4Yeh8i7LfY4pahpI":{"registrationId":131706377,"currentRatchet":{"ephemeralKeyPair":{"pubKey":"BfeFUpay0cc3InLPMb2vFTPLgm0emfgzqFDeaAoqCug6","privKey":"APd1KUrrgGsUa1Y8m9ZwJNHieHbVqC9wPlJKH3lQNGQ="},"lastRemoteEphemeralKey":"BfoKlXITZTMXENd+XnoLqBjf4QX6xPahSXaPAJ8uBQVT","previousCounter":0,"rootKey":"+JqdO6aIXcIWyqyNYFSEs6AESQ7Q/wPR8QfklpgfSN8="},"indexInfo":{"baseKey":"BVDjLAglU1kakKiZrQpejE6lcbpc4Yeh8i7LfY4pahpI","baseKeyType":1,"closed":-1,"used":1682619374085,"created":1682619374085,"remoteIdentityKey":"BaXWnqXoHxqO+KYxG0e8utiu9YqEJjtvnm/fa0kP55JR"},"_chains":{"BfeFUpay0cc3InLPMb2vFTPLgm0emfgzqFDeaAoqCug6":{"chainKey":{"counter":3,"key":"iuNr1K0jfafqVAeMZZRMXQQHJfn4PTpaHQeCEBWhauw="},"chainType":1,"messageKeys":{}}},"pendingPreKey":{"signedKeyId":1,"baseKey":"BVDjLAglU1kakKiZrQpejE6lcbpc4Yeh8i7LfY4pahpI","preKeyId":11682180}}},"version":"v1"}