{"_sessions":{"BSJzKS8X/nf2eTCt35/ntloRhAPq77FXkDFA7HMGdm42":{"registrationId":1845138374,"currentRatchet":{"ephemeralKeyPair":{"pubKey":"BRHPtCbzaljU58bH7jLZYAOL0eCnZVKStHuZ3EuACrQJ","privKey":"4IANus8h/t2d01btZnSWG37ZSkZJphk3lff+r2gDbWo="},"lastRemoteEphemeralKey":"BbqhS/KLa1XPc/wZEdHYO8X81cRgHRP0vn/QGzD3Qt0N","previousCounter":0,"rootKey":"AY3lbw3BhB4GEbY2PH7fruPwv1r72bLPUGBiFWKMZs8="},"indexInfo":{"baseKey":"BSJzKS8X/nf2eTCt35/ntloRhAPq77FXkDFA7HMGdm42","baseKeyType":1,"closed":-1,"used":1682619374204,"created":1682619374204,"remoteIdentityKey":"BZps+1Wh2Zy3zKOG+M0s3mjBnMy5NHBokgrQpJCbw94s"},"_chains":{"BRHPtCbzaljU58bH7jLZYAOL0eCnZVKStHuZ3EuACrQJ":{"chainKey":{"counter":3,"key":"5H/BVbHMysf9Pj5ltBXVN+GwLN4yc/8IclJZt+0Z194="},"chainType":1,"messageKeys":{}}},"pendingPreKey":{"signedKeyId":2,"baseKey":"BSJzKS8X/nf2eTCt35/ntloRhAPq77FXkDFA7HMGdm42","preKeyId":14710224}}},"version":"v1"}