{"_sessions":{"BYiT8hxtq9fGi6cdRIcvs5XIWESK1VVExvNvdaEGzAAJ":{"registrationId":142,"currentRatchet":{"ephemeralKeyPair":{"pubKey":"BbcPYyxtUZKn47CtjB8EAU4QqOYGVU1uhl79pzuje1Au","privKey":"KL+YIL464IX9F5sKvxKBTTyFMVHPUpugbvpusPr7tko="},"lastRemoteEphemeralKey":"BXyAlZ3VXycVH5jv2uqaSiAUVfwsxtIOUFaksoHvAPZG","previousCounter":0,"rootKey":"ik839IGWXT7iTz3iY2EECBbVFW0RK7IlTRDvlF4BEeg="},"indexInfo":{"baseKey":"BYiT8hxtq9fGi6cdRIcvs5XIWESK1VVExvNvdaEGzAAJ","baseKeyType":1,"closed":-1,"used":1682603060778,"created":1682603060778,"remoteIdentityKey":"BdnOsQoY+gKlYyLcgFFJgsFrL9q+liaL0FgsCslylqI/"},"_chains":{"BbcPYyxtUZKn47CtjB8EAU4QqOYGVU1uhl79pzuje1Au":{"chainKey":{"counter":360,"key":"KxN+rpz9btaJ8VlWqe7aFb2g99VR52kpbdPEcqUMLYI="},"chainType":1,"messageKeys":{}}},"pendingPreKey":{"signedKeyId":1,"baseKey":"BYiT8hxtq9fGi6cdRIcvs5XIWESK1VVExvNvdaEGzAAJ"}}},"version":"v1"}