{"_sessions":{"BaiIrfGqw9piuV+vrqxqQlxBomHeCo1NwUP/2Szd+hMY":{"registrationId":808473536,"currentRatchet":{"ephemeralKeyPair":{"pubKey":"BVgnDLdTp9uViq/E/dmgg7xWz+GB66posxV5719SmdBf","privKey":"eDkzpTtZ5M/1kDASoyVHw844S2FeknBKN5K3ci4banY="},"lastRemoteEphemeralKey":"BYG+dSHBsOQRcTHWssB0zJbt6Jvr16kCDXr4hnXF/XYo","previousCounter":0,"rootKey":"cp0uKsnyLr0Idvu95Y+cGq8B98GSAc5zc+CpEHFKpq4="},"indexInfo":{"baseKey":"BaiIrfGqw9piuV+vrqxqQlxBomHeCo1NwUP/2Szd+hMY","baseKeyType":1,"closed":-1,"used":1682619373942,"created":1682619373942,"remoteIdentityKey":"Bf6BRpKlyYrv0/TXUcqg0TfVDlnY9kMNlfGQ9joaIyMD"},"_chains":{"BVgnDLdTp9uViq/E/dmgg7xWz+GB66posxV5719SmdBf":{"chainKey":{"counter":3,"key":"CKu25uFTF6jg5hLLM8ExF/4phr6cxVoEPCwJ8U1wZ5E="},"chainType":1,"messageKeys":{}}},"pendingPreKey":{"signedKeyId":7,"baseKey":"BaiIrfGqw9piuV+vrqxqQlxBomHeCo1NwUP/2Szd+hMY","preKeyId":4415176}}},"version":"v1"}