{"_sessions":{"BZFaDyc2f2CBF9JXKSP9xoradTABKxH/lIQrlgMk9kUz":{"registrationId":482029180,"currentRatchet":{"ephemeralKeyPair":{"pubKey":"BW75RM/Nt5Us6lpQUTZwTP5yxk1z3p8WrU+gscyNc1xi","privKey":"sF9pV9CZdGDyZikfnaFobRjxX5N32QVMPj/LqKLrN3Y="},"lastRemoteEphemeralKey":"BTBxtQinQZlihVLA92iI3APKawNS10Jexg9KnpXM7658","previousCounter":0,"rootKey":"xekBgTEMVhxBOiAka6JetVYIEMm3Z6WAgmdMNBQYRvQ="},"indexInfo":{"baseKey":"BZFaDyc2f2CBF9JXKSP9xoradTABKxH/lIQrlgMk9kUz","baseKeyType":1,"closed":-1,"used":1682619374244,"created":1682619374244,"remoteIdentityKey":"BcX75FY+BFQ8SV9yW99kvdLNSjxXY3mUDuCygKd4148t"},"_chains":{"BW75RM/Nt5Us6lpQUTZwTP5yxk1z3p8WrU+gscyNc1xi":{"chainKey":{"counter":3,"key":"Sft/llMwxoWflSer6eOEdNDq7LTj+cqtOVVTLcfxyzE="},"chainType":1,"messageKeys":{}}},"pendingPreKey":{"signedKeyId":1,"baseKey":"BZFaDyc2f2CBF9JXKSP9xoradTABKxH/lIQrlgMk9kUz","preKeyId":6139760}}},"version":"v1"}