{"_sessions":{"BV/zd774YG6g9aDU42vTpoDQz7gMby/zxfd9pd19nftS":{"registrationId":999352453,"currentRatchet":{"ephemeralKeyPair":{"pubKey":"Bc2+Ky3v7A2BJ9ONZIkyt5TZxdu9meRP4nVh20dJPv5a","privKey":"INgHZNpXWT9Cn0vd1BSXd8ih7j50ADJO4V36SXF+h0M="},"lastRemoteEphemeralKey":"BbNusVdBMyS9+6OnPe90dafxIKydzKnaJts+Pk5xxttD","previousCounter":0,"rootKey":"xPV+lJTCCgAasB4pikQWsLsbhVnzUGXGbjN0yt0RloY="},"indexInfo":{"baseKey":"BV/zd774YG6g9aDU42vTpoDQz7gMby/zxfd9pd19nftS","baseKeyType":1,"closed":-1,"used":1682619374184,"created":1682619374184,"remoteIdentityKey":"BSI6NSxy2pUwKDaxo6symq5fyKB/b3q+RyYe8aGjkHkg"},"_chains":{"Bc2+Ky3v7A2BJ9ONZIkyt5TZxdu9meRP4nVh20dJPv5a":{"chainKey":{"counter":3,"key":"/Kvp8Be6rU63JkmHA8ei1idw/fZCQI7aFxQUgrjzf88="},"chainType":1,"messageKeys":{}}},"pendingPreKey":{"signedKeyId":25,"baseKey":"BV/zd774YG6g9aDU42vTpoDQz7gMby/zxfd9pd19nftS","preKeyId":3111479}}},"version":"v1"}