{"_sessions":{"BSamM1I2z742/SIIq2T7PjvNzf+sC40HI+P7ar/IVP9X":{"registrationId":1651483045,"currentRatchet":{"ephemeralKeyPair":{"pubKey":"BQ4nqJdSBfZmcze/mHGKY2oiUGt7mxc5wga4N7Qok41p","privKey":"mDZlKiv9LvNv7Ekw1esZLA0HxA0O8Y6ngaLMj00un1Y="},"lastRemoteEphemeralKey":"BcuuC9w1UXYX81kOA+B6/Zw3Z5+Bhh8ofj9picXh8+lh","previousCounter":0,"rootKey":"SDJv0NeNXU0NF2CykPTrgTXMn9aaxTEAtQ8XsAP65ys="},"indexInfo":{"baseKey":"BSamM1I2z742/SIIq2T7PjvNzf+sC40HI+P7ar/IVP9X","baseKeyType":1,"closed":-1,"used":1682603061229,"created":1682603061229,"remoteIdentityKey":"Bem2yVyBkZdbF4G7Hb7NFEQHuY70376IrGcbSQCWIFsc"},"_chains":{"BQ4nqJdSBfZmcze/mHGKY2oiUGt7mxc5wga4N7Qok41p":{"chainKey":{"counter":360,"key":"hiDnlF8+Odbm2k7CtJS9f0G4UbKSIoVeQ8MGD1vSCKg="},"chainType":1,"messageKeys":{}}},"pendingPreKey":{"signedKeyId":7,"baseKey":"BSamM1I2z742/SIIq2T7PjvNzf+sC40HI+P7ar/IVP9X"}}},"version":"v1"}