{"_sessions":{"BUEjePnX0yOKQPp6DowJ86uMQnohp4ENqvvbw6SLyf15":{"registrationId":1462349276,"currentRatchet":{"ephemeralKeyPair":{"pubKey":"BRVqsCjd4rreDF4jLpru0VUxhoEsyhxyHAjenUD8+DZP","privKey":"+AJoSihJtHYaVqOrh/QRSDQizjMzu1BmETUKpPnMFGo="},"lastRemoteEphemeralKey":"BR8XS/WaVTl1aruSJ/BAi7bvIiH6JvLOBnAt3JKMDTdH","previousCounter":0,"rootKey":"rL4eZjAdFBhrlb/OLfclicYp2ho6HMe4IFT4jzO3nZ4="},"indexInfo":{"baseKey":"BUEjePnX0yOKQPp6DowJ86uMQnohp4ENqvvbw6SLyf15","baseKeyType":1,"closed":-1,"used":1682619373900,"created":1682619373900,"remoteIdentityKey":"BbB0V4UHhHdF7amIk6PNhErG+TUx/eCPoZ1EV1goed8b"},"_chains":{"BRVqsCjd4rreDF4jLpru0VUxhoEsyhxyHAjenUD8+DZP":{"chainKey":{"counter":3,"key":"yoIMdOoUUL/OQN7hdPlsejLMUSd2Q4a297dYIM9vDQs="},"chainType":1,"messageKeys":{}}},"pendingPreKey":{"signedKeyId":1,"baseKey":"BUEjePnX0yOKQPp6DowJ86uMQnohp4ENqvvbw6SLyf15"}}},"version":"v1"}