{"_sessions":{"BTXz/CC1IR/7phuVnGbt7GxwFr1YPlnaIppBEEWIEr92":{"registrationId":1180794436,"currentRatchet":{"ephemeralKeyPair":{"pubKey":"BeaQi7NVa+DcOcOjuqg1FYl2s/aFAfQqG3I/966VOI9N","privKey":"CPG7O+hwXRNmZDoDR3RYqiAKFYPIEwWsoD67Fbipul4="},"lastRemoteEphemeralKey":"BUKeUNo6r2LCbpfCWnJXkPpDfFHh5oPNYmrBAI07m+wU","previousCounter":0,"rootKey":"4U1OU/2f1zbxFXiS7ToplLP9JEiniacAsp5x9mEMKhM="},"indexInfo":{"baseKey":"BTXz/CC1IR/7phuVnGbt7GxwFr1YPlnaIppBEEWIEr92","baseKeyType":1,"closed":-1,"used":1682603060967,"created":1682603060967,"remoteIdentityKey":"Be839+I6czC0cfp5z/z2Z69AMxs8QVBN9HMfAwRjWGQF"},"_chains":{"BeaQi7NVa+DcOcOjuqg1FYl2s/aFAfQqG3I/966VOI9N":{"chainKey":{"counter":360,"key":"O1Ykyq3dHe/0YsUO5zGvUxOcolKTOY3I2PTZJzhtSIc="},"chainType":1,"messageKeys":{}}},"pendingPreKey":{"signedKeyId":0,"baseKey":"BTXz/CC1IR/7phuVnGbt7GxwFr1YPlnaIppBEEWIEr92","preKeyId":5806873}}},"version":"v1"}