{"_sessions":{"BQEMNIc0zdtSdZwVNMpB+ujBzbnKvGgKE+SJeIYQBQRM":{"registrationId":6878,"currentRatchet":{"ephemeralKeyPair":{"pubKey":"BZ+FL8QYVIqs37MbZbjk9clg3ruQbzEl5Kj/iCJ2B9sl","privKey":"4L0OcOJBZb3jfeTz718CfG2+9Ee0kzWLprz8BLTKt0E="},"lastRemoteEphemeralKey":"BcOCoCkRiT08q0z6aQ/lDqZPRBZax31ikraYy42wrK4b","previousCounter":0,"rootKey":"rIwI9i2UAvrYWHkCPbCJnwXkfC6BkEcDokevLHMJg/8="},"indexInfo":{"baseKey":"BQEMNIc0zdtSdZwVNMpB+ujBzbnKvGgKE+SJeIYQBQRM","baseKeyType":1,"closed":-1,"used":1682619373825,"created":1682619373825,"remoteIdentityKey":"BQWyPUlRvsPns4ZiV8lPVFG8RCDvsxzHLoCGADo7Fz86"},"_chains":{"BZ+FL8QYVIqs37MbZbjk9clg3ruQbzEl5Kj/iCJ2B9sl":{"chainKey":{"counter":3,"key":"9nYdRfCriMO5bNx+nk6uHildEWKuFjgKy+zDHBc3iMQ="},"chainType":1,"messageKeys":{}}},"pendingPreKey":{"signedKeyId":1,"baseKey":"BQEMNIc0zdtSdZwVNMpB+ujBzbnKvGgKE+SJeIYQBQRM","preKeyId":1796}}},"version":"v1"}