{"_sessions":{"BX+rBfVAX8tfQZVKkR3x9SaFN1rBwJ8AgTy/NcJHXEcn":{"registrationId":156704112,"currentRatchet":{"ephemeralKeyPair":{"pubKey":"BcyzQyGz1up+c6KRUJbGac8dpPLl/l/nn0RXC5iVsnhx","privKey":"QGCYEfaaXjfjM0DLEHSns7E2Bm2uSPKFPkddhtQ4JH0="},"lastRemoteEphemeralKey":"BcM1Pbncwtma2RDqOH6eLrzV/ftkqmQzCCnGqqVDkHRW","previousCounter":0,"rootKey":"mVuOcz6CdJj5qszLY8gZt5pTbnD2pTayyn24l9EXWYg="},"indexInfo":{"baseKey":"BX+rBfVAX8tfQZVKkR3x9SaFN1rBwJ8AgTy/NcJHXEcn","baseKeyType":1,"closed":-1,"used":1682603061284,"created":1682603061284,"remoteIdentityKey":"BRjmUuZ/MkEFF7YvvQlPQjqD0tpZVMg+KYFYfG0gA5dT"},"_chains":{"BcyzQyGz1up+c6KRUJbGac8dpPLl/l/nn0RXC5iVsnhx":{"chainKey":{"counter":360,"key":"/DMxOdSPp7RpDk1AjDIQluvuALbVEcmWq6ILTtHaGZA="},"chainType":1,"messageKeys":{}}},"pendingPreKey":{"signedKeyId":1,"baseKey":"BX+rBfVAX8tfQZVKkR3x9SaFN1rBwJ8AgTy/NcJHXEcn","preKeyId":2943806}}},"version":"v1"}