{"_sessions":{"BeKwghrMe6wmX2p6ySsm7jXY1MRKYdDicFtV9lxMUIos":{"registrationId":178205139,"currentRatchet":{"ephemeralKeyPair":{"pubKey":"BU/WswzTMMx0+/MrXVbNWAVjDR6V4wTaNSg+KWuLBvQv","privKey":"aCaQPiNATeP9YHP3K66LMv3qq4Qld4JphkANIgSYWHA="},"lastRemoteEphemeralKey":"BVvFIvRoku+0fMpYe+TjlLTao5d5m0EiHIPq1DcJ9Do0","previousCounter":0,"rootKey":"XsUikcW/SFxYP51/X5wfrdhMx1riK1HniqeezpNyrOg="},"indexInfo":{"baseKey":"BeKwghrMe6wmX2p6ySsm7jXY1MRKYdDicFtV9lxMUIos","baseKeyType":1,"closed":-1,"used":1682603061250,"created":1682603061250,"remoteIdentityKey":"BbqPbz7cZybeyzv0K1WU4o1HcdLt75nEGheq8b8iMzUC"},"_chains":{"BU/WswzTMMx0+/MrXVbNWAVjDR6V4wTaNSg+KWuLBvQv":{"chainKey":{"counter":360,"key":"Hyp49xEbBuV9qQ29oIVPYjol7jejmLpNE5NEoCmimMg="},"chainType":1,"messageKeys":{}}},"pendingPreKey":{"signedKeyId":7,"baseKey":"BeKwghrMe6wmX2p6ySsm7jXY1MRKYdDicFtV9lxMUIos","preKeyId":151566}}},"version":"v1"}