{"_sessions":{"BbhHHRjh42vRWQL8JwG5VCZa4U3ApWVcir7hUlJMu3cK":{"registrationId":219463215,"currentRatchet":{"ephemeralKeyPair":{"pubKey":"BcMH+XtuIDj8/McCdW6D71w6gIE5NolIuiIMnxU4RRRY","privKey":"eBG/F1hIvrCsAnNS0iIo8t4IvrLOmuFYk+5CGg5R8mY="},"lastRemoteEphemeralKey":"BXYHT3w5T0Wyff0Ogi7ldolyw6xz1rKdT/4ytgr23udx","previousCounter":0,"rootKey":"GmjZcueQ0zELYQwfOfa5UTiPhfNn/HKXtRFBzJvdOpE="},"indexInfo":{"baseKey":"BbhHHRjh42vRWQL8JwG5VCZa4U3ApWVcir7hUlJMu3cK","baseKeyType":1,"closed":-1,"used":1682619373889,"created":1682619373889,"remoteIdentityKey":"BedZZvvM2ZH/zRbWsUA59z/EAppIc4uR+5OTYNvuwWZI"},"_chains":{"BcMH+XtuIDj8/McCdW6D71w6gIE5NolIuiIMnxU4RRRY":{"chainKey":{"counter":3,"key":"jySJWf/ELvX8ijOH1fUyjKawhvj2cBByotGxC3XIH0s="},"chainType":1,"messageKeys":{}}},"pendingPreKey":{"signedKeyId":1,"baseKey":"BbhHHRjh42vRWQL8JwG5VCZa4U3ApWVcir7hUlJMu3cK","preKeyId":13949264}}},"version":"v1"}