{"_sessions":{"BbBFWm9TFmJ9VellohdRlC3ql8T1dHJR1lhycU/MM3cf":{"registrationId":13058,"currentRatchet":{"ephemeralKeyPair":{"pubKey":"BWbCrBkcF0BF+Q7GR40hMLqRSsntxhxmPcVz0eWczhJH","privKey":"qGmRGlGnNdt/PMYJwTtfoenhyfDuBrfCQFKCa5+KR04="},"lastRemoteEphemeralKey":"BbRbvUzwlGemBM/EedGYzMaxJsZNqFO5BIULd7nFpkVP","previousCounter":0,"rootKey":"P3wlnSgWK6ZB69BpWOQ8AQLzsZffKNzFFOhSyMhPNT0="},"indexInfo":{"baseKey":"BbBFWm9TFmJ9VellohdRlC3ql8T1dHJR1lhycU/MM3cf","baseKeyType":1,"closed":-1,"used":1682619373768,"created":1682619373768,"remoteIdentityKey":"BQNqioh2wPMKGKlItIqQpb+mKmdb9RSolEBJucg/GU0J"},"_chains":{"BWbCrBkcF0BF+Q7GR40hMLqRSsntxhxmPcVz0eWczhJH":{"chainKey":{"counter":3,"key":"D5200F2F5rtPeH4TglCMWcRGmLXMjLb5VxAliZ+uot0="},"chainType":1,"messageKeys":{}}},"pendingPreKey":{"signedKeyId":1,"baseKey":"BbBFWm9TFmJ9VellohdRlC3ql8T1dHJR1lhycU/MM3cf"}}},"version":"v1"}