{"_sessions":{"BSRVVMRJeM1iULqvGIHL6bDBqVoaBDPEu8KOrih3Ij1A":{"registrationId":1657613604,"currentRatchet":{"ephemeralKeyPair":{"pubKey":"BbnRlrUlvCFh/ecNiE4R3iC8WTyNvGSns6AWqKzstaE5","privKey":"WP9pgfuPKTSqmMXXHtqKYSM9ZHWCbkDjbZsfZlRnbXE="},"lastRemoteEphemeralKey":"BZ1VpFrN8kln6h5ApqIoe1xk1T+h5LKacS5YW6JbUfNV","previousCounter":0,"rootKey":"VNttTbmrLKLaB4A0gQc8oOVhCwR0VhN9GVBue+lBC3g="},"indexInfo":{"baseKey":"BSRVVMRJeM1iULqvGIHL6bDBqVoaBDPEu8KOrih3Ij1A","baseKeyType":1,"closed":-1,"used":1682603061335,"created":1682603061335,"remoteIdentityKey":"BXbZAubt7d9mI+2c5AQoLa2CjOWtrQOn+CZunO6d6IMl"},"_chains":{"BbnRlrUlvCFh/ecNiE4R3iC8WTyNvGSns6AWqKzstaE5":{"chainKey":{"counter":360,"key":"0758qrQIaF/QCNxb3Do8kR0zj0dp+rETdG8ORl5Gt8E="},"chainType":1,"messageKeys":{}}},"pendingPreKey":{"signedKeyId":1,"baseKey":"BSRVVMRJeM1iULqvGIHL6bDBqVoaBDPEu8KOrih3Ij1A"}}},"version":"v1"}