{"_sessions":{"BdYVxTskoeACMD8PiN6J7AmeoFWcyYBka+vfu8KG021D":{"registrationId":11299,"currentRatchet":{"ephemeralKeyPair":{"pubKey":"Bb+sTonmHfhJHMNFmbzANqFtRC4EQjI6hXe600a8q/x8","privKey":"OMRtP8sHjGKj9hKZ3YXonBxcgV2jO15lVgGvS0v4RVs="},"lastRemoteEphemeralKey":"Bbj9rmg2MhZYUaTj9Sm+Q4myws2njyVprznKBlKPY1No","previousCounter":0,"rootKey":"bke5KohkilLCzljjiTAip8doCdz2Jc7vpDCLwJEkNJQ="},"indexInfo":{"baseKey":"BdYVxTskoeACMD8PiN6J7AmeoFWcyYBka+vfu8KG021D","baseKeyType":1,"closed":-1,"used":1682619373816,"created":1682619373816,"remoteIdentityKey":"BbkApetJ3ypAcND/qXVacZVteqPoNB3miWNP856evyxA"},"_chains":{"Bb+sTonmHfhJHMNFmbzANqFtRC4EQjI6hXe600a8q/x8":{"chainKey":{"counter":3,"key":"y2ywEudJVLgaHxUtjHzA6NqRwQJOJaO+R/qL8b1kEJM="},"chainType":1,"messageKeys":{}}},"pendingPreKey":{"signedKeyId":1,"baseKey":"BdYVxTskoeACMD8PiN6J7AmeoFWcyYBka+vfu8KG021D","preKeyId":4963}}},"version":"v1"}