{"_sessions":{"Bbdf+4kY+YeGY4GMKMMMP4YgjCuXcG9pWPQVbMZYme1C":{"registrationId":10903,"currentRatchet":{"ephemeralKeyPair":{"pubKey":"BUGy3yGYTONcHfo8Nslp0AW158G8YmxjZqHoXZqoZZJJ","privKey":"eBrcC170n6wXgcSCCA8KipRvpBPxuKDQdmkZjnvlf3g="},"lastRemoteEphemeralKey":"BXp3tTxalUinIfkR8klKGqQTcJuHuKWGDgW7wHrB6Ddr","previousCounter":0,"rootKey":"wQtcjrZAxjYrZM7Ewkkzcj+fjhxvnRuzF+YM1g7AXQc="},"indexInfo":{"baseKey":"Bbdf+4kY+YeGY4GMKMMMP4YgjCuXcG9pWPQVbMZYme1C","baseKeyType":1,"closed":-1,"used":1682603060786,"created":1682603060786,"remoteIdentityKey":"BYWi24bGc+AQ6YBsTxYaZoCKwL78Tg6aTezZUArpw6w9"},"_chains":{"BUGy3yGYTONcHfo8Nslp0AW158G8YmxjZqHoXZqoZZJJ":{"chainKey":{"counter":360,"key":"ow31Dl4juwIwNqcLL06hYgajbjtHhDKdSKO14iTinQg="},"chainType":1,"messageKeys":{}}},"pendingPreKey":{"signedKeyId":1,"baseKey":"Bbdf+4kY+YeGY4GMKMMMP4YgjCuXcG9pWPQVbMZYme1C","preKeyId":1992}}},"version":"v1"}