{"_sessions":{"BVQJk3kyPoJb33x85HKpb2/+fj9ad1mT6rZIbh5j1elR":{"registrationId":1566175220,"currentRatchet":{"ephemeralKeyPair":{"pubKey":"BQAzLSyBIhVmJxtbMEgtvgagpKqQ1z8qvFMP+OOGE/cW","privKey":"kOlR1yP5TRPaO53eTn8wKyucFIlR4OVGY8bRPq8RMGE="},"lastRemoteEphemeralKey":"BaT2C2e9VBvHhb3xTfUZRU1ueyAfoDIHIm15vKRFA55X","previousCounter":0,"rootKey":"QwJ+1TWVs36StQQr2vN34vUHHRJpaKqogdZROjKAxQw="},"indexInfo":{"baseKey":"BVQJk3kyPoJb33x85HKpb2/+fj9ad1mT6rZIbh5j1elR","baseKeyType":1,"closed":-1,"used":1682619373975,"created":1682619373975,"remoteIdentityKey":"BffgN3OUTb12DQdGq+Ly/AWpPvNFfn/1nFEs22KaB/BI"},"_chains":{"BQAzLSyBIhVmJxtbMEgtvgagpKqQ1z8qvFMP+OOGE/cW":{"chainKey":{"counter":3,"key":"wRFkEdHfJe1uwYZ2PINFkqq8rI90Vx5xAjg6STfjbZs="},"chainType":1,"messageKeys":{}}},"pendingPreKey":{"signedKeyId":9,"baseKey":"BVQJk3kyPoJb33x85HKpb2/+fj9ad1mT6rZIbh5j1elR","preKeyId":579226}}},"version":"v1"}