{"_sessions":{"BQ4cqaQK9wSUwP8l/stYEBPAm7wcO/peZcJ3sp6MG84R":{"registrationId":1537815050,"currentRatchet":{"ephemeralKeyPair":{"pubKey":"BZy0IkkADFFF0hw/OyWlH/n3MrNKd5f9HjUIbzOnJX0b","privKey":"aKmYtiCofPGyoBnPQUYsvPeGeH+5bfVWrWK+ZV3O3GQ="},"lastRemoteEphemeralKey":"BWkMB2Y2jQtLUjhwcIFM+/2ZP095ckIbtAJaKcQXiTFA","previousCounter":0,"rootKey":"3+AXe6nvf+x/GQt5E/mzcv8ilzyK7ADXGeI51IftuME="},"indexInfo":{"baseKey":"BQ4cqaQK9wSUwP8l/stYEBPAm7wcO/peZcJ3sp6MG84R","baseKeyType":1,"closed":-1,"used":1682619373891,"created":1682619373891,"remoteIdentityKey":"Bfk0I1OhxTyfP3rlgaresNPdCFn3jSPQ2wcQXXG3n9Vq"},"_chains":{"BZy0IkkADFFF0hw/OyWlH/n3MrNKd5f9HjUIbzOnJX0b":{"chainKey":{"counter":3,"key":"Pwv8QlDVCZQp/jkarqb05E9XQNIDOQ5wOpqbtRSKv7w="},"chainType":1,"messageKeys":{}}},"pendingPreKey":{"signedKeyId":4,"baseKey":"BQ4cqaQK9wSUwP8l/stYEBPAm7wcO/peZcJ3sp6MG84R","preKeyId":4945562}}},"version":"v1"}