{"_sessions":{"Be60xzKZWHJyQxm2b/zYktsVhlOWbMHWuFsJp26/n2x+":{"registrationId":1968852840,"currentRatchet":{"ephemeralKeyPair":{"pubKey":"BX27yhKgGn6osU670L47VRXBvLxCbzBlnojjRnPS3scJ","privKey":"6Ngl5I7tkhYwcoK0hTXsAsZ4LtVn8G/4l29w/SAtcFY="},"lastRemoteEphemeralKey":"BZCF4oLHzaV8ng4GjtQj2heOPhgtWulFqwhnTz25iBFe","previousCounter":0,"rootKey":"ZhtdyGPihajfhjpZJjkLDjYRoACA8KXZPtrfNQQYOoM="},"indexInfo":{"baseKey":"Be60xzKZWHJyQxm2b/zYktsVhlOWbMHWuFsJp26/n2x+","baseKeyType":1,"closed":-1,"used":1682603060808,"created":1682603060808,"remoteIdentityKey":"BQl+LPAj1vewd/ed80lSIEtYE8vtLJIHRlVdYk/6ahtl"},"_chains":{"BX27yhKgGn6osU670L47VRXBvLxCbzBlnojjRnPS3scJ":{"chainKey":{"counter":360,"key":"eKbEzf1ceYVCMQZYt9S4sgR5fVbVZQsBRce63iIN9FM="},"chainType":1,"messageKeys":{}}},"pendingPreKey":{"signedKeyId":8,"baseKey":"Be60xzKZWHJyQxm2b/zYktsVhlOWbMHWuFsJp26/n2x+","preKeyId":10290555}}},"version":"v1"}