{"_sessions":{"BV8shx2ijC6YEI6u9gwCjbcRW/YWXdOBUf3wNXVVXytB":{"registrationId":1154402370,"currentRatchet":{"ephemeralKeyPair":{"pubKey":"BWCPuI4WUq1azkcQ3q+Cj3xh3Rc4Znt6+zXzgdrDPDQj","privKey":"uJBQmKUSQrq69lVSDuNL6eJ5fyOFIU08NHR+xlfl+UQ="},"lastRemoteEphemeralKey":"BdHL53MnHdu/G/Qgj8O1Z8ikWUyXblq0u6gd+TmQ+rIy","previousCounter":328,"rootKey":"lqaQJJVCtUzQOwH7vmSoRc0DaTlm59KMe0RR0cRStA0="},"indexInfo":{"baseKey":"BV8shx2ijC6YEI6u9gwCjbcRW/YWXdOBUf3wNXVVXytB","baseKeyType":1,"closed":-1,"used":1682642999672,"created":1682603061338,"remoteIdentityKey":"BUVGkiGxmOaZH8mZmWx3wwddLlnmND84O2oNy05Pd4gQ"},"_chains":{"Bb9mCJUVZTbXfYssKIr6EmOCIR1FICd5m8ldxKF4UKpE":{"chainKey":{"counter":0},"chainType":2,"messageKeys":{}},"BdHL53MnHdu/G/Qgj8O1Z8ikWUyXblq0u6gd+TmQ+rIy":{"chainKey":{"counter":0,"key":"l5y0Svr0AEWQFOgYyaEa4KyMlxFYxx3p3bFxMKBu3v4="},"chainType":2,"messageKeys":{}},"BWCPuI4WUq1azkcQ3q+Cj3xh3Rc4Znt6+zXzgdrDPDQj":{"chainKey":{"counter":0,"key":"62dh9YWyGRyfPlrOG4HuSgJeiSW41M72NOTnH5WSHYk="},"chainType":1,"messageKeys":{}}}}},"version":"v1"}