{"_sessions":{"BeDKm9UG9nUkBEsyjLb0EN1CT0viu+tSCv8vzin6h7N8":{"registrationId":1397538505,"currentRatchet":{"ephemeralKeyPair":{"pubKey":"BcrOZFc1YWnTDm6hhObjMMlJrtlHpVKeGBWVZtNOa4Yy","privKey":"qEAWWA+0p3lltZWTLjsNI6gJUfp8Pf6Oyz/zPDF6bmw="},"lastRemoteEphemeralKey":"Bataqa67gLxaJ4kLbztx4vFcoGiYyVDnmAHuAD1q7V1C","previousCounter":0,"rootKey":"LC8kmN+ijBOzEMjdwIxLn+RaFqWlj6u4iMmSWc7W21o="},"indexInfo":{"baseKey":"BeDKm9UG9nUkBEsyjLb0EN1CT0viu+tSCv8vzin6h7N8","baseKeyType":1,"closed":-1,"used":1682619373885,"created":1682619373885,"remoteIdentityKey":"BXxpQJKl4r9GMpiVcILEKzLW3bCZyiZefy1CjLkieK1p"},"_chains":{"BcrOZFc1YWnTDm6hhObjMMlJrtlHpVKeGBWVZtNOa4Yy":{"chainKey":{"counter":3,"key":"zsKZyGdab3wO3wEuI5n1EaXG3cyOzq0nqKO5PTbPYy8="},"chainType":1,"messageKeys":{}}},"pendingPreKey":{"signedKeyId":1,"baseKey":"BeDKm9UG9nUkBEsyjLb0EN1CT0viu+tSCv8vzin6h7N8","preKeyId":3771269}}},"version":"v1"}