{"_sessions":{"BYpZ+nPRp1ors+AeNB+EDZEY0hxjRhCVIZr7dFAiK8YK":{"registrationId":1094788758,"currentRatchet":{"ephemeralKeyPair":{"pubKey":"BcO7iUUol466IAyqCkoDLQJcH3Dl22cQEMABJHGVtB9x","privKey":"2BvmdxD5O3sQOJv/1QilUlPbifsE23iTA3bz+QyZt2c="},"lastRemoteEphemeralKey":"BVikY8DFcjAxs8rzGX0orST8dNapPJ8jKs6u3cDN2Kpm","previousCounter":0,"rootKey":"rDdKZAk7WHa4Qtn9ET+m4vzHajil6pfZohvBA8/Lb3o="},"indexInfo":{"baseKey":"BYpZ+nPRp1ors+AeNB+EDZEY0hxjRhCVIZr7dFAiK8YK","baseKeyType":1,"closed":-1,"used":1682619374116,"created":1682619374116,"remoteIdentityKey":"BWkx2BzbMCc89mSJvd9cPL8LraNnodn9VAEUyjv3Dcwc"},"_chains":{"BcO7iUUol466IAyqCkoDLQJcH3Dl22cQEMABJHGVtB9x":{"chainKey":{"counter":3,"key":"2/y9KYUXWAXJB4dEXJrHIVyDf2L3XtA+9kZTLkMjElE="},"chainType":1,"messageKeys":{}}},"pendingPreKey":{"signedKeyId":1,"baseKey":"BYpZ+nPRp1ors+AeNB+EDZEY0hxjRhCVIZr7dFAiK8YK","preKeyId":9500833}}},"version":"v1"}