{"_sessions":{"BbXi0SNLXokEg7+nv/VIXMR21aTrx33hhcuY7+pJTIw/":{"registrationId":1990479079,"currentRatchet":{"ephemeralKeyPair":{"pubKey":"BXBpj/f+0uUS3uJtIQdRNxnc4COjBd0YmKaxBQ/hi9Z6","privKey":"6Mpn9QjKHP1ZwXPSspd5uNem+Rb86PS+akXaQkUHQ3Y="},"lastRemoteEphemeralKey":"BRQ9OBiAzajpQo8jIORYszL/85BJnGiZwi/HCVuPc9wh","previousCounter":0,"rootKey":"xkO4Tvm5CVugeJLL5wV8C5duclxu8R2h+vYFSqt/rS8="},"indexInfo":{"baseKey":"BbXi0SNLXokEg7+nv/VIXMR21aTrx33hhcuY7+pJTIw/","baseKeyType":1,"closed":-1,"used":1682619373929,"created":1682619373929,"remoteIdentityKey":"BRr7Kih2TCZXQ3GNf2f352kW0b1RVrlPbMun8Bm0m/ZW"},"_chains":{"BXBpj/f+0uUS3uJtIQdRNxnc4COjBd0YmKaxBQ/hi9Z6":{"chainKey":{"counter":3,"key":"85dl4VdoiHXaabtvsbn9UeaVrePVHn4O/B2WpVyY6No="},"chainType":1,"messageKeys":{}}},"pendingPreKey":{"signedKeyId":3,"baseKey":"BbXi0SNLXokEg7+nv/VIXMR21aTrx33hhcuY7+pJTIw/","preKeyId":16528060}}},"version":"v1"}