{"_sessions":{"BfKMbQGalhGScCT9q1yk582MWu3U+V2Ujml2P7VFsPNx":{"registrationId":603388391,"currentRatchet":{"ephemeralKeyPair":{"pubKey":"BUD1ZaNvklvK+9VS08Wa8BqZTA1DFv58IFjnEqdXeKwe","privKey":"+NncHx4/4yM1b8byK1KHrYGiW/Xsf/wNayCwjvgRy1w="},"lastRemoteEphemeralKey":"Ba+MNaoHFfqFxvJs21NVQyHhOJRQXWBDLohcq7sY9nAa","previousCounter":0,"rootKey":"Ixm1X2O4pEhy5H3SHIdP1MxpC51AUhmrpvhc+xs2tM8="},"indexInfo":{"baseKey":"BfKMbQGalhGScCT9q1yk582MWu3U+V2Ujml2P7VFsPNx","baseKeyType":1,"closed":-1,"used":1682619374192,"created":1682619374192,"remoteIdentityKey":"Be49kCIzlBpb7e1lyS+7YgQhj7atPdt+GMdZBfX6PRM2"},"_chains":{"BUD1ZaNvklvK+9VS08Wa8BqZTA1DFv58IFjnEqdXeKwe":{"chainKey":{"counter":3,"key":"brQPmtJxj9lsJLuKiM5RejoSQk7M1xJh/T+l3sfLDoU="},"chainType":1,"messageKeys":{}}},"pendingPreKey":{"signedKeyId":2,"baseKey":"BfKMbQGalhGScCT9q1yk582MWu3U+V2Ujml2P7VFsPNx"}}},"version":"v1"}