{"_sessions":{"BUkExegLFZcWcEL9lvqs5+f7v7Urn7ao2pTCO4V58o9n":{"registrationId":1314236467,"currentRatchet":{"ephemeralKeyPair":{"pubKey":"BeQLOn0Yrltl3B7QnFZbveCoarMhc74YnVtnFpkj0RN3","privKey":"uD8vAUzlaxK1U23x+2V7JDpPgcoLq/69/lK/YqXyMEs="},"lastRemoteEphemeralKey":"Bdp8rPjzpLALCcBGDL5FvsSdQmyzdb21rd5zqu3rsghP","previousCounter":0,"rootKey":"CZss49kLrPOdTgmwEMAMmkNKExbjTHbHJGEJWZZp5QI="},"indexInfo":{"baseKey":"BUkExegLFZcWcEL9lvqs5+f7v7Urn7ao2pTCO4V58o9n","baseKeyType":1,"closed":-1,"used":1682603061334,"created":1682603061334,"remoteIdentityKey":"BSE3/F+pwhE36AwOLCdPlne/dDrdhRdRm5GalT5U7C1N"},"_chains":{"BeQLOn0Yrltl3B7QnFZbveCoarMhc74YnVtnFpkj0RN3":{"chainKey":{"counter":360,"key":"DRqafmdkvYAYf/F6GQtDvcFuFFwNx6EJmw9VD9P2Cvo="},"chainType":1,"messageKeys":{}}},"pendingPreKey":{"signedKeyId":6,"baseKey":"BUkExegLFZcWcEL9lvqs5+f7v7Urn7ao2pTCO4V58o9n","preKeyId":4493262}}},"version":"v1"}