{"_sessions":{"BbuEGBsLDGXbS5vymzfM9jcI/p11p04JOhs7YLI//KF+":{"registrationId":420795011,"currentRatchet":{"ephemeralKeyPair":{"pubKey":"BYwUeW+ND/DWHhxuKysxJsiYLJY+sMVYddFyM38xdThf","privKey":"eLjh1cSdKh7WqjkXiYOPiNhKoyuvYTu0id0+NY3TXmM="},"lastRemoteEphemeralKey":"BXPWf28MFNTYNQCl1PJ0TwT0s2pQ0xeMEwT+jqlrjyBe","previousCounter":0,"rootKey":"76lOx9O4ilO45n/+1y8UseM+8dSeixj7TJ1hlNVEDsI="},"indexInfo":{"baseKey":"BbuEGBsLDGXbS5vymzfM9jcI/p11p04JOhs7YLI//KF+","baseKeyType":1,"closed":-1,"used":1682619374080,"created":1682619374080,"remoteIdentityKey":"BZB0V87vC1h9fKi6xYaSZj4TfYRBJuPObOumcmWqCJgo"},"_chains":{"BYwUeW+ND/DWHhxuKysxJsiYLJY+sMVYddFyM38xdThf":{"chainKey":{"counter":3,"key":"7cziqou4QuwBOaQydC6l3UEX9C/W1v5qJx1e7a431cQ="},"chainType":1,"messageKeys":{}}},"pendingPreKey":{"signedKeyId":0,"baseKey":"BbuEGBsLDGXbS5vymzfM9jcI/p11p04JOhs7YLI//KF+","preKeyId":14255969}}},"version":"v1"}