{"_sessions":{"BXn/RCk7PgYaQcVzEHoojA+vQ3fEXXQw+yHd1aUtyolo":{"registrationId":54,"currentRatchet":{"ephemeralKeyPair":{"pubKey":"Bat+eEXppk1VoppPFwNd1ByWUN3z3Y02FdkmvJ8tlpZl","privKey":"eB8uI/rcj+0bwGptgsnrPIHQEb1BLkebDrZjOIPyC3A="},"lastRemoteEphemeralKey":"BRZ45CIdW4O1FoECGWtauemJJCWvbuN+LWqVhddTCwJ/","previousCounter":0,"rootKey":"0ZacPqTMEt9og28+gPt/5tt5XujXe8rxNTbi3nn8rDM="},"indexInfo":{"baseKey":"BXn/RCk7PgYaQcVzEHoojA+vQ3fEXXQw+yHd1aUtyolo","baseKeyType":1,"closed":-1,"used":1682603060755,"created":1682603060755,"remoteIdentityKey":"BXnKOIJnjf9HlJsKXZZl6/vJyE2fSesZYExwzn9ZZ84O"},"_chains":{"Bat+eEXppk1VoppPFwNd1ByWUN3z3Y02FdkmvJ8tlpZl":{"chainKey":{"counter":360,"key":"z88DLUNT6/EsmUsO6oJFaBQnoNVfxB4gDPfAbGVAKps="},"chainType":1,"messageKeys":{}}},"pendingPreKey":{"signedKeyId":1,"baseKey":"BXn/RCk7PgYaQcVzEHoojA+vQ3fEXXQw+yHd1aUtyolo"}}},"version":"v1"}