{"_sessions":{"BWNsjNqqP3/+hPEHPjeBy6ywLq+3Kh7FsfKHBjWIXLAt":{"registrationId":520128424,"currentRatchet":{"ephemeralKeyPair":{"pubKey":"BdfD27GB8lbhtK53dfb8gdXmtegdbCah+SMFOa5vKe4V","privKey":"sINmWgly3La8n82L83ewjfqeDj7u1AgbxWII5kW9J08="},"lastRemoteEphemeralKey":"BQUhCV7OJU5JGA8wR+0/pkJ6OZWQme9GrYFiqaXQHNY0","previousCounter":0,"rootKey":"8bYeAuxolDy/6lN6Y3xcX1Uxgce3JWPXoQUA8F1yn2w="},"indexInfo":{"baseKey":"BWNsjNqqP3/+hPEHPjeBy6ywLq+3Kh7FsfKHBjWIXLAt","baseKeyType":1,"closed":-1,"used":1682619374188,"created":1682619374188,"remoteIdentityKey":"BaH+hZZOWyYNtHP4PqQmQA3MfamJzUr/F6FDOb0OzB57"},"_chains":{"BdfD27GB8lbhtK53dfb8gdXmtegdbCah+SMFOa5vKe4V":{"chainKey":{"counter":3,"key":"rU+DbOMUp6+bYwQadGagMJ8bagB3wnshXd//4NHyKZc="},"chainType":1,"messageKeys":{}}},"pendingPreKey":{"signedKeyId":1,"baseKey":"BWNsjNqqP3/+hPEHPjeBy6ywLq+3Kh7FsfKHBjWIXLAt","preKeyId":6925361}}},"version":"v1"}