{"_sessions":{"BQI2JustQ32EKaVwj/0jv6N6Nrq9tfTTncz53ART10F/":{"registrationId":6709131,"currentRatchet":{"ephemeralKeyPair":{"pubKey":"BQuyNzQH0nfnenWRNlkD/KCGf5yNd68NMHPM2IaILwpA","privKey":"qOPoE41nqQGX/3oqXvmMtkH+owQiAl4kPUggsE0XmnQ="},"lastRemoteEphemeralKey":"BWMG8UxktpXvfh5rRrFnnJzHCnniWoF220QwHzKeWMJn","previousCounter":0,"rootKey":"0WK4RcXxeKz+zB8vEFje274si/+VLwJOIu6+vwieOJw="},"indexInfo":{"baseKey":"BQI2JustQ32EKaVwj/0jv6N6Nrq9tfTTncz53ART10F/","baseKeyType":1,"closed":-1,"used":1682619373888,"created":1682619373888,"remoteIdentityKey":"BVvKkGV1PF1Tzqf+ATet/ESpffLOY65BMMDNTvtea0wL"},"_chains":{"BQuyNzQH0nfnenWRNlkD/KCGf5yNd68NMHPM2IaILwpA":{"chainKey":{"counter":3,"key":"nn3AqbvKgU+u7IzaEJUQLF25ZfKCrw5DjsMgmh7KOv8="},"chainType":1,"messageKeys":{}}},"pendingPreKey":{"signedKeyId":0,"baseKey":"BQI2JustQ32EKaVwj/0jv6N6Nrq9tfTTncz53ART10F/","preKeyId":4565224}}},"version":"v1"}