{"_sessions":{"BdPT2pRx86HDDdAlviMAmAavQxry8c4SGvrxj2g6oyJw":{"registrationId":1552329068,"currentRatchet":{"ephemeralKeyPair":{"pubKey":"BY4pA5+/nK3/meUxDc8gfTNmMaEqwgPbin5ngSO0hJFu","privKey":"QLlRBINvuK6sjvlZepGGFtwhBQUKX1h1tu/mq6eNB34="},"lastRemoteEphemeralKey":"BU4ieAM7/vu+1fvPG/lmFKBQguBt2Bn6GM5I2F7ign0e","previousCounter":0,"rootKey":"GtRU2gIbjI3zOnkZxfBBx7TJSeYo4hy9xUi1Z/TcD+A="},"indexInfo":{"baseKey":"BdPT2pRx86HDDdAlviMAmAavQxry8c4SGvrxj2g6oyJw","baseKeyType":1,"closed":-1,"used":1682619374187,"created":1682619374187,"remoteIdentityKey":"BWza4X21SO7zRvwPV67xE4qTjjYhn6h0d9c5TOjuzWZJ"},"_chains":{"BY4pA5+/nK3/meUxDc8gfTNmMaEqwgPbin5ngSO0hJFu":{"chainKey":{"counter":3,"key":"gzTgNPr3bhSjNsLEDPZL0Q376Ikr5Wm7VNdN2qrTYdU="},"chainType":1,"messageKeys":{}}},"pendingPreKey":{"signedKeyId":3,"baseKey":"BdPT2pRx86HDDdAlviMAmAavQxry8c4SGvrxj2g6oyJw"}}},"version":"v1"}