{"_sessions":{"BU5TbazBz83ez5h1z5TAtydtPgKByInj+wfUIWuQeHE4":{"registrationId":1756160075,"currentRatchet":{"ephemeralKeyPair":{"pubKey":"Bb0TCJ/Un2K6WAVDcJGAffHnb3K65f+TYIWh0Y1svEBV","privKey":"eH1gBQWSWXTN9QYE1Mb3gzb3h8y91yCEEKnTizuNvVM="},"lastRemoteEphemeralKey":"BSJnW2cEWYJG4incfl454yrt1LLwphL9TtN0qXz3w4cc","previousCounter":0,"rootKey":"RXJ/nyuNXm4Ch5pLeU+RPHNXmoalvV03PdAwFHNoIfM="},"indexInfo":{"baseKey":"BU5TbazBz83ez5h1z5TAtydtPgKByInj+wfUIWuQeHE4","baseKeyType":1,"closed":-1,"used":1682603061326,"created":1682603061326,"remoteIdentityKey":"BQUhUT1s47oAvGeKPBRe4VLybP2Oe0zoejU99kre7JQ9"},"_chains":{"Bb0TCJ/Un2K6WAVDcJGAffHnb3K65f+TYIWh0Y1svEBV":{"chainKey":{"counter":360,"key":"pSJvfGZLfGRMat/KCASwUMwVclnZuHCESCKNytjDA4w="},"chainType":1,"messageKeys":{}}},"pendingPreKey":{"signedKeyId":1,"baseKey":"BU5TbazBz83ez5h1z5TAtydtPgKByInj+wfUIWuQeHE4","preKeyId":11565088}}},"version":"v1"}