{"_sessions":{"BRO24gL/BuEbjwSyH00RjuGYDOafMY5KSsc00VD2JrgW":{"registrationId":1893004183,"currentRatchet":{"ephemeralKeyPair":{"pubKey":"BZD49fKXZb85PbotvzUfDUX+UL/k0PsuHECnmZvG31A9","privKey":"wI5QQ06xswEyFiT74ma9w/ddLCQmDx7xOc6WkxCqGHY="},"lastRemoteEphemeralKey":"BZqmptCEF8OSZ++6zCxojAtytY0q95fXNagOBYkSfPEp","previousCounter":0,"rootKey":"CMoaeFc5HoPDKfNA9WuW5nms2k2JxK3oBiMbk/CIcZM="},"indexInfo":{"baseKey":"BRO24gL/BuEbjwSyH00RjuGYDOafMY5KSsc00VD2JrgW","baseKeyType":1,"closed":-1,"used":1682619373856,"created":1682619373856,"remoteIdentityKey":"BRmwwhrbKMdu8WM5pWpHElj0LFIkA5kvuzDJS614SIZJ"},"_chains":{"BZD49fKXZb85PbotvzUfDUX+UL/k0PsuHECnmZvG31A9":{"chainKey":{"counter":3,"key":"Vj8sCkKWQOkPR7XzG+Dw0zpqS47xF3GCedilP6Kvvx4="},"chainType":1,"messageKeys":{}}},"pendingPreKey":{"signedKeyId":5,"baseKey":"BRO24gL/BuEbjwSyH00RjuGYDOafMY5KSsc00VD2JrgW","preKeyId":1545401}}},"version":"v1"}