{"_sessions":{"Bcx5L4TccE0A0mix8eiZDIXNsDZ+J6JIVp1aLXZop0cY":{"registrationId":1955663713,"currentRatchet":{"ephemeralKeyPair":{"pubKey":"BZqgPTlG52rhhyLg9fiHIYLQmKzn/AkibNHp+VLPmTY5","privKey":"2PWAcgVViUVtk1sVOSBk5v5J8SuIY00zqcuWP+J4B0M="},"lastRemoteEphemeralKey":"BewMm0iC4XqQJ779iPEPwLvLtFfhTbSmoAMSVH3yXXk+","previousCounter":0,"rootKey":"EMYjyKljL97evxP201LwI/MqypFFZas7OQTGayImsUc="},"indexInfo":{"baseKey":"Bcx5L4TccE0A0mix8eiZDIXNsDZ+J6JIVp1aLXZop0cY","baseKeyType":1,"closed":-1,"used":1682603060797,"created":1682603060797,"remoteIdentityKey":"BTfPimdnHFqQ8bs15s+E9nHiLnyn+9ND0AFfXXguUxw3"},"_chains":{"BZqgPTlG52rhhyLg9fiHIYLQmKzn/AkibNHp+VLPmTY5":{"chainKey":{"counter":360,"key":"oqZhMC+UCtGzYv1JXBP+6Fo96RwTVuEUcrXSgy+9G00="},"chainType":1,"messageKeys":{}}},"pendingPreKey":{"signedKeyId":13257629,"baseKey":"Bcx5L4TccE0A0mix8eiZDIXNsDZ+J6JIVp1aLXZop0cY"}}},"version":"v1"}