{"_sessions":{"BRWuH9tsEJUUs+r9QbBDdlKBM9NkJZJnl6mLZVbv5vV7":{"registrationId":1892383913,"currentRatchet":{"ephemeralKeyPair":{"pubKey":"BQTinxi2bRCfiDw1QkkSVpVLvpWRnon/xc+JI9g0IjVY","privKey":"iHt3ptCPnhh8zSuMsDh4gpkxBQFt+YrCk+Ta7y5+zWw="},"lastRemoteEphemeralKey":"BV6x+EJeW3Ycoi4XPNBoVi4KNcnVlpZ3ukTcz3IIWhtg","previousCounter":0,"rootKey":"33Fog/ULJ19GxEL6gtqcwTpxPwQgSyz9pmeJG8HYnNo="},"indexInfo":{"baseKey":"BRWuH9tsEJUUs+r9QbBDdlKBM9NkJZJnl6mLZVbv5vV7","baseKeyType":1,"closed":-1,"used":1682619373912,"created":1682619373912,"remoteIdentityKey":"BU/MjN9unUgjUV6hLq2T7pW2NZ6UA2Sdq24IxbNfRl1y"},"_chains":{"BQTinxi2bRCfiDw1QkkSVpVLvpWRnon/xc+JI9g0IjVY":{"chainKey":{"counter":3,"key":"CYhcrm3k6i/J4/orC2pTGDXFn99a+zGzoRcRfzGsnow="},"chainType":1,"messageKeys":{}}},"pendingPreKey":{"signedKeyId":1,"baseKey":"BRWuH9tsEJUUs+r9QbBDdlKBM9NkJZJnl6mLZVbv5vV7"}}},"version":"v1"}