{"_sessions":{"BdaMO/TCmLx5bbAi2rSCsN4zPdvhnSSESWhsyOdHqtpi":{"registrationId":115571504,"currentRatchet":{"ephemeralKeyPair":{"pubKey":"Bdmv4iwSM3H7bzOfFUaxzQDc7e11u2XZer3DsG5oDLIQ","privKey":"+A3/Y5PmQHYLavHLFz+4QCIGrT8TJhbHU0hBj3W4q24="},"lastRemoteEphemeralKey":"BcS+WEpbftNfYjHaPgJdZNqHrDGOaLkjHnkNNJ7FF2Us","previousCounter":0,"rootKey":"w7roXmilZFUShyT5MwWK6Pz9rrjJ2/Ret9Pw6i2EJuU="},"indexInfo":{"baseKey":"BdaMO/TCmLx5bbAi2rSCsN4zPdvhnSSESWhsyOdHqtpi","baseKeyType":1,"closed":-1,"used":1682619373848,"created":1682619373848,"remoteIdentityKey":"BV+lYd63GGnejtwACIQH6PM51Wtv3YakH8Cmx9ZbNQMW"},"_chains":{"Bdmv4iwSM3H7bzOfFUaxzQDc7e11u2XZer3DsG5oDLIQ":{"chainKey":{"counter":3,"key":"/YSJfv3Y6nGLEe6obfek5AozQC3aBG1V//Qy7knhqMU="},"chainType":1,"messageKeys":{}}},"pendingPreKey":{"signedKeyId":1,"baseKey":"BdaMO/TCmLx5bbAi2rSCsN4zPdvhnSSESWhsyOdHqtpi","preKeyId":9514050}}},"version":"v1"}