{"_sessions":{"Ba6Dth5GTM73z61pO/UwtKoMkRktRrfzjI6RENIJgVc4":{"registrationId":1848272531,"currentRatchet":{"ephemeralKeyPair":{"pubKey":"BTqf2SKe9LXpSU9oiJmADMEal+dgbirzJ0wy8QrfYn9w","privKey":"AGlXdsqMFjCneqoAU/kqOhTr4UAE2FV4BRLUmb8A41A="},"lastRemoteEphemeralKey":"BXOBQa4wCUh+D14T52vkIUE6IT3FXAWYeLEnBluNUwM5","previousCounter":0,"rootKey":"h2v3iGodv5z/5edK8ciDaIEj4Tmn26rAE9jQ0oxK9cA="},"indexInfo":{"baseKey":"Ba6Dth5GTM73z61pO/UwtKoMkRktRrfzjI6RENIJgVc4","baseKeyType":1,"closed":-1,"used":1682619373742,"created":1682619373742,"remoteIdentityKey":"BaIZnNFpH1p2/Gli1GOSle19bEvN8ASudtz0CxvpwAdK"},"_chains":{"BTqf2SKe9LXpSU9oiJmADMEal+dgbirzJ0wy8QrfYn9w":{"chainKey":{"counter":3,"key":"0uLAfohbeG7n9c+/rPNSDtUyuniA860uPLwb3xmQ98w="},"chainType":1,"messageKeys":{}}},"pendingPreKey":{"signedKeyId":1,"baseKey":"Ba6Dth5GTM73z61pO/UwtKoMkRktRrfzjI6RENIJgVc4"}}},"version":"v1"}