{"_sessions":{"BURkay7tIUyofQ/JIZ1cADUVgPfsMbctOJBMRjkHltEZ":{"registrationId":1990969128,"currentRatchet":{"ephemeralKeyPair":{"pubKey":"BbGCPzKI68wFgT2m/4Zhef1UdpC2rpolqTepRHDqwuIx","privKey":"uNlNKPVAZZmli/wDED1D1voYR6E6fxc1m8e43QFIhns="},"lastRemoteEphemeralKey":"BasGgcYbfqeL7y14/fVgzR1Gd/sw+IRQR4J5wUSl2G5F","previousCounter":0,"rootKey":"GCZgvNMwlVG8UabdTYXlv4bOGg1yx5rwWT0HbdOMKuk="},"indexInfo":{"baseKey":"BURkay7tIUyofQ/JIZ1cADUVgPfsMbctOJBMRjkHltEZ","baseKeyType":1,"closed":-1,"used":1682619374229,"created":1682619374229,"remoteIdentityKey":"BZ9OODp2tZbnJDY4J4JY4G5B4ZsPd7QYHn4L5IP3GKNd"},"_chains":{"BbGCPzKI68wFgT2m/4Zhef1UdpC2rpolqTepRHDqwuIx":{"chainKey":{"counter":3,"key":"YB3N9+1FvDqMbvDW9dGkSnsSM2R/G45sDmbOnm5cgJA="},"chainType":1,"messageKeys":{}}},"pendingPreKey":{"signedKeyId":6,"baseKey":"BURkay7tIUyofQ/JIZ1cADUVgPfsMbctOJBMRjkHltEZ","preKeyId":5419633}}},"version":"v1"}