{"_sessions":{"BahoJgDjxu0zBQR7EVH+xm4cW2IoRHksPPkSot6y4BYj":{"registrationId":183997573,"currentRatchet":{"ephemeralKeyPair":{"pubKey":"BcbG6K64fN7uM39OCnpkVND29lcoiB/SXm/UXGYe2CFp","privKey":"MFmEEihsHXTR/fjmiN7rus/JOiqxr0C76XghdHQLMmw="},"lastRemoteEphemeralKey":"Bbut74aHxNpIBwLdMabrs2Abg1PICXlcScyoWeEdyXEP","previousCounter":0,"rootKey":"41diTlINFd/GF5uzWEHhx5xCoZmxkBW2ogD5W5Ax1Sk="},"indexInfo":{"baseKey":"BahoJgDjxu0zBQR7EVH+xm4cW2IoRHksPPkSot6y4BYj","baseKeyType":1,"closed":-1,"used":1682603061103,"created":1682603061103,"remoteIdentityKey":"BcVBz5hIppkTu+XadQtS2E4nGbN90UyTx58dcoDM0RQ/"},"_chains":{"BcbG6K64fN7uM39OCnpkVND29lcoiB/SXm/UXGYe2CFp":{"chainKey":{"counter":360,"key":"3g2koXftehg5r02N/l0neFI/dg/2XBF1xx77GicpBlQ="},"chainType":1,"messageKeys":{}}},"pendingPreKey":{"signedKeyId":3,"baseKey":"BahoJgDjxu0zBQR7EVH+xm4cW2IoRHksPPkSot6y4BYj","preKeyId":7419330}}},"version":"v1"}