{"_sessions":{"BeowFYdSx6i73m1HccL0jjdtsOunjf8+Bf8y+WYsjT84":{"registrationId":17834782,"currentRatchet":{"ephemeralKeyPair":{"pubKey":"BdC7HgWthY17X0RrDxPlYVMa3DqPxISx55pnLceuuIgI","privKey":"MHaXewDBDsDiWC8WtmxLxXoLFHdXMYbqDVdzFfA3BHY="},"lastRemoteEphemeralKey":"BbioPq4ux/cm4ihramPFkqWkw9/iud7GUytnmC/WufwQ","previousCounter":0,"rootKey":"qyEdrNn0G5buK/iN/0RlZOXeHakB77LqYvSnfooVSro="},"indexInfo":{"baseKey":"BeowFYdSx6i73m1HccL0jjdtsOunjf8+Bf8y+WYsjT84","baseKeyType":1,"closed":-1,"used":1682619373944,"created":1682619373944,"remoteIdentityKey":"BfkN898SM7VgIPq22RZrIUwareVoMSsYERsikQiB5osL"},"_chains":{"BdC7HgWthY17X0RrDxPlYVMa3DqPxISx55pnLceuuIgI":{"chainKey":{"counter":3,"key":"TOVtEGrpKhNpDP3Cya7VL/wqJhfUZHNcWO8GrqNhJHc="},"chainType":1,"messageKeys":{}}},"pendingPreKey":{"signedKeyId":3,"baseKey":"BeowFYdSx6i73m1HccL0jjdtsOunjf8+Bf8y+WYsjT84","preKeyId":4586438}}},"version":"v1"}