{"_sessions":{"BbjXlPf6NlPIsM9MeDQqnK06T7WudM9+u0dbpmcCSxIx":{"registrationId":331736196,"currentRatchet":{"ephemeralKeyPair":{"pubKey":"BU4FOzOgsc8ggEZTa+ocWszJi0A2PMoD1+2Acbyf6usI","privKey":"yMmGYR1oKGdebV2QAANbCV5ufOOBSZyQeLnK0EyMXHE="},"lastRemoteEphemeralKey":"BfhBCLOrJyl44vWWl0ZWHjXAoDTYeuCbJS0dkEYVxmY7","previousCounter":1,"rootKey":"J2NJNg9Yw7UbUrYcrUnciU6YD/1H4wTNEQftg7PYRVI="},"indexInfo":{"baseKey":"BbjXlPf6NlPIsM9MeDQqnK06T7WudM9+u0dbpmcCSxIx","baseKeyType":2,"closed":1682635060468,"used":1682635059207,"created":1682600449920,"remoteIdentityKey":"BUf4XeEzj2JTWL6TZOOJW9nVjYelNinQaxqFpfV9X58p"},"_chains":{"BeX0oLYXphaeGMCr+k0ahB+TT73NlfIYk9MfIRXE+XJE":{"chainKey":{"counter":14},"chainType":2,"messageKeys":{}},"BYHPxpMM9Qh01FD12NQfgY9k6ZEgPLk31SsIIvhGjBFt":{"chainKey":{"counter":2},"chainType":2,"messageKeys":{}},"BZrXEc2hCBAB5/+gLPshQwKwzaL3iZwydoKA/IOJBu4y":{"chainKey":{"counter":0},"chainType":2,"messageKeys":{}},"BfwBJmDWxe6V1zUgUx8naA8ypNLzNhtJY9ttytOOnxRX":{"chainKey":{"counter":0},"chainType":2,"messageKeys":{}},"BXse19QEtbuttKWtiRt3tvXj2vi5s3qU3ABXCz8BO8Z/":{"chainKey":{"counter":0},"chainType":2,"messageKeys":{}},"BRiXR4JSuKYpcjCNF8VhaWdFE9LX+q59o653//bvebg1":{"chainKey":{"counter":0},"chainType":2,"messageKeys":{}},"BVrZzG6hVr0CP+B/6hhMdZAcmPPv50vS/1kWnI+9LaZL":{"chainKey":{"counter":0},"chainType":2,"messageKeys":{}},"BYeHtpwM2PeAm5/Bkk3GAlgQXCIGoYSFr5DYPaP6VR12":{"chainKey":{"counter":0},"chainType":2,"messageKeys":{}},"BZDCcwPvAykFg5Vm1iVx0YHx9YN1/rVj/ggRhJWPzdVH":{"chainKey":{"counter":1},"chainType":2,"messageKeys":{}},"BRvHjyS7lOFb/SuugOzOzWF5qe3csujJITucE6SV7/Ii":{"chainKey":{"counter":3},"chainType":2,"messageKeys":{}},"BXJ1qAMGypbyXzfEys9l5c0odEYDaaNukb88p1l70cg7":{"chainKey":{"counter":1},"chainType":2,"messageKeys":{}},"BX7uJ1ufqU4DpdxfBH69nfIaXHp6zUjJuVKKfOAOzz1G":{"chainKey":{"counter":1},"chainType":2,"messageKeys":{}},"BW8R7wn+rlNDaZEYpEWA2AUYEvX0/+w/VubnCYXnBnAd":{"chainKey":{"counter":0},"chainType":2,"messageKeys":{}},"BQKiYi/zF/uAE0ZEFFPZDb4CK/sWbxD6mK6KKFWbUhV4":{"chainKey":{"counter":2},"chainType":2,"messageKeys":{}},"BXTiQutIqEaqX014vQHnRpuxruciFv0xkmrtaAc6DGwx":{"chainKey":{"counter":2},"chainType":2,"messageKeys":{}},"BfhBCLOrJyl44vWWl0ZWHjXAoDTYeuCbJS0dkEYVxmY7":{"chainKey":{"counter":0,"key":"Ix16e78SahS8xYvdP9L9EKXISLcN+59aaSIQXc6f6F8="},"chainType":2,"messageKeys":{}},"BU4FOzOgsc8ggEZTa+ocWszJi0A2PMoD1+2Acbyf6usI":{"chainKey":{"counter":1,"key":"FwokBxekdDfqfJyCafpf3Zc4IOkx7lU6szrU0cwf4CQ="},"chainType":1,"messageKeys":{}}}},"BaKn39xfMVViMwUwwp6OVnYsI81r/mFnJd8zyLKY8iBk":{"registrationId":331736196,"currentRatchet":{"ephemeralKeyPair":{"pubKey":"BWP1useEI0OanAHpszGQ5su0FRStzyS0sQYdX/eJ6jRa","privKey":"2D050fOpi+D6V8zY+E8jsnPn+wWmoV6TFaQb5E3V738="},"lastRemoteEphemeralKey":"Bas4CgK4CVZ++K5W5L9YYU6XzKNx0pweu085ly1SFyhx","previousCounter":9,"rootKey":"kRzJWiEqm1xjT3c6ZS0jpWyxDXsip94sh2s6agYmwAI="},"indexInfo":{"baseKey":"BaKn39xfMVViMwUwwp6OVnYsI81r/mFnJd8zyLKY8iBk","baseKeyType":1,"closed":-1,"used":1682645170377,"created":1682635060442,"remoteIdentityKey":"BUf4XeEzj2JTWL6TZOOJW9nVjYelNinQaxqFpfV9X58p"},"_chains":{"BYuBpKdvSKu+watCg6SE7LvcgwoyADH+N4/aQZVRLtBO":{"chainKey":{"counter":3},"chainType":2,"messageKeys":{}},"BVsWefmc0jMYObpylvElUOFzB5p2GlOArF+oKUBz2m50":{"chainKey":{"counter":0},"chainType":2,"messageKeys":{}},"BQ1UqA8JuZ+5qva7eWOfkJAle3szgINiMuhblfUsOCFG":{"chainKey":{"counter":0},"chainType":2,"messageKeys":{}},"BZXDU0A6POKLtv7rbeymX447ib3sCRE4sRtM6MgZAIdH":{"chainKey":{"counter":0},"chainType":2,"messageKeys":{}},"BQxsfztB5NOyOPNGEypG33kpBlgQrfDn5nMRIS/3a0YS":{"chainKey":{"counter":1},"chainType":2,"messageKeys":{}},"BUB6q77dlhVHiUf4Rb8l8Umx6qChuM9mtrwToROuHMlz":{"chainKey":{"counter":0},"chainType":2,"messageKeys":{}},"BW06jlGgmas9zULO2i59Htfm919d3n7dykOy8B9/TUt1":{"chainKey":{"counter":0},"chainType":2,"messageKeys":{}},"BT0lq97XNwC1esLbo282YeHwv6wIshJEJwsAZX7E7hZw":{"chainKey":{"counter":1},"chainType":2,"messageKeys":{}},"BY+HwIjYJtDwGpgxpWhVZOu+56e51scwpH48/xgTvIg3":{"chainKey":{"counter":0},"chainType":2,"messageKeys":{}},"BbTQlX0SAFWzGCQLodR7O0ioOgA+4dNL6p2OT/ujOk0p":{"chainKey":{"counter":0},"chainType":2,"messageKeys":{}},"BWLjKTAKhgCNObmsGJvOwsSHCAnF3lXKU24YzXVNFFFe":{"chainKey":{"counter":7},"chainType":2,"messageKeys":{}},"BRtMUdvuESAVHSzDQGBVwwiN4nmjcPjCdaL19CPBJ3hb":{"chainKey":{"counter":0},"chainType":2,"messageKeys":{}},"Bas4CgK4CVZ++K5W5L9YYU6XzKNx0pweu085ly1SFyhx":{"chainKey":{"counter":0,"key":"XBQFrXB4s4586PDTOI8zOvietCVWsJgKBQuD10RqC5E="},"chainType":2,"messageKeys":{}},"BWP1useEI0OanAHpszGQ5su0FRStzyS0sQYdX/eJ6jRa":{"chainKey":{"counter":-1,"key":"JL4GyWE1M0liiNecHb96vIxqpyC8dHL5IeUJf3TLAts="},"chainType":1,"messageKeys":{}}}}},"version":"v1"}