{"_sessions":{"BcXEJLQYZDmTrvbGRjlpYOvUrDzVZzO/AlxtzXyTDbsF":{"registrationId":13758,"currentRatchet":{"ephemeralKeyPair":{"pubKey":"Bcfa7V0iDy1wsdB8Q5JPtb1gTlQbvBZiVvZXr+r+tCwg","privKey":"mAF1CpoWXSLinwuc05rpNw1VgZ6Xa4MQZsXKSU0iOGQ="},"lastRemoteEphemeralKey":"BfEWbvAiflfIcejPZO/Zc75ZSA5/zFY+1Gufl5AScrkU","previousCounter":0,"rootKey":"o3IYV1K8DXAReSYgANV45cIGiFA5M/2XrgTPm9J6lpM="},"indexInfo":{"baseKey":"BcXEJLQYZDmTrvbGRjlpYOvUrDzVZzO/AlxtzXyTDbsF","baseKeyType":1,"closed":-1,"used":1682619373774,"created":1682619373774,"remoteIdentityKey":"BQ5wFyBMYWgNNtNeOkNvHXQHfSPtVFUCKu92n5uQ4oFN"},"_chains":{"Bcfa7V0iDy1wsdB8Q5JPtb1gTlQbvBZiVvZXr+r+tCwg":{"chainKey":{"counter":3,"key":"P33mKoWRlbqLx8R1JFlWw5qQiLeR78wutMeQk8FijIo="},"chainType":1,"messageKeys":{}}},"pendingPreKey":{"signedKeyId":1,"baseKey":"BcXEJLQYZDmTrvbGRjlpYOvUrDzVZzO/AlxtzXyTDbsF"}}},"version":"v1"}