{"_sessions":{"BbuwjN1vv3jqRP1t7xj+/9eHjO2pidu/ItYWQcqixXcn":{"registrationId":873189815,"currentRatchet":{"ephemeralKeyPair":{"pubKey":"BROI4HTizF9JAAYMcdh4MbpsaKrK0M2S1jo1S6TR0RMl","privKey":"iJri5FlyjwOcLya2Svd9GX/qllad14sVkBiC2F3MJk8="},"lastRemoteEphemeralKey":"BSQ6930MQG9bizpm318fLo/ZOsjf6lyPtudTGwLpgNtX","previousCounter":0,"rootKey":"MxWswuq2+BdN1zR27IL4kxy0t8TypaL6ntJAh+HrUcU="},"indexInfo":{"baseKey":"BbuwjN1vv3jqRP1t7xj+/9eHjO2pidu/ItYWQcqixXcn","baseKeyType":1,"closed":-1,"used":1682619373850,"created":1682619373850,"remoteIdentityKey":"BU/KvOTFb2hXtYeIYfzbhSzsx+KteqTguR2DRBvMM0R9"},"_chains":{"BROI4HTizF9JAAYMcdh4MbpsaKrK0M2S1jo1S6TR0RMl":{"chainKey":{"counter":3,"key":"LoUxtxfyTbB3s6LjVIEguNaDw4F5AUN8duWwE2oFHSs="},"chainType":1,"messageKeys":{}}},"pendingPreKey":{"signedKeyId":0,"baseKey":"BbuwjN1vv3jqRP1t7xj+/9eHjO2pidu/ItYWQcqixXcn","preKeyId":4259885}}},"version":"v1"}