{"_sessions":{"BcNLpttxFr3bOQnEAjg/CVLxiI5sAwoP6+LCCCDuBIAT":{"registrationId":819921260,"currentRatchet":{"ephemeralKeyPair":{"pubKey":"BZfJsmRUNhQfdcwhH0C2pBcSYirfrmdbetrDNqScRc4k","privKey":"gKzInc6eWAWoX22G1l8GOKiDzx7fSP8cmpIN0DzChW0="},"lastRemoteEphemeralKey":"BYaWkyLR2HZ6qcvKUcsBD58H8cfG3QZhs0Jzg1BvbfNi","previousCounter":0,"rootKey":"2vgBq+5hjjp9W+X+EzMCpB4BzCTiNbHarZ0HWEaO5ms="},"indexInfo":{"baseKey":"BcNLpttxFr3bOQnEAjg/CVLxiI5sAwoP6+LCCCDuBIAT","baseKeyType":1,"closed":-1,"used":1682619373948,"created":1682619373948,"remoteIdentityKey":"BfgxBG9aD+KK/y/AghdEnVhg+BOOo09avGzBL8Av63U2"},"_chains":{"BZfJsmRUNhQfdcwhH0C2pBcSYirfrmdbetrDNqScRc4k":{"chainKey":{"counter":3,"key":"jeNMVnZ16OpsPUX1MVv4Sr1beFpD2NG0ITIiNmK3tmQ="},"chainType":1,"messageKeys":{}}},"pendingPreKey":{"signedKeyId":0,"baseKey":"BcNLpttxFr3bOQnEAjg/CVLxiI5sAwoP6+LCCCDuBIAT","preKeyId":13340881}}},"version":"v1"}