{"_sessions":{"BZBmkfd7ZFJ0hAlVktITEFOrFwCHzFKTioSDLQctPLgQ":{"registrationId":1564,"currentRatchet":{"ephemeralKeyPair":{"pubKey":"BXFqjqfH5gXyiOeNefKiAMjwzHPSAJC7lbUfLIMIH18i","privKey":"GDG6SazaELQA0LPULnjiztZ3/5TnZ94GCSXUImkgJ1o="},"lastRemoteEphemeralKey":"BUIv+fyhbnks4B6Uelf6gEG+XLeGQCdadzs+29hMC3pR","previousCounter":0,"rootKey":"hmQas6FdPDLRlg253f9mTxMhUAsIJZ7+GmbilptuoOU="},"indexInfo":{"baseKey":"BZBmkfd7ZFJ0hAlVktITEFOrFwCHzFKTioSDLQctPLgQ","baseKeyType":1,"closed":-1,"used":1682619373778,"created":1682619373778,"remoteIdentityKey":"Bfo7hPhF9uYD0DcsYm3P9/jFm/t8KXXlRzXYnPevmG0j"},"_chains":{"BXFqjqfH5gXyiOeNefKiAMjwzHPSAJC7lbUfLIMIH18i":{"chainKey":{"counter":3,"key":"Vkvy8gQ/KpLXcdIHkl1ZfjSGosUf/Nc8fiQmgJRs7gc="},"chainType":1,"messageKeys":{}}},"pendingPreKey":{"signedKeyId":1,"baseKey":"BZBmkfd7ZFJ0hAlVktITEFOrFwCHzFKTioSDLQctPLgQ","preKeyId":873}}},"version":"v1"}