{"_sessions":{"BRmc/S+OH3koCnoRW0BHD4S2CDjOQvBW+qxFJWb5wL5p":{"registrationId":1431571525,"currentRatchet":{"ephemeralKeyPair":{"pubKey":"BRfB28PVbFDm+MeceSAeXSt5xJ6WG4g2oI0FeLUt0hAh","privKey":"MMQZFd4Nw2yLUefnqZie8YHiCYj5z6ugsoGnrfk9VlA="},"lastRemoteEphemeralKey":"BQiCpoMCXJq4edHTrDRV9sVYhUBGaIDE9fbNkaPOz1QY","previousCounter":0,"rootKey":"R6tVoI3izvYUVe4/QUsGx9xV8VTheZ1HU38sC+X25Ps="},"indexInfo":{"baseKey":"BRmc/S+OH3koCnoRW0BHD4S2CDjOQvBW+qxFJWb5wL5p","baseKeyType":1,"closed":-1,"used":1682603061398,"created":1682603061398,"remoteIdentityKey":"BWbPZ/SX3b5/LfmfpU+bmHFKVRrHNU/AjWi/4NDG9/di"},"_chains":{"BRfB28PVbFDm+MeceSAeXSt5xJ6WG4g2oI0FeLUt0hAh":{"chainKey":{"counter":360,"key":"/0ciAEek3uCx6WHUO3MpLEmF3Q/mgvoNNaHVSHCUw+M="},"chainType":1,"messageKeys":{}}},"pendingPreKey":{"signedKeyId":1,"baseKey":"BRmc/S+OH3koCnoRW0BHD4S2CDjOQvBW+qxFJWb5wL5p","preKeyId":1127081}}},"version":"v1"}