{"_sessions":{"Ben7+fhK4alasW8QS4FdsKHwKIBcCD8XO7D5OPKITbcE":{"registrationId":1382224396,"currentRatchet":{"ephemeralKeyPair":{"pubKey":"BU5KvquwSeadrJeOjcsHQwFSE/4cgOlOSZh64bHaD/Mb","privKey":"kB47mHMmbcitez7941OPfdOSyXiuzwfX7BZnTj1Ix0s="},"lastRemoteEphemeralKey":"Bdh4K6XKiwKYhuW5K8HDKzGAmhCNJJ4J8p4vDbhIoUI6","previousCounter":0,"rootKey":"ruGwJddA5HwF8QCi1CnyMhF5+s1ISsE1qA6sh8wmibA="},"indexInfo":{"baseKey":"Ben7+fhK4alasW8QS4FdsKHwKIBcCD8XO7D5OPKITbcE","baseKeyType":1,"closed":-1,"used":1682619374122,"created":1682619374122,"remoteIdentityKey":"BTZaOcKirdvKp5OMfE6KfmEf1tyVcQU4J0wdU2FqXcpv"},"_chains":{"BU5KvquwSeadrJeOjcsHQwFSE/4cgOlOSZh64bHaD/Mb":{"chainKey":{"counter":3,"key":"alLh/zKcKWouCQXtc5HX7BP4qtWScuBO0ya76spsdAg="},"chainType":1,"messageKeys":{}}},"pendingPreKey":{"signedKeyId":21,"baseKey":"Ben7+fhK4alasW8QS4FdsKHwKIBcCD8XO7D5OPKITbcE"}}},"version":"v1"}