{"_sessions":{"Bal0Ioj1TNDKxcwRw8AS0FFqkkBpV9fjRSIr8k1puXwv":{"registrationId":512104110,"currentRatchet":{"ephemeralKeyPair":{"pubKey":"BRkomZiw4i4mdtLiTwOTD8FUJ+l/SNYoatBQhf3oejFs","privKey":"qEK461EN9PpSdNi4agGObtR/DKOsYoLP0eS/pWY+cmE="},"lastRemoteEphemeralKey":"BbajZfkobV/7/UafbY20QW6UwTTxAISEIPlyfTsoCA9u","previousCounter":0,"rootKey":"XUB32A6onWr3gUrNuMcenRQIynIC8+R3y5UmVUgen5k="},"indexInfo":{"baseKey":"Bal0Ioj1TNDKxcwRw8AS0FFqkkBpV9fjRSIr8k1puXwv","baseKeyType":1,"closed":-1,"used":1682619374167,"created":1682619374167,"remoteIdentityKey":"BdnmPfhjxK5bhucDpLqSUD+N8C1WjJlutQHIXTxSXTMA"},"_chains":{"BRkomZiw4i4mdtLiTwOTD8FUJ+l/SNYoatBQhf3oejFs":{"chainKey":{"counter":3,"key":"RTrycjp16BLLha8qbI7dUZroiQs5Z6N83WIeTpOjAhY="},"chainType":1,"messageKeys":{}}},"pendingPreKey":{"signedKeyId":5,"baseKey":"Bal0Ioj1TNDKxcwRw8AS0FFqkkBpV9fjRSIr8k1puXwv","preKeyId":2031405}}},"version":"v1"}