{"_sessions":{"Ba9qYtduNgyTrlxoqlWDWmnQhZA+Q3tKzsEssF/z/cld":{"registrationId":816597314,"currentRatchet":{"ephemeralKeyPair":{"pubKey":"BSvHDgLDn63RM7fvbsmeglH0CUFqg81YtoGyuR4yDWg0","privKey":"uIslR0n6Yf4c7IMDWBUt769eIgR8LYZM3GaaXxaVbHM="},"lastRemoteEphemeralKey":"BWU8QixrYSdBRJoJm/+Kv/1ezUMmEmWTdDg5RXgd+RsR","previousCounter":0,"rootKey":"e7uKZVknEKqW9JnGAtlBswHCALjHwqtDdmA+irvZTc8="},"indexInfo":{"baseKey":"Ba9qYtduNgyTrlxoqlWDWmnQhZA+Q3tKzsEssF/z/cld","baseKeyType":1,"closed":-1,"used":1682603061016,"created":1682603061016,"remoteIdentityKey":"Beta0bgjQUbN2TkPWztw9pGLdE6NuljCpz1SkPCLJMAZ"},"_chains":{"BSvHDgLDn63RM7fvbsmeglH0CUFqg81YtoGyuR4yDWg0":{"chainKey":{"counter":360,"key":"iw9HksjY92aS0Ou80QRyPF5b0LmT5mOKuuzbm+67law="},"chainType":1,"messageKeys":{}}},"pendingPreKey":{"signedKeyId":6,"baseKey":"Ba9qYtduNgyTrlxoqlWDWmnQhZA+Q3tKzsEssF/z/cld","preKeyId":13335785}}},"version":"v1"}