{"_sessions":{"BSfo/ScQoWHku40xcY4L2Ul7iPlV0LhD6THTiKEgxrcR":{"registrationId":843747672,"currentRatchet":{"ephemeralKeyPair":{"pubKey":"BbyTTtWnhRYZ5K/iXTDMmNYct4iMo1zlCrhRNmPqjoNK","privKey":"gIwujKllxE/BHXqtS/eNrZZvKemq1t9rw0vJRhgc+XA="},"lastRemoteEphemeralKey":"Bc8lcwdMVUyhqp5HHz2/vPBaJ/lm39w9eAp04ckEsGd9","previousCounter":0,"rootKey":"2WH85e+RWONAyWPoiyKzCJN0Ysu1zooD1MZG5h9hXY8="},"indexInfo":{"baseKey":"BSfo/ScQoWHku40xcY4L2Ul7iPlV0LhD6THTiKEgxrcR","baseKeyType":1,"closed":-1,"used":1682603061321,"created":1682603061321,"remoteIdentityKey":"BZOkEG9ENP9X7eDvafOdDzB+kZhx+gVd9TSj9iOQ8rZT"},"_chains":{"BbyTTtWnhRYZ5K/iXTDMmNYct4iMo1zlCrhRNmPqjoNK":{"chainKey":{"counter":360,"key":"bEmoGx3grsBHeS2uBwkFkLC1ocGS2KwOKpTVhoTvSHc="},"chainType":1,"messageKeys":{}}},"pendingPreKey":{"signedKeyId":4,"baseKey":"BSfo/ScQoWHku40xcY4L2Ul7iPlV0LhD6THTiKEgxrcR","preKeyId":13259547}}},"version":"v1"}