{"_sessions":{"BcmRoxuav88c5obnaCc+fB0W9kCvIQ+6CiMklIYGSvN1":{"registrationId":242592450,"currentRatchet":{"ephemeralKeyPair":{"pubKey":"BamPaRt1XN3AoXaOktPCC/sEdoiG3FAxUTXKpKA3Q6ks","privKey":"IGbkM7uN+L1ssoDiRng9S29dZvqEmR+A0yHzfkEoR0I="},"lastRemoteEphemeralKey":"BXQaprywwB1r9iLATGtxFuzEwbd73SvW0WZSV1yO+oUi","previousCounter":0,"rootKey":"QzENaBeyg+hlohNUamy6qTBe1JfwNYQaCAPMXBFc4T0="},"indexInfo":{"baseKey":"BcmRoxuav88c5obnaCc+fB0W9kCvIQ+6CiMklIYGSvN1","baseKeyType":1,"closed":-1,"used":1682619373969,"created":1682619373969,"remoteIdentityKey":"BcNvtB62cBYC+bdpateZt6qLuxGQ4qeoYpr/xxTmdj98"},"_chains":{"BamPaRt1XN3AoXaOktPCC/sEdoiG3FAxUTXKpKA3Q6ks":{"chainKey":{"counter":3,"key":"O8GnsQhawmZbLQrLoWOTsRCB39Y8uteke7/r1u3/i+4="},"chainType":1,"messageKeys":{}}},"pendingPreKey":{"signedKeyId":0,"baseKey":"BcmRoxuav88c5obnaCc+fB0W9kCvIQ+6CiMklIYGSvN1","preKeyId":2090681}}},"version":"v1"}