{"_sessions":{"BVxD3cn0fx6FoN1rsa4QmwcAqYKzgOi94oJXUC5gFvcJ":{"registrationId":1808848621,"currentRatchet":{"ephemeralKeyPair":{"pubKey":"BYjxyDbABwSEaXMJbCTodeKz7pdb/znCFplYM3R5PDsB","privKey":"wDeL6KQZ+Pb30pAsrdTp7/OW/jqRefnmYNRprhwiOG4="},"lastRemoteEphemeralKey":"BR+CJ0z7gmwYdRymgt2IWGM2Huadcrgj7ohKtOpKIZFg","previousCounter":0,"rootKey":"kkLKIrdPxkzEvazxBnqCETpA90YmtKULhwh2ONoWqvU="},"indexInfo":{"baseKey":"BVxD3cn0fx6FoN1rsa4QmwcAqYKzgOi94oJXUC5gFvcJ","baseKeyType":1,"closed":-1,"used":1682619374035,"created":1682619374035,"remoteIdentityKey":"BckN6Jf9pnooiXq6orNA2Q0M09y1llngSalpKXKIke0q"},"_chains":{"BYjxyDbABwSEaXMJbCTodeKz7pdb/znCFplYM3R5PDsB":{"chainKey":{"counter":3,"key":"QZcxr2UXzeaLInBTQnNM2B7/1DKsapYvjqQeN80Yg0g="},"chainType":1,"messageKeys":{}}},"pendingPreKey":{"signedKeyId":1,"baseKey":"BVxD3cn0fx6FoN1rsa4QmwcAqYKzgOi94oJXUC5gFvcJ","preKeyId":12869491}}},"version":"v1"}