{"_sessions":{"BUA2xkX9ft5JvmIaKAZgNd7z7w4jtU7jVCrQBclKyx50":{"registrationId":1723575641,"currentRatchet":{"ephemeralKeyPair":{"pubKey":"BYaUWG/4oAiDgC8ZSLFBpMTHrz0akvldbodmtsGVKwVb","privKey":"EBAkD2S8ZPweJOJ/eGy1UX4rWnWunXWqmm/xw+jz9G8="},"lastRemoteEphemeralKey":"BXs4nqE6LO/7YzJdrjzD1gAFhJyZ2cYJbd7JlwxOCVdC","previousCounter":0,"rootKey":"OxCrjNHG7amXJQkOIj0kacEjKYnvEuiEUgZ0wv5nxm4="},"indexInfo":{"baseKey":"BUA2xkX9ft5JvmIaKAZgNd7z7w4jtU7jVCrQBclKyx50","baseKeyType":1,"closed":-1,"used":1682619374243,"created":1682619374243,"remoteIdentityKey":"BWEyg4l61l5UL967r/NKyq/tepH+nrTjZykFYe0a9DIm"},"_chains":{"BYaUWG/4oAiDgC8ZSLFBpMTHrz0akvldbodmtsGVKwVb":{"chainKey":{"counter":3,"key":"BH8YSLwNsdUbosWMeW6iAKL/lTd3Pbvn5d/pHsJ14f8="},"chainType":1,"messageKeys":{}}},"pendingPreKey":{"signedKeyId":17,"baseKey":"BUA2xkX9ft5JvmIaKAZgNd7z7w4jtU7jVCrQBclKyx50","preKeyId":3171246}}},"version":"v1"}