{"_sessions":{"BaO4PjlfxiAT/MXprAnhrE2sijy/mEJGUQR1bsf9reQ/":{"registrationId":630755617,"currentRatchet":{"ephemeralKeyPair":{"pubKey":"BbrB6KX9AivsjlFZsM9JFkeyJto28igm3xcmOihkfg1d","privKey":"mDcir98WzR+iOnpNWew2XIkmMolAiLNnGC2aQ25xYkY="},"lastRemoteEphemeralKey":"BdseldZuBeMQT3MFCJ/C4EInTOg5cc+rManS/yLEi3wh","previousCounter":0,"rootKey":"LyoRQRRNRFFNiW4zr2vN4coQfzV8zSgRtTF9LcP/vMU="},"indexInfo":{"baseKey":"BaO4PjlfxiAT/MXprAnhrE2sijy/mEJGUQR1bsf9reQ/","baseKeyType":1,"closed":-1,"used":1682619373724,"created":1682619373724,"remoteIdentityKey":"BYXbDjIhBQJ7t3CP/6zIJ0lvHb3whB1ZOd+SvPHSnBYy"},"_chains":{"BbrB6KX9AivsjlFZsM9JFkeyJto28igm3xcmOihkfg1d":{"chainKey":{"counter":3,"key":"prVkq7wc9ujayE6PQxEJHla7n4gak0ie5NId/IAj7Is="},"chainType":1,"messageKeys":{}}},"pendingPreKey":{"signedKeyId":4,"baseKey":"BaO4PjlfxiAT/MXprAnhrE2sijy/mEJGUQR1bsf9reQ/","preKeyId":11985440}}},"version":"v1"}