{"_sessions":{"BVtAjFPscRpqGo6hzuleS4jWwvURR5dfsXI87EntCj8L":{"registrationId":984436236,"currentRatchet":{"ephemeralKeyPair":{"pubKey":"BQ5SGsP6soerszZwZ4FycBJzwBl94eZAaO+c1VzbuBAX","privKey":"8GtEmgOtk1KX+mRcA91eMJPJubXhAY4rIP/p0iN4SnY="},"lastRemoteEphemeralKey":"BcVV+MAOd2v9+NjKsl1ygNn9Dcqo/gVBJXyfpxlaoBBL","previousCounter":0,"rootKey":"CyhSXt3ZEqhlw7/NwD1LFlGx2iiBm+Q3PVOa/F9XyF8="},"indexInfo":{"baseKey":"BVtAjFPscRpqGo6hzuleS4jWwvURR5dfsXI87EntCj8L","baseKeyType":1,"closed":-1,"used":1682603060783,"created":1682603060783,"remoteIdentityKey":"Ba6KoJ9y3WtruBfPOuSJHDSSoijgC6OvJPhcCWKLt2Bk"},"_chains":{"BQ5SGsP6soerszZwZ4FycBJzwBl94eZAaO+c1VzbuBAX":{"chainKey":{"counter":372,"key":"kaQFytNZwvcVOow/RTs1mk7wRygRne+Y8fMqidg92I4="},"chainType":1,"messageKeys":{}}},"pendingPreKey":{"signedKeyId":1,"baseKey":"BVtAjFPscRpqGo6hzuleS4jWwvURR5dfsXI87EntCj8L"}}},"version":"v1"}