{"_sessions":{"BVYmRmwpJba/Nvv+n7ThoFk7JrNp5PcoiZ4gvx2wy31T":{"registrationId":1043382886,"currentRatchet":{"ephemeralKeyPair":{"pubKey":"Bdt0GWQ1V+eDxG7bMAo7rRA4tBLOU54l6hiGD7q9qcZN","privKey":"ODd6nu7llbRFJ+EokhWRIEeDDQ39cpYE5icFy7++tUY="},"lastRemoteEphemeralKey":"BbfQgQjmA/Q6T9fwkv1dZS0oe96F9DBtZsYemrSnAZow","previousCounter":0,"rootKey":"ii6roRL/8/FJAICGbbXU93Y1H2zfRDIPA5XCn7nI7XA="},"indexInfo":{"baseKey":"BVYmRmwpJba/Nvv+n7ThoFk7JrNp5PcoiZ4gvx2wy31T","baseKeyType":1,"closed":-1,"used":1682619373979,"created":1682619373979,"remoteIdentityKey":"Bd+5UZJqgBrf0D1QP9l1Ev29b/QVRXX+9OYWt4bc+mAq"},"_chains":{"Bdt0GWQ1V+eDxG7bMAo7rRA4tBLOU54l6hiGD7q9qcZN":{"chainKey":{"counter":3,"key":"AKSnnMuDuJ+9JuAEML8Vyg86u/ZqkjZUlW1t95ZlsrQ="},"chainType":1,"messageKeys":{}}},"pendingPreKey":{"signedKeyId":7,"baseKey":"BVYmRmwpJba/Nvv+n7ThoFk7JrNp5PcoiZ4gvx2wy31T","preKeyId":4891874}}},"version":"v1"}