{"_sessions":{"BQgbGCli0FLf9Zj7R2CH6TL/kZj6TD4YTXyurs8LdsVM":{"registrationId":730296256,"currentRatchet":{"ephemeralKeyPair":{"pubKey":"BfEVTMqXWLldSzgpdmBfbL0Q/6tH6lZUNn4LvPilI8Bi","privKey":"mGS44SlDdPYyPu0oC8yKkp/1BUYilyb8G9mqRIvdp0g="},"lastRemoteEphemeralKey":"Bc4HG6E22w1ZZUyP5/1HQDVvwlnFWdv4mGuWw5VgLLop","previousCounter":0,"rootKey":"2oXxfikszpyMVxhT0TPHHgVnoS8pYLTth4fARnLEqBs="},"indexInfo":{"baseKey":"BQgbGCli0FLf9Zj7R2CH6TL/kZj6TD4YTXyurs8LdsVM","baseKeyType":1,"closed":-1,"used":1682603061225,"created":1682603061225,"remoteIdentityKey":"BRelaGp3CmIZr/8DPlrxzmP40VrCqjL81HAne6bE3n0G"},"_chains":{"BfEVTMqXWLldSzgpdmBfbL0Q/6tH6lZUNn4LvPilI8Bi":{"chainKey":{"counter":360,"key":"IdSvEdUQpzvVbS3/arQjHvj0FpNrtC8Ufgugob2Yth0="},"chainType":1,"messageKeys":{}}},"pendingPreKey":{"signedKeyId":9,"baseKey":"BQgbGCli0FLf9Zj7R2CH6TL/kZj6TD4YTXyurs8LdsVM","preKeyId":16685531}}},"version":"v1"}