{"_sessions":{"BTzTzDst6XPWoaJ3h5sEPwAYUB94RNkNkR+/+BcWCVwr":{"registrationId":1100001546,"currentRatchet":{"ephemeralKeyPair":{"pubKey":"BbtFX9HmzzlAEcY9kLXVqzFViqXIVMgSQv5LabHcPG09","privKey":"KMrfs5ZqEjy5Qxc+SRlNcmNNimSupfKbjkhrbfBlJlU="},"lastRemoteEphemeralKey":"BROLBerYJPQHmWs72m4gf1BVIb00EruRjrs4xSb9POg+","previousCounter":0,"rootKey":"hz/YLv0PEAWhMZtupIBn2j7o3bsL5Th5EjeOj4+yS64="},"indexInfo":{"baseKey":"BTzTzDst6XPWoaJ3h5sEPwAYUB94RNkNkR+/+BcWCVwr","baseKeyType":1,"closed":-1,"used":1682619374270,"created":1682619374270,"remoteIdentityKey":"BVU68myOBH6GEvAZhsqCYAg1zZLlOOCxGwDOi2IRMzp0"},"_chains":{"BbtFX9HmzzlAEcY9kLXVqzFViqXIVMgSQv5LabHcPG09":{"chainKey":{"counter":3,"key":"AVK2n0Xgiljiyv95q79F0ZraD0+1hH3Q3NB3kdbPRpI="},"chainType":1,"messageKeys":{}}},"pendingPreKey":{"signedKeyId":7,"baseKey":"BTzTzDst6XPWoaJ3h5sEPwAYUB94RNkNkR+/+BcWCVwr","preKeyId":1745451}}},"version":"v1"}