{"_sessions":{"BboPIIQqozpZx0f57+4Xu9DIu/btqUTaiEoUrKRt2nRA":{"registrationId":1084474161,"currentRatchet":{"ephemeralKeyPair":{"pubKey":"BdclU9MpXGAY5/NAL+zPCuMQuCZDmQGHgx33hnuZQx5D","privKey":"WDWCuiyKgtxtE+8jLKx8ydDU1fRRb1awAY4hyTtacHE="},"lastRemoteEphemeralKey":"BWN1DNR7pZmyGSyYi+fz4i0Q2Mge5v8gmQFIONZm4a1t","previousCounter":0,"rootKey":"3jQ+Iur5T3DnVwgoSju6vQur7IpYr2KXCenObZBD5N0="},"indexInfo":{"baseKey":"BboPIIQqozpZx0f57+4Xu9DIu/btqUTaiEoUrKRt2nRA","baseKeyType":1,"closed":-1,"used":1682619373984,"created":1682619373984,"remoteIdentityKey":"BfO9dWav6mB7aOf7t6G/SRNuUa1ZlNOAd7rec0KF1s43"},"_chains":{"BdclU9MpXGAY5/NAL+zPCuMQuCZDmQGHgx33hnuZQx5D":{"chainKey":{"counter":3,"key":"a0JLumymA8C8Fh+lZu9S9TyTNSYmJVAuceo/21QOtxE="},"chainType":1,"messageKeys":{}}},"pendingPreKey":{"signedKeyId":11,"baseKey":"BboPIIQqozpZx0f57+4Xu9DIu/btqUTaiEoUrKRt2nRA"}}},"version":"v1"}