{"_sessions":{"BZ/+G/Lv6woh3fokBVuoEXvd5Rt+8OIuSmtmGlIUAuAD":{"registrationId":1857458927,"currentRatchet":{"ephemeralKeyPair":{"pubKey":"BY+UYC+3Vbf8o5N2mOI8WAOF1j0l5lpncr9rxYS3/F0s","privKey":"OC2kVPTYRx1nLf/HSWoiWX3pKJyyw9gwx8GVM/NnPmo="},"lastRemoteEphemeralKey":"BTiltdU8FXEB4ZN9us+xegI0A7f3Znz7pT9LI38VTyFN","previousCounter":0,"rootKey":"Jd8NQORBv61OExhq1rFy9norJvrXqiSDVskpxnULflM="},"indexInfo":{"baseKey":"BZ/+G/Lv6woh3fokBVuoEXvd5Rt+8OIuSmtmGlIUAuAD","baseKeyType":1,"closed":1682605799228,"used":1682603060870,"created":1682603060870,"remoteIdentityKey":"BRZkO0ROgI1CMEQgEC4coL6inAgM9lsa2dz9VQcbnOcC"},"_chains":{"BY+UYC+3Vbf8o5N2mOI8WAOF1j0l5lpncr9rxYS3/F0s":{"chainKey":{"counter":33,"key":"pIk3ts4A0idOIdPzrBe9VisR4R9eMFUJNeJ7hRg4AxE="},"chainType":1,"messageKeys":{}}},"pendingPreKey":{"signedKeyId":1,"baseKey":"BZ/+G/Lv6woh3fokBVuoEXvd5Rt+8OIuSmtmGlIUAuAD","preKeyId":4768708}},"Bb3x7FFgNL93G5auV6ymWS9Lw/1w3CzxjcgnyA8Y8GJF":{"registrationId":1857458927,"currentRatchet":{"ephemeralKeyPair":{"pubKey":"BeMonbOhbj+oWaVfrjVPHEVpvbRWOk05KUxfvEYnFPFL","privKey":"oF4JeLnRYW9ZXJ9VJGXgpOo4MQFCDBLGcQdmhOlLQVQ="},"lastRemoteEphemeralKey":"BTiltdU8FXEB4ZN9us+xegI0A7f3Znz7pT9LI38VTyFN","previousCounter":0,"rootKey":"RF+rlaDA5Q+yoz4tdvgNU11Faj7+fMocMsusI8E6BmU="},"indexInfo":{"baseKey":"Bb3x7FFgNL93G5auV6ymWS9Lw/1w3CzxjcgnyA8Y8GJF","baseKeyType":1,"closed":1682605800407,"used":1682605799226,"created":1682605799226,"remoteIdentityKey":"BRZkO0ROgI1CMEQgEC4coL6inAgM9lsa2dz9VQcbnOcC"},"_chains":{"BeMonbOhbj+oWaVfrjVPHEVpvbRWOk05KUxfvEYnFPFL":{"chainKey":{"counter":0,"key":"fiKMsx1yr8O4NU6IVPFSJix5Iv3iGYjxrdNrnRCvW2o="},"chainType":1,"messageKeys":{}}},"pendingPreKey":{"signedKeyId":1,"baseKey":"Bb3x7FFgNL93G5auV6ymWS9Lw/1w3CzxjcgnyA8Y8GJF","preKeyId":4768550}},"BTmIHB/DqQrb4+0lsMgRQtata/rirgYEqYciStS0dTUa":{"registrationId":1857458927,"currentRatchet":{"ephemeralKeyPair":{"pubKey":"BRhIQUDHfXI/plTRvFS1YM6Qs6YsV/El0QmfxQ/Z0btk","privKey":"YL/lvFW16v79v8RNrvZGfj/lF49w6+n82hvQBmWOf2s="},"lastRemoteEphemeralKey":"BTiltdU8FXEB4ZN9us+xegI0A7f3Znz7pT9LI38VTyFN","previousCounter":0,"rootKey":"kpmbTXHj/Jes+vZKojpTT43IZemM/TYyPnyjdJUL9lk="},"indexInfo":{"baseKey":"BTmIHB/DqQrb4+0lsMgRQtata/rirgYEqYciStS0dTUa","baseKeyType":1,"closed":-1,"used":1682605800402,"created":1682605800402,"remoteIdentityKey":"BRZkO0ROgI1CMEQgEC4coL6inAgM9lsa2dz9VQcbnOcC"},"_chains":{"BRhIQUDHfXI/plTRvFS1YM6Qs6YsV/El0QmfxQ/Z0btk":{"chainKey":{"counter":325,"key":"A5l73Dg+vF8LywxXNWnSvBRXmGk98Z1EBj4iGS+TUYo="},"chainType":1,"messageKeys":{}}},"pendingPreKey":{"signedKeyId":1,"baseKey":"BTmIHB/DqQrb4+0lsMgRQtata/rirgYEqYciStS0dTUa","preKeyId":4769056}}},"version":"v1"}