{"_sessions":{"BWTfPK2x0I0A360D6eMdCRbwHET65NILu90ZZ0HMRylv":{"registrationId":420284342,"currentRatchet":{"ephemeralKeyPair":{"pubKey":"BVfpL8nwZXr6cVamznoRkwQauXdd7tTJIG+Z62AvvV5r","privKey":"YJmQp7peNR6IDARGTBGVvYyNbLYovkZfBzaEkXUwfGg="},"lastRemoteEphemeralKey":"Bfi/dIrLkZCNDTUpl63uoj4hEO+8TndZjPgFTXwphF9m","previousCounter":0,"rootKey":"KZW8uE/HznG4cC4rX37picH5rPayR1+zrbDbt/qpdGM="},"indexInfo":{"baseKey":"BWTfPK2x0I0A360D6eMdCRbwHET65NILu90ZZ0HMRylv","baseKeyType":1,"closed":-1,"used":1682619373980,"created":1682619373980,"remoteIdentityKey":"BecgtgITZYEGJFj3CzX18Oq6dzigVonHsO7q1BaWi+Uw"},"_chains":{"BVfpL8nwZXr6cVamznoRkwQauXdd7tTJIG+Z62AvvV5r":{"chainKey":{"counter":3,"key":"bhh1dgKjDfBU4nu52oNZ7oFm/whbJ0JlMb38PAlwVmQ="},"chainType":1,"messageKeys":{}}},"pendingPreKey":{"signedKeyId":0,"baseKey":"BWTfPK2x0I0A360D6eMdCRbwHET65NILu90ZZ0HMRylv","preKeyId":7522170}}},"version":"v1"}