{"_sessions":{"BcK82u5jKT4a8HJLRa5O6UdAlaw5VUNBqvy0n5vBjOMY":{"registrationId":1289680918,"currentRatchet":{"ephemeralKeyPair":{"pubKey":"BeLxjCmnJD7qYrV0UHPX0RbjN+Dp4u1bACXbZvriaw0Q","privKey":"sNTZ2u3xKibrGUpnVCGrf5cZPHicjfPozNQu1Hl4Dng="},"lastRemoteEphemeralKey":"Bf4f51xY6Tp+e1BLBLUNoMhwRG6gxetv18Rgv3iHMl5L","previousCounter":0,"rootKey":"m8alNoCr1tReOYAA6CRAGS+HdX4IOE8lj7eGOOvXP/0="},"indexInfo":{"baseKey":"BcK82u5jKT4a8HJLRa5O6UdAlaw5VUNBqvy0n5vBjOMY","baseKeyType":1,"closed":-1,"used":1682603061319,"created":1682603061319,"remoteIdentityKey":"Bf8JHEE2rcr0yCMjCuigxyOO3NYVlt3F8zVwPQieOfF2"},"_chains":{"BeLxjCmnJD7qYrV0UHPX0RbjN+Dp4u1bACXbZvriaw0Q":{"chainKey":{"counter":360,"key":"U5Q+zef5n/0w0yZbTbPFzMWpGcYwyTe1Dp/iC9915kA="},"chainType":1,"messageKeys":{}}},"pendingPreKey":{"signedKeyId":0,"baseKey":"BcK82u5jKT4a8HJLRa5O6UdAlaw5VUNBqvy0n5vBjOMY"}}},"version":"v1"}