{"_sessions":{"BZQeNht+zm9uDzZm9AMGukWLC3UUQ6DL5SBMPYjPn2l1":{"registrationId":2146375370,"currentRatchet":{"ephemeralKeyPair":{"pubKey":"BflEyq2uyI19jlmNIPIfRmuDP6YYEAB9CpYMG1Dy9HBi","privKey":"cMAabfMZVe9uVz0HE84gZ4XBmvfEMtPg28eVfpZWV2M="},"lastRemoteEphemeralKey":"BVVs9HRNLnIimWwCIUrrJ/bN9kCR1hFn+FcktYEQ5aYf","previousCounter":0,"rootKey":"LqHC1NXrS1sISn9DCAugDQm6GpVyu96EkjhwAPkLJ0w="},"indexInfo":{"baseKey":"BZQeNht+zm9uDzZm9AMGukWLC3UUQ6DL5SBMPYjPn2l1","baseKeyType":1,"closed":-1,"used":1682619374068,"created":1682619374068,"remoteIdentityKey":"BdHXaUmNyEHC3rGa0bBYzX4qwb61kbq7f4oSotOIXMhn"},"_chains":{"BflEyq2uyI19jlmNIPIfRmuDP6YYEAB9CpYMG1Dy9HBi":{"chainKey":{"counter":3,"key":"5FrTq34xrA0+3HNiNF/zaxu1ghAg0TEWaPK+0cAklDc="},"chainType":1,"messageKeys":{}}},"pendingPreKey":{"signedKeyId":1,"baseKey":"BZQeNht+zm9uDzZm9AMGukWLC3UUQ6DL5SBMPYjPn2l1","preKeyId":3923573}}},"version":"v1"}