{"_sessions":{"BeevRZXw3nUib5ia034rDV8DiTnTvDTlFKin+Y9BvkYo":{"registrationId":1535052389,"currentRatchet":{"ephemeralKeyPair":{"pubKey":"Be0gs0Hn5FT1R3LRDOPVOewQaLlFPICan7BqpFWudpN4","privKey":"AFNbP9jS5zgEwhKtVbM8S9S9SWR/cnY2AaEu65BuNVI="},"lastRemoteEphemeralKey":"BQJy1bY9Gqe3Wfoo28ZtmlGxecmkzVPIa5jl3qFbZN0G","previousCounter":0,"rootKey":"7apX6RMKYW1lzh9OLNbfGIxIUeND/xXryWtkxrtOkKY="},"indexInfo":{"baseKey":"BeevRZXw3nUib5ia034rDV8DiTnTvDTlFKin+Y9BvkYo","baseKeyType":1,"closed":-1,"used":1682603061380,"created":1682603061380,"remoteIdentityKey":"BdrIE752L7a6DKmVhJXyo1l2zOkujqKvmrQtr+0522c5"},"_chains":{"Be0gs0Hn5FT1R3LRDOPVOewQaLlFPICan7BqpFWudpN4":{"chainKey":{"counter":360,"key":"zuSWMFWEFsw2zUlRhaTP5yN2I5TmKXA/nc8WuVSz2i0="},"chainType":1,"messageKeys":{}}},"pendingPreKey":{"signedKeyId":17,"baseKey":"BeevRZXw3nUib5ia034rDV8DiTnTvDTlFKin+Y9BvkYo","preKeyId":6095205}}},"version":"v1"}