{"_sessions":{"BVW8S0gX952HudKRuQzJ5bIa3oEIbWJ9KgNDvljeAD9v":{"registrationId":1939410792,"currentRatchet":{"ephemeralKeyPair":{"pubKey":"BTA2HLGpGh3FeZC8m0GfTWBCDbQNdJK5+bazOJguYIwN","privKey":"2Ll6zaV5KY8klAhHpFA7G+DzeEPdB1igA+un0AM/yGI="},"lastRemoteEphemeralKey":"BVl8kzs5bYsbvH//dar2XDgGossSwEC3mR4PGCo0bpsx","previousCounter":0,"rootKey":"2rDbbpewPMZdWGjvWMc6IRJ9zoQKHJfa7CglFxwXBk4="},"indexInfo":{"baseKey":"BVW8S0gX952HudKRuQzJ5bIa3oEIbWJ9KgNDvljeAD9v","baseKeyType":1,"closed":-1,"used":1682619374168,"created":1682619374168,"remoteIdentityKey":"BT1aYrECBcNBQne0x8jCNX22qnxHXFNP5tT/UIZXQjt/"},"_chains":{"BTA2HLGpGh3FeZC8m0GfTWBCDbQNdJK5+bazOJguYIwN":{"chainKey":{"counter":3,"key":"8FlQL5/3UHOQFGk6t0betTdVV42xD8ZTfVqSYvFEJJY="},"chainType":1,"messageKeys":{}}},"pendingPreKey":{"signedKeyId":0,"baseKey":"BVW8S0gX952HudKRuQzJ5bIa3oEIbWJ9KgNDvljeAD9v"}}},"version":"v1"}