{"_sessions":{"BVLPdz0jR/ebN4X2Sh8kVdzW8BjJPiYaEN8KJCXC8Tk+":{"registrationId":1692354324,"currentRatchet":{"ephemeralKeyPair":{"pubKey":"Bf+nJ/rS2Ev7N+c+71wixyGWFguXjlN3Py35rBBvYMVt","privKey":"OPYfDl32W4kAafT/W5XuNF+wLeMIWeS+LJ1Autp4l3k="},"lastRemoteEphemeralKey":"BWvaSw3bzQ5B9Yy561eJS5AaQ4DCBZEdk9e9abNCVbQp","previousCounter":0,"rootKey":"sohal2FUbjqmtLKIfN7WT73wLxOUOMl9lfXflpqTJy8="},"indexInfo":{"baseKey":"BVLPdz0jR/ebN4X2Sh8kVdzW8BjJPiYaEN8KJCXC8Tk+","baseKeyType":1,"closed":-1,"used":1682603061041,"created":1682603061041,"remoteIdentityKey":"BVs+8YMpp97Syl8SS63phYekazgzlLi4NLyI+5VhZ41X"},"_chains":{"Bf+nJ/rS2Ev7N+c+71wixyGWFguXjlN3Py35rBBvYMVt":{"chainKey":{"counter":360,"key":"2/SxM4DD60fJS7r/cPxEDfktgZJyR7NE/4ZTCtaHqFE="},"chainType":1,"messageKeys":{}}},"pendingPreKey":{"signedKeyId":10,"baseKey":"BVLPdz0jR/ebN4X2Sh8kVdzW8BjJPiYaEN8KJCXC8Tk+","preKeyId":16291120}}},"version":"v1"}