{"_sessions":{"BYXz2B0wT9k6CVvw4FNuge24HMI5IIu5xxxdEMVGcv4x":{"registrationId":2099660267,"currentRatchet":{"ephemeralKeyPair":{"pubKey":"BbbpOvWUGlmL8f8isq/Ha/8NGS5n2FmAeQ2rSB/AuE1w","privKey":"AO+b9vL95jW/xJDmgLSDQA5MifUkZsAmgdUkgdkKqUg="},"lastRemoteEphemeralKey":"BZ0ADNPAYSaWmT88GlBpb5mMjLPy13bSb/opwp6sqFQp","previousCounter":0,"rootKey":"ALk5jA1sxPbIkroP9xULFvtcfE6UQStFRbKCNv2yZnw="},"indexInfo":{"baseKey":"BYXz2B0wT9k6CVvw4FNuge24HMI5IIu5xxxdEMVGcv4x","baseKeyType":1,"closed":-1,"used":1682603061350,"created":1682603061350,"remoteIdentityKey":"BX/wFlmZDnAyTh6gGzCwvTnhGw5+c9nNofaX1ab/Vt0c"},"_chains":{"BbbpOvWUGlmL8f8isq/Ha/8NGS5n2FmAeQ2rSB/AuE1w":{"chainKey":{"counter":360,"key":"Y0iYG1LdCer3vm0+ULVefDtj7Fy0MS6fFX7VWJqMC5s="},"chainType":1,"messageKeys":{}}},"pendingPreKey":{"signedKeyId":4,"baseKey":"BYXz2B0wT9k6CVvw4FNuge24HMI5IIu5xxxdEMVGcv4x","preKeyId":1235205}}},"version":"v1"}