{"_sessions":{"BWXQV7qlECzK14RIJ8R7hCjql3EQtu6H140icdUvJ7Fd":{"registrationId":1719897928,"currentRatchet":{"ephemeralKeyPair":{"pubKey":"BZf/bd9VeVGZgHavNeHJFSM+BJE6CUZIil1zc5CusP1P","privKey":"6NTHZkV8aQ1yO6lX8csRCMYa+ijGyEvsULixGuS92mo="},"lastRemoteEphemeralKey":"Bb4mWnFJBOu7fOZBkJeY+jImlH1g3cyXT+ixx9Eyuxpw","previousCounter":0,"rootKey":"JYnIBoebSKgckii5tSgcdSBhtc2yTxoU3ziuzG65YZ8="},"indexInfo":{"baseKey":"BWXQV7qlECzK14RIJ8R7hCjql3EQtu6H140icdUvJ7Fd","baseKeyType":1,"closed":-1,"used":1682603061391,"created":1682603061391,"remoteIdentityKey":"BWwoYaruEK/cKO9L0ZdugkdI077o4EW1ckeadHWWmdVg"},"_chains":{"BZf/bd9VeVGZgHavNeHJFSM+BJE6CUZIil1zc5CusP1P":{"chainKey":{"counter":360,"key":"sG1JAP72GLNbf8RkMfZg7q92dCByqd2XN1ivC+Pv2Vw="},"chainType":1,"messageKeys":{}}},"pendingPreKey":{"signedKeyId":32,"baseKey":"BWXQV7qlECzK14RIJ8R7hCjql3EQtu6H140icdUvJ7Fd","preKeyId":9217367}}},"version":"v1"}