{"_sessions":{"BX50Pvp6y9Det/2K6eK8QIwUkdKuOVADVq4BJgwCmJQr":{"registrationId":1263190775,"currentRatchet":{"ephemeralKeyPair":{"pubKey":"BcEyyjByrfIcXbQS9/NTFR/OKAOsPStLUpmQ2Ft3N0Q5","privKey":"iPSr/E+WST12ePkli55uzWdlbcXLDTvEQEPEozJHWUs="},"lastRemoteEphemeralKey":"BStxB3R5jG/HW1heSZurS8h2GRvq3rnfnVb72uhwMcQu","previousCounter":0,"rootKey":"hCgcGcEsCYz65gQwPWRUYTS1d0zM2s4WNMKCqL+Xf2I="},"indexInfo":{"baseKey":"BX50Pvp6y9Det/2K6eK8QIwUkdKuOVADVq4BJgwCmJQr","baseKeyType":1,"closed":-1,"used":1682603061257,"created":1682603061257,"remoteIdentityKey":"BXlCpqY2hXmznL11SgUzSK3W1T1ysMi7X1jDr+oH/TYk"},"_chains":{"BcEyyjByrfIcXbQS9/NTFR/OKAOsPStLUpmQ2Ft3N0Q5":{"chainKey":{"counter":360,"key":"ijk00NJgrzlXiQ5qh9p8iWeD03xRBDhX0+oe11h21do="},"chainType":1,"messageKeys":{}}},"pendingPreKey":{"signedKeyId":1,"baseKey":"BX50Pvp6y9Det/2K6eK8QIwUkdKuOVADVq4BJgwCmJQr","preKeyId":1261937}}},"version":"v1"}