{"_sessions":{"BdSRIBR9E4xGX9iFv7QNhfNEdMhJNHpOVAY7tucuNWxM":{"registrationId":229824883,"currentRatchet":{"ephemeralKeyPair":{"pubKey":"BcFGBeW8pyjSKmTbOCSDUdFE+RbLrEw24r1MN+E+m/0V","privKey":"SBs60eWAhJAvEdXUWXLaAaV2tROfGq9R5e3zC5D1T0E="},"lastRemoteEphemeralKey":"BUUbtnXuHyLwZ8+NXS35wrqIRsY3fcSWyv9XVC0Cf3NT","previousCounter":0,"rootKey":"Pgpfxo+JO7c0kgsDtnwsl+ykcQKLGFyXKIg3jYdcFy8="},"indexInfo":{"baseKey":"BdSRIBR9E4xGX9iFv7QNhfNEdMhJNHpOVAY7tucuNWxM","baseKeyType":1,"closed":-1,"used":1682619373941,"created":1682619373941,"remoteIdentityKey":"BRx+Ny6gQwE7t3RhHXENEu5kWGJKjgi1ldqhTrx99nEH"},"_chains":{"BcFGBeW8pyjSKmTbOCSDUdFE+RbLrEw24r1MN+E+m/0V":{"chainKey":{"counter":3,"key":"VVn3nPZyB67ah6qgbb48f+Wu/4Vndll4bY+inkn//s0="},"chainType":1,"messageKeys":{}}},"pendingPreKey":{"signedKeyId":6,"baseKey":"BdSRIBR9E4xGX9iFv7QNhfNEdMhJNHpOVAY7tucuNWxM","preKeyId":12055565}}},"version":"v1"}