{"_sessions":{"BYxmWYKhUIDvUXq8+ywGSTjCbK8BfzFgX4ZOP2nadV43":{"registrationId":1434651374,"currentRatchet":{"ephemeralKeyPair":{"pubKey":"BR/EKX6OZE3+fDLWrXCB/eAGkBaLAaSjsur3ae/eOd84","privKey":"qCSIzRH3Gfd2ebQMhnhEp9oAkhB1aU+SbPw6HFJ4dmQ="},"lastRemoteEphemeralKey":"BRSCvyxlRWwxzSiKruQo4mxY+MCFekNfPRxmWIVyntYD","previousCounter":0,"rootKey":"UwKJjGrQuo0NBZPLlpsHWTA/36dO/04jw+qQ+6OZQ5I="},"indexInfo":{"baseKey":"BYxmWYKhUIDvUXq8+ywGSTjCbK8BfzFgX4ZOP2nadV43","baseKeyType":1,"closed":-1,"used":1682619374041,"created":1682619374041,"remoteIdentityKey":"BacVy00mXwRd52jaZAGOOv2RlpGql7i+8cI858/wTHI8"},"_chains":{"BR/EKX6OZE3+fDLWrXCB/eAGkBaLAaSjsur3ae/eOd84":{"chainKey":{"counter":3,"key":"FPd/zVuRu0xH6R1QUN3BH4rzgTjbLhXFuz/wFRRn6eU="},"chainType":1,"messageKeys":{}}},"pendingPreKey":{"signedKeyId":40,"baseKey":"BYxmWYKhUIDvUXq8+ywGSTjCbK8BfzFgX4ZOP2nadV43","preKeyId":2492222}}},"version":"v1"}