{"_sessions":{"Ba3sGKo1Ep4oT5EX3TL01vj9CeCWAexV2yvb7QtF9n5P":{"registrationId":117,"currentRatchet":{"ephemeralKeyPair":{"pubKey":"BVjYmLhqfg1CVegXufSSdaCiGIax9yhrRVQQ2POabRty","privKey":"QK/i1Yz+ldg9Wq+X/fy6UjLDmpwFX7tv3eKgaCcVTV0="},"lastRemoteEphemeralKey":"BbGO+KOTt/Z5/++cPN7IWx2jOIh0y/xOsXGObGZDt/NM","previousCounter":0,"rootKey":"tdylDHYqXn1ulLf7aFyHZ2OW3iGs+BZpGTVgXBD9t1c="},"indexInfo":{"baseKey":"Ba3sGKo1Ep4oT5EX3TL01vj9CeCWAexV2yvb7QtF9n5P","baseKeyType":1,"closed":-1,"used":1682603060762,"created":1682603060762,"remoteIdentityKey":"BY41ogmmJgWaAuxShfukifFWegQh8xcQH6gYa6dI1rAh"},"_chains":{"BVjYmLhqfg1CVegXufSSdaCiGIax9yhrRVQQ2POabRty":{"chainKey":{"counter":360,"key":"d84s4kIuGL99NZBaQ587rO6l/WCv4Hr9taNWZPglLWw="},"chainType":1,"messageKeys":{}}},"pendingPreKey":{"signedKeyId":1,"baseKey":"Ba3sGKo1Ep4oT5EX3TL01vj9CeCWAexV2yvb7QtF9n5P"}}},"version":"v1"}