{"_sessions":{"BW1AJAE86paajIGsr+JrIgym56/TFQOZEyeKp6zmFxcH":{"registrationId":1843272959,"currentRatchet":{"ephemeralKeyPair":{"pubKey":"BSgYuypwdfjfQSLhCQcTun0Y8Ru8gevnPBhQoWcwXcwK","privKey":"+IgoHAeXfpUNkjCuQaptRDEaLwJ5nQE5r34HZt+j00g="},"lastRemoteEphemeralKey":"BfjOvBQyh2/rYu/Cn1fOA3XDt4b80uDsFFaZTlU9YpIj","previousCounter":0,"rootKey":"S12EIU/f8LJBRvfur/GD3gzLiw+wj8zpdN6EYBCzJQI="},"indexInfo":{"baseKey":"BW1AJAE86paajIGsr+JrIgym56/TFQOZEyeKp6zmFxcH","baseKeyType":1,"closed":-1,"used":1682619373864,"created":1682619373864,"remoteIdentityKey":"BaOeuIQJ2TUZzlfhCTTsaTGFIwvVeVEEPzxieT310Bw0"},"_chains":{"BSgYuypwdfjfQSLhCQcTun0Y8Ru8gevnPBhQoWcwXcwK":{"chainKey":{"counter":3,"key":"EQBAtc72K0EQDeZcbWWMO/KwyxARjGI/ddwSSjNFjj8="},"chainType":1,"messageKeys":{}}},"pendingPreKey":{"signedKeyId":5,"baseKey":"BW1AJAE86paajIGsr+JrIgym56/TFQOZEyeKp6zmFxcH","preKeyId":9034447}}},"version":"v1"}