{"_sessions":{"BdNnYKj29y0Co/gLaRjzMWfcaj7dUzKsma2kE7RXBNZK":{"registrationId":1582572484,"currentRatchet":{"ephemeralKeyPair":{"pubKey":"BQ1GxX/tW6x18g5oMB4PqIDtZjTuxX8MKjzLWpx+IHEZ","privKey":"+G+ZAWeK+ImEflzvpl0Gc3uXTiv6ZkzwbCqoPI4XMVw="},"lastRemoteEphemeralKey":"BXx+0EDg/n/f+E9LgYU3kN/nuNCmg0FZP9pZWJcEP7tt","previousCounter":0,"rootKey":"65Uaaa0WLZdc4Pvc2b+r76Y9yZyQkT9W+61qcOu8j3Y="},"indexInfo":{"baseKey":"BdNnYKj29y0Co/gLaRjzMWfcaj7dUzKsma2kE7RXBNZK","baseKeyType":1,"closed":-1,"used":1682603060975,"created":1682603060975,"remoteIdentityKey":"BRqa0yYL7HMZFR45bfcf+RDPpuTMyMGDuHY8NSX2QiAq"},"_chains":{"BQ1GxX/tW6x18g5oMB4PqIDtZjTuxX8MKjzLWpx+IHEZ":{"chainKey":{"counter":360,"key":"Dd88nFCxuJeWevbeKrAmGaxGz8jKfnsgg8XPJS8DTBY="},"chainType":1,"messageKeys":{}}},"pendingPreKey":{"signedKeyId":0,"baseKey":"BdNnYKj29y0Co/gLaRjzMWfcaj7dUzKsma2kE7RXBNZK"}}},"version":"v1"}