{"_sessions":{"BbCobyxmhhi31PJv2fwRRgFJOHNzoyBWHsdGGTbWCWl1":{"registrationId":1365054824,"currentRatchet":{"ephemeralKeyPair":{"pubKey":"BaZYNZ4DANlUHhMXxLmQRpy9oMp8Uei6MojTh8+t52M9","privKey":"8MLvnOhvt2mghiSmUI7aPkCGrbbel2ZG0BgdhC1sDWs="},"lastRemoteEphemeralKey":"BdwanImJWZvYknt3vt9vH8gWPSDZal5r1qbDZYlOBmUy","previousCounter":0,"rootKey":"/6m5PZbf1jYZwxkacX8j9Qh9CE0uJxXXga4DjtBclig="},"indexInfo":{"baseKey":"BbCobyxmhhi31PJv2fwRRgFJOHNzoyBWHsdGGTbWCWl1","baseKeyType":1,"closed":-1,"used":1682644549178,"created":1682619373849,"remoteIdentityKey":"BVfvL3NZF5+1UG5mJy2GxBda3nabE+6SdwdEmETU+4VK"},"_chains":{"BdwanImJWZvYknt3vt9vH8gWPSDZal5r1qbDZYlOBmUy":{"chainKey":{"counter":0,"key":"bXDLU5GruQWqg1YtJDnwh94jWp6UmIaAfXUMcoM6/sM="},"chainType":2,"messageKeys":{}},"BaZYNZ4DANlUHhMXxLmQRpy9oMp8Uei6MojTh8+t52M9":{"chainKey":{"counter":2,"key":"L2qS3742Fvq43ZH24yr8GpaKz6thIXNsCX42R6JMSEo="},"chainType":1,"messageKeys":{}}}}},"version":"v1"}