{"_sessions":{"BZU+H+ZwP+3fdefM1zHPhA8mmn1wgRN1NYazFzAJnlUc":{"registrationId":961047284,"currentRatchet":{"ephemeralKeyPair":{"pubKey":"BYsUAzH7sv4VIa2d3aezyMR3AruODbOZ0Y32NqD7vC8C","privKey":"8Eu1vzc8NzDFYKYzrDFkIX2H9DEHQVssHkmmk8CVf3c="},"lastRemoteEphemeralKey":"BVuvqh42pd+u2SS7axmA9kCB6mwADP+DayVAPxTavSUC","previousCounter":0,"rootKey":"YMxpjUuGu7MnO3xHYU1PQv+w0CFWlLVxynMWDai32JA="},"indexInfo":{"baseKey":"BZU+H+ZwP+3fdefM1zHPhA8mmn1wgRN1NYazFzAJnlUc","baseKeyType":1,"closed":-1,"used":1682619373949,"created":1682619373949,"remoteIdentityKey":"BTr+U0+dMWFEIzXvkREHT1ueRzi8j1EJDU3kwr8osqQw"},"_chains":{"BYsUAzH7sv4VIa2d3aezyMR3AruODbOZ0Y32NqD7vC8C":{"chainKey":{"counter":3,"key":"KO2CeXlOqlO9mv00Bn+vAOvWaUZycfNJ+W40o1RJEow="},"chainType":1,"messageKeys":{}}},"pendingPreKey":{"signedKeyId":3,"baseKey":"BZU+H+ZwP+3fdefM1zHPhA8mmn1wgRN1NYazFzAJnlUc","preKeyId":2696072}}},"version":"v1"}