{"_sessions":{"BfGp0xodVoMjIec5H5fxI1qYE8sEHJynpbw7nMcY6Bwu":{"registrationId":11919,"currentRatchet":{"ephemeralKeyPair":{"pubKey":"BffqFHhl4lsuvNipUBcBNQIPrb7p6whQu38LFFO1yE0i","privKey":"oF4R9bxqYtWVBHSSYdJQLKvU0rvfrUW6RbSGpjhmrlo="},"lastRemoteEphemeralKey":"BQU3AlRnTw2mw6GzQNmsyZzSC4lqjMkQI8UHmp9PnJp7","previousCounter":0,"rootKey":"YupUGDpqecY8X5baYq7ivOxw7X64YRmO/5lsMmhdOGs="},"indexInfo":{"baseKey":"BfGp0xodVoMjIec5H5fxI1qYE8sEHJynpbw7nMcY6Bwu","baseKeyType":1,"closed":-1,"used":1682619373824,"created":1682619373824,"remoteIdentityKey":"BdqvOIYGVpReWNo0WRYomgOEGwhGhvPUi3XokhWXOEo3"},"_chains":{"BffqFHhl4lsuvNipUBcBNQIPrb7p6whQu38LFFO1yE0i":{"chainKey":{"counter":3,"key":"LCnltqNiW16DQ3tt2JSlp0T1+d1eG3E8ivrMxEDUjDs="},"chainType":1,"messageKeys":{}}},"pendingPreKey":{"signedKeyId":2,"baseKey":"BfGp0xodVoMjIec5H5fxI1qYE8sEHJynpbw7nMcY6Bwu"}}},"version":"v1"}