{"_sessions":{"BYFBUBoAlmxVKdBWV3gxq7v2ma7oh8BZTCs93nOMWB4p":{"registrationId":219,"currentRatchet":{"ephemeralKeyPair":{"pubKey":"BXhrd2E/jCnp2SJVbK3CfiABte9DcSWwyooG3Sb3OEEd","privKey":"aNNX4IE4aNYil8pOXvstom50yX//R4cFyxVqNDSt7F0="},"lastRemoteEphemeralKey":"BXTcsQUoclfaUSvwBBg1Vw/ptIEXh+D0BF9hpQNCMmov","previousCounter":0,"rootKey":"l1qO01HUkwdFeKON0n56XnZJwXbw+n0otETa09o2zXY="},"indexInfo":{"baseKey":"BYFBUBoAlmxVKdBWV3gxq7v2ma7oh8BZTCs93nOMWB4p","baseKeyType":1,"closed":-1,"used":1682603060754,"created":1682603060754,"remoteIdentityKey":"BRTEgb385ZUssPYWFTA3c2ZPwzF8U3DV7QVFG4qGe4Ez"},"_chains":{"BXhrd2E/jCnp2SJVbK3CfiABte9DcSWwyooG3Sb3OEEd":{"chainKey":{"counter":35,"key":"KDEFAB68eb0MWsP6kVjjdHEpl1fTYIduNEsm2BadK8Q="},"chainType":1,"messageKeys":{}}},"pendingPreKey":{"signedKeyId":1,"baseKey":"BYFBUBoAlmxVKdBWV3gxq7v2ma7oh8BZTCs93nOMWB4p"}}},"version":"v1"}