{"_sessions":{"BTjWG/kaamHSVBipNpvddZ9/k3hbRo9z8j2JfXDQ2Dox":{"registrationId":1770450868,"currentRatchet":{"ephemeralKeyPair":{"pubKey":"BQXFPpflrQob/rT+2Qa591jY5pCsJ9MZ17mcya3DlMtK","privKey":"aBp26GNL7nb+WCpOHfAllG+5wfHYmBrU7arX9OpjZFw="},"lastRemoteEphemeralKey":"BfKb160R6RquM4+w+lMecP0q6nO+8C47bdyHxOokXUYw","previousCounter":1,"rootKey":"O9UJUqLmN90T0dNOSI2oxH0FLeFhH9gEk6THcOi6P40="},"indexInfo":{"baseKey":"BTjWG/kaamHSVBipNpvddZ9/k3hbRo9z8j2JfXDQ2Dox","baseKeyType":2,"closed":-1,"used":1682634195913,"created":1682600523040,"remoteIdentityKey":"BXcAG2q2JkTETlQ8Zt3YQvAnUbkSJQxsBebCCb0lF8l9"},"_chains":{"BdwJ+I9iaz4l3+lWAiZNdBN7gz3CsS6SxzOeZDU2gjly":{"chainKey":{"counter":5},"chainType":2,"messageKeys":{"5":"bMUxdflOfHxt2JB8KXt2Elt6LgAcWz+55EJUzPelVXU="}},"BfKb160R6RquM4+w+lMecP0q6nO+8C47bdyHxOokXUYw":{"chainKey":{"counter":1,"key":"0mmhoxrPd17Uo2yBelo6AVimzWhiunPHbxOTOQ6tXBs="},"chainType":2,"messageKeys":{}},"BQXFPpflrQob/rT+2Qa591jY5pCsJ9MZ17mcya3DlMtK":{"chainKey":{"counter":-1,"key":"62Jaov/m24/FP7DH71fIrXBvtVj0Lo5hJOHjF1eHhso="},"chainType":1,"messageKeys":{}}}}},"version":"v1"}