{"_sessions":{"BQhMMPTmmbHn5+fE8qrjZCfGMxLJJ8K4VCXHUA2cmEtO":{"registrationId":2046436491,"currentRatchet":{"ephemeralKeyPair":{"pubKey":"Bcc1AOnnXMZaXsO26UV5S95OyaDhISWdHkd3FtFOkjII","privKey":"0MjXx+tgu2/GgpzDQhxVoJ2U/R+QEXTeqmFG801zhm0="},"lastRemoteEphemeralKey":"BTn9D9pGxZy+tU1RHwV5BKEvybRWy+tQcb+TUfRc6ktp","previousCounter":0,"rootKey":"U3z63RB7UtUHbUJrp198W+Z9CQuGY9kt0mWkz+FwuP8="},"indexInfo":{"baseKey":"BQhMMPTmmbHn5+fE8qrjZCfGMxLJJ8K4VCXHUA2cmEtO","baseKeyType":1,"closed":-1,"used":1682619374063,"created":1682619374063,"remoteIdentityKey":"BYkBldIFUhU07tsmvWd9I54jMjIvEfe6qFvbZMv4UWZi"},"_chains":{"Bcc1AOnnXMZaXsO26UV5S95OyaDhISWdHkd3FtFOkjII":{"chainKey":{"counter":3,"key":"/5zpFDFRUc7QZvFoRxP8OG7IwiTbjuBSRnDFWP80ZB8="},"chainType":1,"messageKeys":{}}},"pendingPreKey":{"signedKeyId":24,"baseKey":"BQhMMPTmmbHn5+fE8qrjZCfGMxLJJ8K4VCXHUA2cmEtO","preKeyId":12925629}}},"version":"v1"}