{"_sessions":{"BXQI+0Q6s2+csacEVFPY/wTHjNZIYiqPLZR0JMrb8hE+":{"registrationId":1879175359,"currentRatchet":{"ephemeralKeyPair":{"pubKey":"BY8zM/hBhoje2LfAfITLu11fAgkNSYVmGbXv04C3jXkW","privKey":"8LwBhaQksFbGULLRf4LvxjOBU0hu4fBaagaEdZ8rUmg="},"lastRemoteEphemeralKey":"BZpM0697Uoz/EDM4N3MF1fLwKVZ+Rlow1wm2iXYyN9No","previousCounter":0,"rootKey":"1R9R9C3d7NMKVeBHTI6uggzT3wvT5FatsSvXDvkSmS4="},"indexInfo":{"baseKey":"BXQI+0Q6s2+csacEVFPY/wTHjNZIYiqPLZR0JMrb8hE+","baseKeyType":1,"closed":-1,"used":1682603060892,"created":1682603060892,"remoteIdentityKey":"BVkLIQJyU2FbBY99E4oTzOUKTkz6Sy4Lb5nCr5qpp/cB"},"_chains":{"BY8zM/hBhoje2LfAfITLu11fAgkNSYVmGbXv04C3jXkW":{"chainKey":{"counter":360,"key":"qL8M5kHIikiVNu3iQajYQUeMoXA21DIEtH2nqWeLq3Q="},"chainType":1,"messageKeys":{}}},"pendingPreKey":{"signedKeyId":9,"baseKey":"BXQI+0Q6s2+csacEVFPY/wTHjNZIYiqPLZR0JMrb8hE+","preKeyId":4876394}}},"version":"v1"}