{"_sessions":{"BcWaIv/aRWLqD9s6q1wo4taqrZhVOhhyHz6VSzjAk19o":{"registrationId":342905680,"currentRatchet":{"ephemeralKeyPair":{"pubKey":"Ba9ijX/ba5KYm7V0PxFXGWsK1vccZohOy3Pe4h889aJm","privKey":"aIxkCGdPDb7QCLF4IEGkID42a46F803efQ0AojVXNGw="},"lastRemoteEphemeralKey":"BThz+ZvEW/uZRkxgbnGp0tbHHyjbXCICPcbM+S+9X6pz","previousCounter":0,"rootKey":"p8LETwXZJKAf+/U5AkVTiCfk94q/cuj+nVujY4EN2gA="},"indexInfo":{"baseKey":"BcWaIv/aRWLqD9s6q1wo4taqrZhVOhhyHz6VSzjAk19o","baseKeyType":1,"closed":-1,"used":1682619373956,"created":1682619373956,"remoteIdentityKey":"BQj2kkHp1qUSjrdQoHndU94hXIstbVkYe3vcD5VGvsIa"},"_chains":{"Ba9ijX/ba5KYm7V0PxFXGWsK1vccZohOy3Pe4h889aJm":{"chainKey":{"counter":3,"key":"i30eE4R+a0S8cq1M/ovXHO005WVb8YsvWvrzumIFa0E="},"chainType":1,"messageKeys":{}}},"pendingPreKey":{"signedKeyId":1,"baseKey":"BcWaIv/aRWLqD9s6q1wo4taqrZhVOhhyHz6VSzjAk19o"}}},"version":"v1"}