{"_sessions":{"BV7z3XEeBI1k+3bTj8lGdzR71OoYZYa4FYDIzlyw3Goq":{"registrationId":1507261914,"currentRatchet":{"ephemeralKeyPair":{"pubKey":"BWE9kfkCKcVKHDebIcfdebHSZr4kFyZZ4J4jwZ4dBzIR","privKey":"oOuHu8Mc7G4L5WjkM07xDUSu85tDJ83S+VEQbyEFQHM="},"lastRemoteEphemeralKey":"BdVIk4id6XVoAPd9h2ei3+2F/lOgf0sCl1/l8cSvR9pe","previousCounter":0,"rootKey":"YeAJ9oZW2DKWOr45QcRR5z3UVSYjC6+RZurcZUF+7cg="},"indexInfo":{"baseKey":"BV7z3XEeBI1k+3bTj8lGdzR71OoYZYa4FYDIzlyw3Goq","baseKeyType":1,"closed":-1,"used":1682619373851,"created":1682619373851,"remoteIdentityKey":"BXc0PUi5eyjAHzmYcmFdzc2F+z/oZG+ALuJDvYUZrh4h"},"_chains":{"BWE9kfkCKcVKHDebIcfdebHSZr4kFyZZ4J4jwZ4dBzIR":{"chainKey":{"counter":3,"key":"KxdIiC+Q1qrgJ/O0VRpFYIfxCL3jI+6s1cpC0ne/AO8="},"chainType":1,"messageKeys":{}}},"pendingPreKey":{"signedKeyId":2,"baseKey":"BV7z3XEeBI1k+3bTj8lGdzR71OoYZYa4FYDIzlyw3Goq"}}},"version":"v1"}