{"_sessions":{"BRWAdJAWMR/f3fd0W8KnpBXrzu9cL1yVHr3aRaBjsLRQ":{"registrationId":1466842942,"currentRatchet":{"ephemeralKeyPair":{"pubKey":"BQQUJh98/tW3eAxKRGlI94KpC+eJ7opYzpMgLZ7QlKUe","privKey":"YF/iBwPmVyBeU7hqf6ercs2iJHopsMKOlRber6BIVUY="},"lastRemoteEphemeralKey":"BQcJXhT7oIxJXcraiC3toZLpeFlUnSoZTnBPJISx0aBw","previousCounter":0,"rootKey":"8c1HRR37eLHRVdg/eMgv4VjAYNEVtBsQbhhe5U1NpFA="},"indexInfo":{"baseKey":"BRWAdJAWMR/f3fd0W8KnpBXrzu9cL1yVHr3aRaBjsLRQ","baseKeyType":1,"closed":-1,"used":1682619373853,"created":1682619373853,"remoteIdentityKey":"BYua3FKceFCG9iPZYljZnqOsLKT3P3R/2GG95oqeRWAE"},"_chains":{"BQQUJh98/tW3eAxKRGlI94KpC+eJ7opYzpMgLZ7QlKUe":{"chainKey":{"counter":3,"key":"gloO3HFODWJl4Fw8xaTmk1gvsLUDJG1KzhbfWPthv7o="},"chainType":1,"messageKeys":{}}},"pendingPreKey":{"signedKeyId":2,"baseKey":"BRWAdJAWMR/f3fd0W8KnpBXrzu9cL1yVHr3aRaBjsLRQ"}}},"version":"v1"}