{"_sessions":{"BTvwQbStNCfIpoYw7XLGcWsR0C7suwbvbV94MhB24ZZ0":{"registrationId":1540357798,"currentRatchet":{"ephemeralKeyPair":{"pubKey":"BUOg1UjoRIKHcrcacMV4xY9APtA+axfZfG0H0E+I1n1X","privKey":"eB+7n/TcfMyjOIbwkrEL+FPahP9Ooyh668iKdO3KLWU="},"lastRemoteEphemeralKey":"BU4PYiGngiS7rTZ2TxCEnPBJsOIfZujsblqGfZ6IrZ5A","previousCounter":0,"rootKey":"ZXC3ziX2BUJ/dg9bpCcTbzB16uhOvs8iNgnKtAF+ZME="},"indexInfo":{"baseKey":"BTvwQbStNCfIpoYw7XLGcWsR0C7suwbvbV94MhB24ZZ0","baseKeyType":1,"closed":-1,"used":1682603060966,"created":1682603060966,"remoteIdentityKey":"BRL0v1hZNasN6TzTDskHkH5tq/evJPdP9Ix3fqMZnH1x"},"_chains":{"BUOg1UjoRIKHcrcacMV4xY9APtA+axfZfG0H0E+I1n1X":{"chainKey":{"counter":360,"key":"3/oPsAo6c08S6Q3MKxEwWZMlz3UQD5q3ZjVEGljaEFU="},"chainType":1,"messageKeys":{}}},"pendingPreKey":{"signedKeyId":8,"baseKey":"BTvwQbStNCfIpoYw7XLGcWsR0C7suwbvbV94MhB24ZZ0","preKeyId":6957991}}},"version":"v1"}