{"_sessions":{"BXjftCQVIu/oaWxhqJiCEx9Xn1QRu6rFeJmwW+Zyc61g":{"registrationId":897355347,"currentRatchet":{"ephemeralKeyPair":{"pubKey":"BS0fTWGS/ouf0gLwSiZyF1DCfxGl2c//MDHJn+8X0KhU","privKey":"eDLGyv8koooo2IqUg7bCk4/kjuiO4eGg/psOxhmzA1o="},"lastRemoteEphemeralKey":"BZPZVnbg21ydeMAfu8fImZzc8B5gCIfA7srIuSG4Y700","previousCounter":0,"rootKey":"GyaEMtDsKhIMyDmGvYGq8SVAz1mBxMdjrGmRdskXzGE="},"indexInfo":{"baseKey":"BXjftCQVIu/oaWxhqJiCEx9Xn1QRu6rFeJmwW+Zyc61g","baseKeyType":1,"closed":-1,"used":1682619374081,"created":1682619374081,"remoteIdentityKey":"BeRxJvSXrq1oFoBd+sUxoMuKYN4Y1kxIdQnO2Kxwjh1V"},"_chains":{"BS0fTWGS/ouf0gLwSiZyF1DCfxGl2c//MDHJn+8X0KhU":{"chainKey":{"counter":3,"key":"P7wXlBW+SGQ3wACXQ/SrEdT/C3HDu/6PG4RwWayBtMg="},"chainType":1,"messageKeys":{}}},"pendingPreKey":{"signedKeyId":1,"baseKey":"BXjftCQVIu/oaWxhqJiCEx9Xn1QRu6rFeJmwW+Zyc61g","preKeyId":15478433}}},"version":"v1"}