{"_sessions":{"BV7OLK3UTtthH9qi4FYcHwjwQ0UfrrWLEUKyfuoRj3Mo":{"registrationId":1520747040,"currentRatchet":{"ephemeralKeyPair":{"pubKey":"BaE3vNx4Hzz72aGP7tDZMB4ZuKfF8dsKBsJnCOZxLkUt","privKey":"+IWDV2hph6q1zHIUCfyddOK+04Fm6FnsJ6xD+padUmU="},"lastRemoteEphemeralKey":"BdU6KWUgQGXArf8o9EvclNtdutbgh+sXEupDq6B+Lv4q","previousCounter":0,"rootKey":"73tlgutWAm0SzILPNmRCBDlHDzxEn4J9yDLVWYL0qN8="},"indexInfo":{"baseKey":"BV7OLK3UTtthH9qi4FYcHwjwQ0UfrrWLEUKyfuoRj3Mo","baseKeyType":1,"closed":-1,"used":1682619374267,"created":1682619374267,"remoteIdentityKey":"BRLjwFSKes4iZOJfSd8vfoaWYODcP9oGEhbhYcc5HIsf"},"_chains":{"BaE3vNx4Hzz72aGP7tDZMB4ZuKfF8dsKBsJnCOZxLkUt":{"chainKey":{"counter":3,"key":"klQ2j9qfEL5nhkmkLVO4dpKCVqLxHZMIazcPB8hvqhk="},"chainType":1,"messageKeys":{}}},"pendingPreKey":{"signedKeyId":0,"baseKey":"BV7OLK3UTtthH9qi4FYcHwjwQ0UfrrWLEUKyfuoRj3Mo"}}},"version":"v1"}