{"_sessions":{"BcbcNvcIzee758lfwrnVviM2rjIPeJtUYRC0DNVADtUM":{"registrationId":128326490,"currentRatchet":{"ephemeralKeyPair":{"pubKey":"BYvoWoeQWznVN6iOk0q3v0OCjq0ZJF9XINc+YaHRqW9V","privKey":"UPwR/B/8PvnUcaqcTkX3Oco/tkARS70GeynByZVDwlM="},"lastRemoteEphemeralKey":"BUTal4WfMW45BqMmB0U645biyrkrt7MMfYAr8Edumh8T","previousCounter":0,"rootKey":"YGU8k/2zy68798c+M8os0W+PBDU6Ehc0BEJLyhgSEPs="},"indexInfo":{"baseKey":"BcbcNvcIzee758lfwrnVviM2rjIPeJtUYRC0DNVADtUM","baseKeyType":1,"closed":-1,"used":1682619374160,"created":1682619374160,"remoteIdentityKey":"BTUil8Y+uzePNUNWltwgbZhEV3VO3RFauidgzqArcm1G"},"_chains":{"BYvoWoeQWznVN6iOk0q3v0OCjq0ZJF9XINc+YaHRqW9V":{"chainKey":{"counter":3,"key":"KaonJR2s+AX5GnUBthPP4sL53QX85BtbzIu/3lwyLJo="},"chainType":1,"messageKeys":{}}},"pendingPreKey":{"signedKeyId":0,"baseKey":"BcbcNvcIzee758lfwrnVviM2rjIPeJtUYRC0DNVADtUM","preKeyId":6974045}}},"version":"v1"}