{"_sessions":{"BSlxRNaVAB4TmMjtWUR2pgbpcJ8X5LtAkYCNWmBM7n5D":{"registrationId":2094156375,"currentRatchet":{"ephemeralKeyPair":{"pubKey":"BTbPJq/Tb2ORFVqz6C1glKgbcBQZb3dk+xCKxnW6lpJV","privKey":"mNYSoIN4yeCAoeG1dGHW/np2zbNpxnYGEykqR3dREnw="},"lastRemoteEphemeralKey":"BUR2tZCxuZxV4XLaNxxsvkAPg7mwDfTZpm9HTBoRF/MC","previousCounter":0,"rootKey":"ocuj9qgsHLKF5+oB5mUjf9yUMo07gMw+1OQ6yVbKV+Y="},"indexInfo":{"baseKey":"BSlxRNaVAB4TmMjtWUR2pgbpcJ8X5LtAkYCNWmBM7n5D","baseKeyType":1,"closed":-1,"used":1682619374206,"created":1682619374206,"remoteIdentityKey":"BTH/HLOCzxc3vTzyKgECGrsb/botknTGCl/R5aR6LJVD"},"_chains":{"BTbPJq/Tb2ORFVqz6C1glKgbcBQZb3dk+xCKxnW6lpJV":{"chainKey":{"counter":3,"key":"+wkt2doMOa4ctQq1df4BVgILNQmUt80bo62qNEKcd9Q="},"chainType":1,"messageKeys":{}}},"pendingPreKey":{"signedKeyId":10,"baseKey":"BSlxRNaVAB4TmMjtWUR2pgbpcJ8X5LtAkYCNWmBM7n5D","preKeyId":590317}}},"version":"v1"}