{"_sessions":{"BcscLUibzjNB3AH5cUReCDmZ6mSVXExm0Gf3R0HW2eBQ":{"registrationId":1075981853,"currentRatchet":{"ephemeralKeyPair":{"pubKey":"BT9mygqc5AG5SEv56H0HpG5e9a7hBrcIS0Kvjab4nr9b","privKey":"OMGyBe8Jh7Rkba5yWsV0MwEkSkXHi1OxuVpXEgXjjHU="},"lastRemoteEphemeralKey":"BaGlBMch2fvs8RIhQ1ULabRKhNbpx749fCoZfqJvu4M3","previousCounter":0,"rootKey":"/hLS0sv2kynDNg1XT5AoGAYmHL8zDKYiOlQ/yV2+WRE="},"indexInfo":{"baseKey":"BcscLUibzjNB3AH5cUReCDmZ6mSVXExm0Gf3R0HW2eBQ","baseKeyType":1,"closed":-1,"used":1682619373977,"created":1682619373977,"remoteIdentityKey":"BW5q5GwE3ySjCrsjSrSoOzBWpVtvQgIaVLiAA4bP3dpZ"},"_chains":{"BT9mygqc5AG5SEv56H0HpG5e9a7hBrcIS0Kvjab4nr9b":{"chainKey":{"counter":3,"key":"kWShirLluFZ+Pb9hyegH63HMwrOjZYPYXk9dWp1oHKw="},"chainType":1,"messageKeys":{}}},"pendingPreKey":{"signedKeyId":15,"baseKey":"BcscLUibzjNB3AH5cUReCDmZ6mSVXExm0Gf3R0HW2eBQ"}}},"version":"v1"}