{"_sessions":{"BV/q2VIRvUq4QK2x/tVV65TT3uAOHB0A8irXQwpB+Q5m":{"registrationId":1612248810,"currentRatchet":{"ephemeralKeyPair":{"pubKey":"BT1xTWX6FPzD8DNTLO1amCfZ+a8mH5Tk/mqfSyZ9r4QB","privKey":"ADE0BAkesXZmez2qK9BUkAilimidbJz249k8Ppbg70I="},"lastRemoteEphemeralKey":"BXYWDygTcIliQrPxGUFVFk67bHuISfXynwwFjhNwKywJ","previousCounter":0,"rootKey":"Q5eunU9CiBZlGfKoxVC9IPx6rttVIQLJmdASPchX32Q="},"indexInfo":{"baseKey":"BV/q2VIRvUq4QK2x/tVV65TT3uAOHB0A8irXQwpB+Q5m","baseKeyType":1,"closed":-1,"used":1682619374221,"created":1682619374221,"remoteIdentityKey":"BY8dbWjBxPkX2PfgWMBIqIieTDgjwkhanQlSL0lnM6AZ"},"_chains":{"BT1xTWX6FPzD8DNTLO1amCfZ+a8mH5Tk/mqfSyZ9r4QB":{"chainKey":{"counter":3,"key":"bZnFQvxJGMMBvv7YdCFCvBh+RFfMYQ6QZvIZV6Fp3zU="},"chainType":1,"messageKeys":{}}},"pendingPreKey":{"signedKeyId":1,"baseKey":"BV/q2VIRvUq4QK2x/tVV65TT3uAOHB0A8irXQwpB+Q5m","preKeyId":2366092}}},"version":"v1"}