{"_sessions":{"BQV9CG9KOtADfa5ZQv9GRvfCkX2AICPf4e9NhR4bZgZC":{"registrationId":959082798,"currentRatchet":{"ephemeralKeyPair":{"pubKey":"BXawLZmvfFHh+zjAvqqK8T3/2wcAByrWdgnle5n1fuU4","privKey":"iKQQ/Sl2I8wXfqzxXP+ljLNzIuw71mzH+g043T9W0XQ="},"lastRemoteEphemeralKey":"BeI5+plAXnQiVL1DDkqHX8BOQxWfhM1hxGMdD5YV/uMM","previousCounter":0,"rootKey":"AK4xCALCrIHZmMYOzm35NWsQAnTZ+YxpRWCXHJEcKIA="},"indexInfo":{"baseKey":"BQV9CG9KOtADfa5ZQv9GRvfCkX2AICPf4e9NhR4bZgZC","baseKeyType":1,"closed":-1,"used":1682619373955,"created":1682619373955,"remoteIdentityKey":"BSV5jgb/LCVzWzJTrZjTRcxKfOFyaD9DXr3vzRfvB9lF"},"_chains":{"BXawLZmvfFHh+zjAvqqK8T3/2wcAByrWdgnle5n1fuU4":{"chainKey":{"counter":3,"key":"z5sO/4HVBrGwgW/9m2d/RzI13F4ITwAGQuSIFdoiUf0="},"chainType":1,"messageKeys":{}}},"pendingPreKey":{"signedKeyId":3,"baseKey":"BQV9CG9KOtADfa5ZQv9GRvfCkX2AICPf4e9NhR4bZgZC","preKeyId":11994341}}},"version":"v1"}