{"_sessions":{"BQovxsfuBk32hvr0ttqjbCpU9jPHJqPvtnfBkp63UkBl":{"registrationId":1093464573,"currentRatchet":{"ephemeralKeyPair":{"pubKey":"BZZ/LlzVtDQuy+rIJET1vOTcvS8HK1XKz0Xtga1lke1O","privKey":"GMSfudtXbocjQwH5XiGqFkPMoZc/5IK8JySpA13c/1w="},"lastRemoteEphemeralKey":"BXaYMh/2YWk5oY2M2As2GTa20q2QdXZ9/AyZ0NpW7sZH","previousCounter":0,"rootKey":"XTYY5QcXKqBUV+UUlvfb8pF7EZu68mqyRw5MLskxl5I="},"indexInfo":{"baseKey":"BQovxsfuBk32hvr0ttqjbCpU9jPHJqPvtnfBkp63UkBl","baseKeyType":1,"closed":-1,"used":1682619373985,"created":1682619373985,"remoteIdentityKey":"BWPybLhi2HSROIVnJaAsyGLq/FUqJuZjNd9twY+Rc1cN"},"_chains":{"BZZ/LlzVtDQuy+rIJET1vOTcvS8HK1XKz0Xtga1lke1O":{"chainKey":{"counter":3,"key":"coakziMC4BcVX0WZ5YJKh/8wL56OjlvXFsfM8s9Wemg="},"chainType":1,"messageKeys":{}}},"pendingPreKey":{"signedKeyId":2,"baseKey":"BQovxsfuBk32hvr0ttqjbCpU9jPHJqPvtnfBkp63UkBl","preKeyId":8476966}}},"version":"v1"}