{"_sessions":{"BbujyX9DvTCr5wloWmMW7hF7z0jtAYBJUJkEbwTO5z0z":{"registrationId":500183420,"currentRatchet":{"ephemeralKeyPair":{"pubKey":"BSA9FwXIcAmbowIk/mnB+3An1M14RdTCIhEIhze90rxf","privKey":"CNlQXEt5EXlswTVrSL2LQoWTeg58RIa7mHkMApApRU4="},"lastRemoteEphemeralKey":"BQJUscSltLmsnHdEOA8GX9Zth8KpOUstZR9HrANezi0o","previousCounter":0,"rootKey":"Omfu3NtWu/TLvvfwjsfQ+AKV6VfY9dmf0jaIRxJ0Ix4="},"indexInfo":{"baseKey":"BbujyX9DvTCr5wloWmMW7hF7z0jtAYBJUJkEbwTO5z0z","baseKeyType":1,"closed":-1,"used":1682619374166,"created":1682619374166,"remoteIdentityKey":"BdjdvNNwC3GVUUqHoNlOSJbHzEyzYnn/M0BvMinyh9sn"},"_chains":{"BSA9FwXIcAmbowIk/mnB+3An1M14RdTCIhEIhze90rxf":{"chainKey":{"counter":3,"key":"6iMWXu7vBfwe49aIESgSNI67spiko6TnPIIol2TBZGY="},"chainType":1,"messageKeys":{}}},"pendingPreKey":{"signedKeyId":1,"baseKey":"BbujyX9DvTCr5wloWmMW7hF7z0jtAYBJUJkEbwTO5z0z"}}},"version":"v1"}