{"_sessions":{"Ba5kegVDyCiCOJ8dBpTpNc/DwVDBD8NrLciDwB7VLl53":{"registrationId":522813172,"currentRatchet":{"ephemeralKeyPair":{"pubKey":"BWVTqVSPSBrAn9NYi4eFsyEzVgszFxo9Br/LuJsFY7MW","privKey":"sLWjVW68p35ulq/wILKns9nxagsK0chOct82ippTvU4="},"lastRemoteEphemeralKey":"Bea9jx2w8OUjtREStYX7HGWkAoEPTLQuMma9mGtEtwUV","previousCounter":0,"rootKey":"stEcyZwOOMpGtIUhAVcktpShwos6oCUs7oPQh07skOg="},"indexInfo":{"baseKey":"Ba5kegVDyCiCOJ8dBpTpNc/DwVDBD8NrLciDwB7VLl53","baseKeyType":1,"closed":-1,"used":1682619373986,"created":1682619373986,"remoteIdentityKey":"Bag20LJdX29lYRM7yU1Q+7ty36ubMk3jTkbsLknT58w4"},"_chains":{"BWVTqVSPSBrAn9NYi4eFsyEzVgszFxo9Br/LuJsFY7MW":{"chainKey":{"counter":3,"key":"T/vSsweP3aW2YIeBkPfQmaCMd23dPc0662XYuf58xM0="},"chainType":1,"messageKeys":{}}},"pendingPreKey":{"signedKeyId":0,"baseKey":"Ba5kegVDyCiCOJ8dBpTpNc/DwVDBD8NrLciDwB7VLl53","preKeyId":4301425}}},"version":"v1"}