{"_sessions":{"BRxU7I1654+eOxWcw5/bwNoaOo9x9wIG5fagBnsYWXN4":{"registrationId":206883770,"currentRatchet":{"ephemeralKeyPair":{"pubKey":"BVGSIAcssSY2Y6p6HeEDVpKO8PtlhQZC8m0gpHzYO4BT","privKey":"4Pc0jLskg+jJMh7oB11oMPNG+Vd4fn6e6RIViH8FVHs="},"lastRemoteEphemeralKey":"BQ167fswa3OBsxngL8SBzLBjyyC6qTpSGZTkduufhRBG","previousCounter":2,"rootKey":"p/dTyArMDm779LExYYLv1KKGYRRnCF2K0JoRNl0jvs4="},"indexInfo":{"baseKey":"BRxU7I1654+eOxWcw5/bwNoaOo9x9wIG5fagBnsYWXN4","baseKeyType":1,"closed":-1,"used":1682644171665,"created":1682603060894,"remoteIdentityKey":"BXDUReMwYL0QJAah1pLMm7VIoxWMAl5eIaG06fO8PDJu"},"_chains":{"BQvi7it6mMgEPoy2yTij8rjVppES4MD9t8+F/2Ck18ZJ":{"chainKey":{"counter":1},"chainType":2,"messageKeys":{}},"BWFUmj/TwHJfWoADh7b37RKkupEmdV9McTMK7N0QYKdU":{"chainKey":{"counter":5},"chainType":2,"messageKeys":{}},"Bfb0kKG5Y/hA6NhWDIUBbeshqUAo9VYoTkveNEZolxdO":{"chainKey":{"counter":0},"chainType":2,"messageKeys":{}},"BaBID167UkPjefZZbZXfTFQM2Y/rBhxiCFmSEKZOc/tQ":{"chainKey":{"counter":2},"chainType":2,"messageKeys":{}},"BQ167fswa3OBsxngL8SBzLBjyyC6qTpSGZTkduufhRBG":{"chainKey":{"counter":0,"key":"55Fa+tqobpsa3rOx3UMIonOFRqgrOn1FbdZEkiofAYA="},"chainType":2,"messageKeys":{}},"BVGSIAcssSY2Y6p6HeEDVpKO8PtlhQZC8m0gpHzYO4BT":{"chainKey":{"counter":2,"key":"xQpLwjZW+k+0bcDtv/gs6Chvhdu76MciaDjnork2Mxw="},"chainType":1,"messageKeys":{}}}}},"version":"v1"}