{"_sessions":{"BfGmr/spXo7mRER0tjVsIcvdOsS8qkuIeR9J0hDnRzVZ":{"registrationId":348559769,"currentRatchet":{"ephemeralKeyPair":{"pubKey":"BURvGIP179oI9J1PGCVwG9ZpGz2AGYg+ifuGxDRiY8Ad","privKey":"2H5LIPmZ76tMOsyYkCYIqs1FTrZRG1VcxhhGNkfWIko="},"lastRemoteEphemeralKey":"BWLIj0DPR1+1OqRq/GmOaMc7j/sy+jKSo+pgPgINZq4b","previousCounter":0,"rootKey":"VSuXAUeni0TwIZ37cj07ENR02NbD7Q7rx+KcqkUEjhM="},"indexInfo":{"baseKey":"BfGmr/spXo7mRER0tjVsIcvdOsS8qkuIeR9J0hDnRzVZ","baseKeyType":1,"closed":-1,"used":1682603060904,"created":1682603060904,"remoteIdentityKey":"BQsOIE5bw5AtuJwjepppz8RUIC0CMmGiX83oCXazaUBP"},"_chains":{"BURvGIP179oI9J1PGCVwG9ZpGz2AGYg+ifuGxDRiY8Ad":{"chainKey":{"counter":360,"key":"t3dqWg1vfpN4SJU8HVOTeE2WdyyAD9UxSJJvzh//ujE="},"chainType":1,"messageKeys":{}}},"pendingPreKey":{"signedKeyId":0,"baseKey":"BfGmr/spXo7mRER0tjVsIcvdOsS8qkuIeR9J0hDnRzVZ","preKeyId":813904}}},"version":"v1"}