{"_sessions":{"Beyjbkz6aos4o5F7++w/C2S/SbyYN1VDp15QkdFlH0Bv":{"registrationId":267906290,"currentRatchet":{"ephemeralKeyPair":{"pubKey":"BRW+gJfjX5cwgcLfKflx1DHXmCVKDan1GGnC3qClh2oK","privKey":"ABH/v9LzwSCq+IK34+j3BvfYaP1Ve1GYyt/SbmhLOXM="},"lastRemoteEphemeralKey":"BcJCaUnw9qFzlbn6Cqo1d0yurrWxY0AzWsXrbTuPxQoI","previousCounter":0,"rootKey":"1igMJrjMEtq5rufzeDwOAs5IJGN2BgCWq7NpQxqubks="},"indexInfo":{"baseKey":"Beyjbkz6aos4o5F7++w/C2S/SbyYN1VDp15QkdFlH0Bv","baseKeyType":1,"closed":-1,"used":1682603061351,"created":1682603061351,"remoteIdentityKey":"BWIMLjOBI8AI5m+/oCmRqcYN+YowqU5A4ojlAKSJOaFx"},"_chains":{"BRW+gJfjX5cwgcLfKflx1DHXmCVKDan1GGnC3qClh2oK":{"chainKey":{"counter":360,"key":"xwnXpTA73BeiGBCOH7xGpla7Dxi3LQwQgnsQxSFIyBs="},"chainType":1,"messageKeys":{}}},"pendingPreKey":{"signedKeyId":0,"baseKey":"Beyjbkz6aos4o5F7++w/C2S/SbyYN1VDp15QkdFlH0Bv"}}},"version":"v1"}