{"_sessions":{"Bb9TE+q5Ap46Pt5cQr4LGLkLE16cpkFAxYh7HlawmYEr":{"registrationId":13297,"currentRatchet":{"ephemeralKeyPair":{"pubKey":"BZiDmLbFFdtBcB3pjawv+GHbl/sYCFqjbEhcWV+87PUq","privKey":"QFi+yDZFkKuqkchlJUP1AB2PWSAPz+dL0f1DcH2IWG4="},"lastRemoteEphemeralKey":"BfgbibIY1yjYJbGnqBLvoOoQim+kF+UHz2eJsQr9k9oM","previousCounter":0,"rootKey":"fbulp4gARrQAlN/D0/QsHwpHaLjAaA5qGP+9EUKcp2U="},"indexInfo":{"baseKey":"Bb9TE+q5Ap46Pt5cQr4LGLkLE16cpkFAxYh7HlawmYEr","baseKeyType":1,"closed":-1,"used":1682603060775,"created":1682603060775,"remoteIdentityKey":"BVgMsshRX+5GyarYx5ovfw7h9FN4YsFkMj19/3pnwMIL"},"_chains":{"BZiDmLbFFdtBcB3pjawv+GHbl/sYCFqjbEhcWV+87PUq":{"chainKey":{"counter":360,"key":"aJj6B6/sR2KzA3cDtaumqln2BYZE5cTACPfHETHzQgY="},"chainType":1,"messageKeys":{}}},"pendingPreKey":{"signedKeyId":1,"baseKey":"Bb9TE+q5Ap46Pt5cQr4LGLkLE16cpkFAxYh7HlawmYEr"}}},"version":"v1"}