{"_sessions":{"BdjfJ/gpMSW30KTtvrw1RAIJWZqSuAjiWh6fwpUjBLpx":{"registrationId":2002401938,"currentRatchet":{"ephemeralKeyPair":{"pubKey":"BeSdVziAlV0ls0l96Q5IbgsbSr/0W3By2SzDUBvhjaB/","privKey":"qMDnpfFsrlzuHd3ZNlMFmmbqW0Nf4Fb/A+RBYM6BzUw="},"lastRemoteEphemeralKey":"BTisDSsJRAQ9QCecf5ohwzjSZxbRAgxgW6P3E/jrYEEp","previousCounter":0,"rootKey":"yuoplCMq00GrvB+lj7ta/Nq4VjcgYOB/RwGu/m0pV2o="},"indexInfo":{"baseKey":"BdjfJ/gpMSW30KTtvrw1RAIJWZqSuAjiWh6fwpUjBLpx","baseKeyType":1,"closed":-1,"used":1682619373725,"created":1682619373725,"remoteIdentityKey":"BRKnn+T/I5Y2+1xVIjQDn8oiCsSfn4YbezCuDnm5e6Ed"},"_chains":{"BeSdVziAlV0ls0l96Q5IbgsbSr/0W3By2SzDUBvhjaB/":{"chainKey":{"counter":3,"key":"kHNXSc/G0e3B6Kj5IdTdfU96caAgNOopIYYAcEvPTk4="},"chainType":1,"messageKeys":{}}},"pendingPreKey":{"signedKeyId":3,"baseKey":"BdjfJ/gpMSW30KTtvrw1RAIJWZqSuAjiWh6fwpUjBLpx"}}},"version":"v1"}