{"_sessions":{"BUC5Q7PtyjGGiXjyr3V/yu5enSVLPwQloMSFmLX91hUT":{"registrationId":25556158,"currentRatchet":{"ephemeralKeyPair":{"pubKey":"BaI8t5iHcHc1o91QTVv8a1bdiFSv/22lVRglwC+vhlwu","privKey":"8FC5wnTCy6xvzAV6hzOkMuC+Pt0zC/YC36aOp/1bmFw="},"lastRemoteEphemeralKey":"BbRRfDqHrumfHzSH2/WFuk8+N2vajC6xSR315flvCElz","previousCounter":0,"rootKey":"eHfMnR3c9u4zLAKBDT7yLn63CPTmkaYIX3YRc5dXXHU="},"indexInfo":{"baseKey":"BUC5Q7PtyjGGiXjyr3V/yu5enSVLPwQloMSFmLX91hUT","baseKeyType":1,"closed":-1,"used":1682603060801,"created":1682603060801,"remoteIdentityKey":"BcNl5gbHaewrNm71fUvJvqk9pJrtxbbtm4uG+heChdNu"},"_chains":{"BaI8t5iHcHc1o91QTVv8a1bdiFSv/22lVRglwC+vhlwu":{"chainKey":{"counter":360,"key":"mPvu3gLeMemed+jLt8H7iKY4fougAcno2TSTrublbl8="},"chainType":1,"messageKeys":{}}},"pendingPreKey":{"signedKeyId":0,"baseKey":"BUC5Q7PtyjGGiXjyr3V/yu5enSVLPwQloMSFmLX91hUT","preKeyId":2430854}}},"version":"v1"}