{"_sessions":{"BWjZPqrJEo/T358iV/FbBUH5KgcmZ8UMKyz35fzAdzEQ":{"registrationId":2037304026,"currentRatchet":{"ephemeralKeyPair":{"pubKey":"BUQZ8/cADSGbXSPHoO7VvSNbdLZ8HGnResi7HNUPjx0w","privKey":"SN82vUf8A+fcu4HHXMDGyJ5PuxCFVNWxZD4clFBe2Eo="},"lastRemoteEphemeralKey":"BarraXStZjEFso1deUwOhgTbc62F/WmDBSJFD76A5LEC","previousCounter":0,"rootKey":"qNIcdlqBG2UnImdGZyR0fZ3zrvWfk7OvJhnKvwuC7Bg="},"indexInfo":{"baseKey":"BWjZPqrJEo/T358iV/FbBUH5KgcmZ8UMKyz35fzAdzEQ","baseKeyType":1,"closed":-1,"used":1682603060794,"created":1682603060794,"remoteIdentityKey":"Bd9mVruQ6gpPNYlOhgUj/sv8FACEtBAnaGh6kKd4gMtK"},"_chains":{"BUQZ8/cADSGbXSPHoO7VvSNbdLZ8HGnResi7HNUPjx0w":{"chainKey":{"counter":360,"key":"m7xE1j9GKHKLibDaXE3O5eh9w0CgoeUClxcuPiZ/ifc="},"chainType":1,"messageKeys":{}}},"pendingPreKey":{"signedKeyId":1310288,"baseKey":"BWjZPqrJEo/T358iV/FbBUH5KgcmZ8UMKyz35fzAdzEQ"}}},"version":"v1"}