{"_sessions":{"BTAX8nUVnkYlJfqsLM6v4PKfK+VIhmyEvPkn4egPpxsO":{"registrationId":1119479879,"currentRatchet":{"ephemeralKeyPair":{"pubKey":"BRuluP5btXYGNBMe08GUG02PKkLIdF/b027anz5CXEQG","privKey":"QHGXIMKu8ZewbtCCCQTpHwy7LtLOxGMXadLkRUk4YVM="},"lastRemoteEphemeralKey":"BWna3wJdoA8rJCizY8mLqUh5YQV5K/93HAlYtccz+QZF","previousCounter":0,"rootKey":"ts/pEEzUi/YbKY6S/TCi2xbgUvMfQnhYx7n4aM08PSg="},"indexInfo":{"baseKey":"BTAX8nUVnkYlJfqsLM6v4PKfK+VIhmyEvPkn4egPpxsO","baseKeyType":1,"closed":-1,"used":1682619374152,"created":1682619374152,"remoteIdentityKey":"BSBo3MZu0sVoMNr3PEm1d3rqx+xOR80guSiZ1mpOX38O"},"_chains":{"BRuluP5btXYGNBMe08GUG02PKkLIdF/b027anz5CXEQG":{"chainKey":{"counter":3,"key":"kXOxZ+TMttDlL+apQUdUMnHjg+n0C+TJKkN5i8ltwyY="},"chainType":1,"messageKeys":{}}},"pendingPreKey":{"signedKeyId":3,"baseKey":"BTAX8nUVnkYlJfqsLM6v4PKfK+VIhmyEvPkn4egPpxsO","preKeyId":11858699}}},"version":"v1"}