{"_sessions":{"BWpUtLF3V3tHpql+F8oKYTwKsnvQWS2snUG90KRgrwRp":{"registrationId":850777956,"currentRatchet":{"ephemeralKeyPair":{"pubKey":"BZCY+D83B4m5uA32q1Xucw2lkMAKyKyN8rwMwWk8lqdK","privKey":"4L9jk4O+g74WTYKkl66RzDjnwgfb3e+yYaRjoLUt7k8="},"lastRemoteEphemeralKey":"BXwg25VsQZNZiCeZWmK1htrWsjT544ciCLPxkX/6Byhx","previousCounter":0,"rootKey":"jr+0kgIGdpUaAIU4jyKXpL/L7AqNnzTM+appx64ZFsE="},"indexInfo":{"baseKey":"BWpUtLF3V3tHpql+F8oKYTwKsnvQWS2snUG90KRgrwRp","baseKeyType":1,"closed":-1,"used":1682603061017,"created":1682603061017,"remoteIdentityKey":"BapDvdQCwDEGQyU2p93FuOmA3hZyQX6IkDf6dbrjDJZm"},"_chains":{"BZCY+D83B4m5uA32q1Xucw2lkMAKyKyN8rwMwWk8lqdK":{"chainKey":{"counter":360,"key":"FfnUVC/JxB5zs2gAvKDt0XNY/GzMvXt1IWIWhrq55z0="},"chainType":1,"messageKeys":{}}},"pendingPreKey":{"signedKeyId":1,"baseKey":"BWpUtLF3V3tHpql+F8oKYTwKsnvQWS2snUG90KRgrwRp","preKeyId":12990554}}},"version":"v1"}