{"_sessions":{"BYfXYjEHKmZCOww0b90jdEF34ghuS8x1fwmFu1D41tFR":{"registrationId":568736395,"currentRatchet":{"ephemeralKeyPair":{"pubKey":"BY7rFG/WR44/MnxPQUnZWuBlSgtR0MIGps/RHi8lIcY6","privKey":"cNcxhh6jHviFD5j/GoMJrMTLnqTI7HMmIBf597DXykc="},"lastRemoteEphemeralKey":"BVMFQveuCqVMlyydKMXvAAfQ78OJdgMMi3LVGGQoMHhG","previousCounter":0,"rootKey":"7rMKefYK+OB5lvMozfTQ6/NBNrWBBUBeCNJ7M2saOCc="},"indexInfo":{"baseKey":"BYfXYjEHKmZCOww0b90jdEF34ghuS8x1fwmFu1D41tFR","baseKeyType":1,"closed":-1,"used":1682603061175,"created":1682603061175,"remoteIdentityKey":"BYh9Lifm5VFzwx/H6/tJ6GSAv7rKiQx3de0t/Ocz0Xks"},"_chains":{"BY7rFG/WR44/MnxPQUnZWuBlSgtR0MIGps/RHi8lIcY6":{"chainKey":{"counter":360,"key":"CSlhbEACyvSmitRqtmcpRSvbn4qaBthnHP2qMC6fTrU="},"chainType":1,"messageKeys":{}}},"pendingPreKey":{"signedKeyId":0,"baseKey":"BYfXYjEHKmZCOww0b90jdEF34ghuS8x1fwmFu1D41tFR","preKeyId":15166786}}},"version":"v1"}