{"_sessions":{"BSgUcemcmNpx0/E58uXGKFRvUcOx/JjQTzDT8NH1pDV5":{"registrationId":1766044376,"currentRatchet":{"ephemeralKeyPair":{"pubKey":"BWt9FVYuUY9tt8PatlGnzFnW8N1jzZbpp5vAIGfcfE8I","privKey":"ACw478XtZoeh5EDP3O3CUjRjOVU/r/LugYrf5OT84VU="},"lastRemoteEphemeralKey":"BdEVadQyK20HjcCC4XPn2Mc74Imfg1ufCOfvtkpxzXki","previousCounter":29,"rootKey":"N0pKMaeMvKiXrXgz8RbkiRIio83Y06IPCbEHjJlNjlE="},"indexInfo":{"baseKey":"BSgUcemcmNpx0/E58uXGKFRvUcOx/JjQTzDT8NH1pDV5","baseKeyType":1,"closed":-1,"used":1682611588416,"created":1682603061015,"remoteIdentityKey":"BVidTrb80a1ZaSLOUIRxc1zfDXOzWvr6d0ycgKFkchl5"},"_chains":{"BYOYkFpk/Djc+hx469514krEXf/qQc3sRRENejlI7qJb":{"chainKey":{"counter":0},"chainType":2,"messageKeys":{}},"BdEVadQyK20HjcCC4XPn2Mc74Imfg1ufCOfvtkpxzXki":{"chainKey":{"counter":0,"key":"IIg26mFRoQS//ROTQLU0U8JjG0lwagRmAJKbn9zK43Y="},"chainType":2,"messageKeys":{}},"BWt9FVYuUY9tt8PatlGnzFnW8N1jzZbpp5vAIGfcfE8I":{"chainKey":{"counter":324,"key":"JSEQ4CK4+WXlqSJpu2L4AeS1Ib3aIOnTczNQDIPQZzQ="},"chainType":1,"messageKeys":{}}}}},"version":"v1"}