{"_sessions":{"BR9HC1rlZWKvByRLbNyKFo+xAitTYJlj40pOo0uCGCQs":{"registrationId":6163,"currentRatchet":{"ephemeralKeyPair":{"pubKey":"BTetNEZLtjFPddJEeGtOtjvEbY7lCTckBL0heaiAmPMy","privKey":"oOusRz3FkSwF5GWATNO/WzXvI2NGNzyHaXcBIwWQ53c="},"lastRemoteEphemeralKey":"BanCswyB/TvOey/rHIFGv8kszhrv9viWh+CuXx/Q10wB","previousCounter":0,"rootKey":"VrtbalhhVeYn4WlJsKDcJTfK5Ff/+0+LINJaqIuGfl4="},"indexInfo":{"baseKey":"BR9HC1rlZWKvByRLbNyKFo+xAitTYJlj40pOo0uCGCQs","baseKeyType":1,"closed":-1,"used":1682619373803,"created":1682619373803,"remoteIdentityKey":"BYa9kqCbLAbn4YRm1z7+XH2o0SbbTUWG7N+JHSH2z49x"},"_chains":{"BTetNEZLtjFPddJEeGtOtjvEbY7lCTckBL0heaiAmPMy":{"chainKey":{"counter":3,"key":"6njchPeUdvOcKKV18Ag8SW2SxbPGbnY8QN8reAV3BjI="},"chainType":1,"messageKeys":{}}},"pendingPreKey":{"signedKeyId":1,"baseKey":"BR9HC1rlZWKvByRLbNyKFo+xAitTYJlj40pOo0uCGCQs"}}},"version":"v1"}