{"_sessions":{"BT0tI1i89wcGhrDHtV9y6xD8aXCovE5bITpE85tUkFkZ":{"registrationId":45,"currentRatchet":{"ephemeralKeyPair":{"pubKey":"BSRCDXX+OZeK1lX8Qv3yOVpbf3z/L8ONivPVYTFpNAk3","privKey":"UPwpoRf4kDIbjUcIoRaDc3/Q8wq+cXRCLqEs/EgnjlU="},"lastRemoteEphemeralKey":"BYk5gWVnUPN/G5rAbuaaVb5Wq+dYhwyGbZF9R5Ty9TgS","previousCounter":12,"rootKey":"eIpalo6rWBUc5jXPY8S1iGkP3pDHQMTDbCfsz8eVz18="},"indexInfo":{"baseKey":"BT0tI1i89wcGhrDHtV9y6xD8aXCovE5bITpE85tUkFkZ","baseKeyType":1,"closed":1682645081278,"used":1682603502263,"created":1682603060752,"remoteIdentityKey":"Ba6IYTlckOAtcZWv4Oo6jxSvKZaykhTynDMJWuJdc5FT"},"_chains":{"BYk5gWVnUPN/G5rAbuaaVb5Wq+dYhwyGbZF9R5Ty9TgS":{"chainKey":{"counter":0,"key":"f8yOjEPDGTxUtxXzAyFTCMh4wjLXSwFSrY1TbH6IDFI="},"chainType":2,"messageKeys":{}},"BSRCDXX+OZeK1lX8Qv3yOVpbf3z/L8ONivPVYTFpNAk3":{"chainKey":{"counter":346,"key":"h4cjsJ+3xZHnATgAUE6rEB/drQWU4t7MLHGIP+u83mY="},"chainType":1,"messageKeys":{}}}},"BRIt2g8hDcejVUEcJytOaN4SnJHRSdkJyJAZCFxcsdF7":{"registrationId":45,"currentRatchet":{"ephemeralKeyPair":{"pubKey":"BYu1zBez1R12AcNXcwCPITSjQqBsruRs1TGF8WEfuExP","privKey":"aICKeBZDMdHvXHZ/u9DR79JQQu4b4fJZP2/8jUPQOks="},"lastRemoteEphemeralKey":"BSs5oEbWlDBXV8XG3+jT6EM9EU/B+IS6nyCt0b6ay9tw","previousCounter":0,"rootKey":"+Ci6BHQILYiS4pCE2NsNqXnWWZImWVRAzF48HjwNJ4Y="},"indexInfo":{"baseKey":"BRIt2g8hDcejVUEcJytOaN4SnJHRSdkJyJAZCFxcsdF7","baseKeyType":1,"closed":-1,"used":1682645080904,"created":1682645080904,"remoteIdentityKey":"Ba6IYTlckOAtcZWv4Oo6jxSvKZaykhTynDMJWuJdc5FT"},"_chains":{"BYu1zBez1R12AcNXcwCPITSjQqBsruRs1TGF8WEfuExP":{"chainKey":{"counter":0,"key":"7JvxYbi37et5TTFJOLWrAFB0pAtduwtffxO+qIe9WcI="},"chainType":1,"messageKeys":{}}},"pendingPreKey":{"signedKeyId":1,"baseKey":"BRIt2g8hDcejVUEcJytOaN4SnJHRSdkJyJAZCFxcsdF7","preKeyId":348}}},"version":"v1"}