{"_sessions":{"BRrVRY2UvJlrT98nLf4vnfUSrxN7ivBll9ngrY8rtD8K":{"registrationId":83864383,"currentRatchet":{"ephemeralKeyPair":{"pubKey":"BRNLQV+2xlDgwlvV9JZ24I2+cR1e3PCOEUeTzv3NL94B","privKey":"0C1b7ZsxHhFHCjpwciVddEFRUYVb8gWeBfr9HHFIJH0="},"lastRemoteEphemeralKey":"BWe1sfQUiSItZpLv8+m+hRRlb3P6HNXfcCDRUxsxuJ1L","previousCounter":0,"rootKey":"kIOEkuuhUY4GlRLr9Jhhbi4iOri1x8XzA9oFNxMvNgQ="},"indexInfo":{"baseKey":"BRrVRY2UvJlrT98nLf4vnfUSrxN7ivBll9ngrY8rtD8K","baseKeyType":1,"closed":-1,"used":1682619374083,"created":1682619374083,"remoteIdentityKey":"BXx3JpcIinKvU7rWjl8oUqrSb4eESu/wgW2orVuCOUhI"},"_chains":{"BRNLQV+2xlDgwlvV9JZ24I2+cR1e3PCOEUeTzv3NL94B":{"chainKey":{"counter":3,"key":"AJIoUERxff3VHiiFu3kkjAUj+/HjKQCTsdX0TxxTijw="},"chainType":1,"messageKeys":{}}},"pendingPreKey":{"signedKeyId":21,"baseKey":"BRrVRY2UvJlrT98nLf4vnfUSrxN7ivBll9ngrY8rtD8K","preKeyId":3477180}}},"version":"v1"}