{"_sessions":{"BQaAnvKcoDycQqqjPCbg6CnaLRkqjnJHb0eCjsJFz5Mj":{"registrationId":1337367991,"currentRatchet":{"ephemeralKeyPair":{"pubKey":"BeNAB1jbiyt71lDLUpMmkAXKaeng7r/xsmalzQmzgeEH","privKey":"gFgw4/bN7DKFYl0gFrc6EdcU1R1LwYOHwcVQIWZwJkM="},"lastRemoteEphemeralKey":"BQJbS2PY95A7C2tI/lmSrP0RLjJKY/pmdW4QdXKIuIFy","previousCounter":0,"rootKey":"pvQGT9npS8MlxXcfebGdjdyfSmyfUfbjv5ZSO+wC39w="},"indexInfo":{"baseKey":"BQaAnvKcoDycQqqjPCbg6CnaLRkqjnJHb0eCjsJFz5Mj","baseKeyType":1,"closed":-1,"used":1682619373867,"created":1682619373867,"remoteIdentityKey":"BTjDMOzmT6QXLsZGQ2NW3m9Vyitu0eKmpEgaiuBQQNQU"},"_chains":{"BeNAB1jbiyt71lDLUpMmkAXKaeng7r/xsmalzQmzgeEH":{"chainKey":{"counter":3,"key":"L69dW/3ot5aMksDlT0XsUC3L62Ab+Dr9xHm4zylP47E="},"chainType":1,"messageKeys":{}}},"pendingPreKey":{"signedKeyId":4,"baseKey":"BQaAnvKcoDycQqqjPCbg6CnaLRkqjnJHb0eCjsJFz5Mj","preKeyId":4321138}}},"version":"v1"}