{"_sessions":{"BYZxfsc3GdeyTiQT0cm02lIT8jEof1FAOc04qSxKtO1G":{"registrationId":536232737,"currentRatchet":{"ephemeralKeyPair":{"pubKey":"BQD6YSXkHLTGOD4gNRd7/x5Ks0hz4GzYD4KRBLp7cclz","privKey":"WOkYs5TJE94WVUot4CfEDKyXBmK+fgy86OnrsECvDls="},"lastRemoteEphemeralKey":"BRy+rrNe2mIL+/L2h3pgfPDLAkypCiIJ/mMfLiXZZEBl","previousCounter":0,"rootKey":"eRi9FKDcM7IVNTB6XA9VTq29Q71b+IE/J2wMt6kamz8="},"indexInfo":{"baseKey":"BYZxfsc3GdeyTiQT0cm02lIT8jEof1FAOc04qSxKtO1G","baseKeyType":1,"closed":-1,"used":1682603060874,"created":1682603060874,"remoteIdentityKey":"BfISswf3yPiYBjcJDlO9c07FHrVF2ioPIn7y+r7dC98N"},"_chains":{"BQD6YSXkHLTGOD4gNRd7/x5Ks0hz4GzYD4KRBLp7cclz":{"chainKey":{"counter":360,"key":"+QKixefTEt9qg8FDb2fuYJM7I8mA6MDeD0pk0P0LTA0="},"chainType":1,"messageKeys":{}}},"pendingPreKey":{"signedKeyId":6,"baseKey":"BYZxfsc3GdeyTiQT0cm02lIT8jEof1FAOc04qSxKtO1G","preKeyId":1663081}}},"version":"v1"}