{"_sessions":{"BYwHpoGUFI3I4+wN65WFqXYYXwxErZKZf7FtX15OuLMz":{"registrationId":602362365,"currentRatchet":{"ephemeralKeyPair":{"pubKey":"BTWnrb1ZxBEn66DMOsqlOFcm9c5q12ZrVJ64P8Fpx91w","privKey":"8L2254QUuXRCotDONY0ukjmoA2rUgN6N6MOQ6w4LiX8="},"lastRemoteEphemeralKey":"BSXj5aUpY5U0HLOzGk2PklJzddCAjYyQ9SpBnQdec6wC","previousCounter":0,"rootKey":"zD2V9J6RDTJuYRRXupa+3Lf7fauOoqWgJhUG5xW2n1Q="},"indexInfo":{"baseKey":"BYwHpoGUFI3I4+wN65WFqXYYXwxErZKZf7FtX15OuLMz","baseKeyType":1,"closed":-1,"used":1682619374214,"created":1682619374214,"remoteIdentityKey":"BTXFsYU5wIqDgkRSdpCBVhhA7EV8QusKCFuO4Mq5mXY8"},"_chains":{"BTWnrb1ZxBEn66DMOsqlOFcm9c5q12ZrVJ64P8Fpx91w":{"chainKey":{"counter":3,"key":"Bs3XA6GFri+XVjNTenhKhPpK6X4B0Tlsw2JAPEcauYE="},"chainType":1,"messageKeys":{}}},"pendingPreKey":{"signedKeyId":2,"baseKey":"BYwHpoGUFI3I4+wN65WFqXYYXwxErZKZf7FtX15OuLMz"}}},"version":"v1"}