{"_sessions":{"BULaTFz01UMCXKLiMKscvscCsWFP2KVM5LGJ6jPe6Qo9":{"registrationId":173797052,"currentRatchet":{"ephemeralKeyPair":{"pubKey":"BcIQu2Y1uYwkJe8uHVtqh8xNli02BLdTDaIubQNJUKJ4","privKey":"0J5Gl9I7OZPIrDfkjJO23M676ojnhOn4jyB98tZZ/WI="},"lastRemoteEphemeralKey":"BTccSuIUyRDkMEerIUpbToyZ/rd2LHzygkvzlpRpBn5i","previousCounter":0,"rootKey":"J5qx6CNJkr9zWUpxgeVIaoenK1vJSvqPvMPrc4cu9e0="},"indexInfo":{"baseKey":"BULaTFz01UMCXKLiMKscvscCsWFP2KVM5LGJ6jPe6Qo9","baseKeyType":1,"closed":-1,"used":1682619373932,"created":1682619373932,"remoteIdentityKey":"BRG77/fxKv5cPHC76aIZGjMp6YMSIj2yX0PgbcgSow0l"},"_chains":{"BcIQu2Y1uYwkJe8uHVtqh8xNli02BLdTDaIubQNJUKJ4":{"chainKey":{"counter":3,"key":"c5MkbI62dnVJGNym5UwHxNmJFw2PA1f0T1wtRjot4+I="},"chainType":1,"messageKeys":{}}},"pendingPreKey":{"signedKeyId":1,"baseKey":"BULaTFz01UMCXKLiMKscvscCsWFP2KVM5LGJ6jPe6Qo9","preKeyId":5449484}}},"version":"v1"}