{"_sessions":{"BVQFzUdprKUTpZvswYxz492Tx42i+Rfcn1ZazsaWZFpd":{"registrationId":728013835,"currentRatchet":{"ephemeralKeyPair":{"pubKey":"BZVZVGHMwTpZmQSWlemplY93NsijtT4GeffbfwPoLT5y","privKey":"YNDZiYg/Z7LzjR/FUa2m7NasWoe66W/CqgwxyhCcuEk="},"lastRemoteEphemeralKey":"BbBM1DLyEherJt4IWHilC8uXuRhUtP3Ofr0Wl1vz/TJM","previousCounter":0,"rootKey":"Z3C0wbXunMn11MIB3S+0eT214uGCuu2na3tb0Pw3WeQ="},"indexInfo":{"baseKey":"BVQFzUdprKUTpZvswYxz492Tx42i+Rfcn1ZazsaWZFpd","baseKeyType":1,"closed":-1,"used":1682619374232,"created":1682619374232,"remoteIdentityKey":"Bf8aAnckG+iVJh5Q1TaaL3GxIDap+JcKGzwzgssuyBMX"},"_chains":{"BZVZVGHMwTpZmQSWlemplY93NsijtT4GeffbfwPoLT5y":{"chainKey":{"counter":3,"key":"yHTjXgds3xXkaqxivJJnA4RIv4gW2Sk1Wuu1ibhwY3k="},"chainType":1,"messageKeys":{}}},"pendingPreKey":{"signedKeyId":4,"baseKey":"BVQFzUdprKUTpZvswYxz492Tx42i+Rfcn1ZazsaWZFpd"}}},"version":"v1"}