{"_sessions":{"Bep1xzh33jEB1jXD7TjRBqqbeYhH9P/xEwjWqrrG27Fd":{"registrationId":233116214,"currentRatchet":{"ephemeralKeyPair":{"pubKey":"BXD+DtqxOjzdlN2zfayIsvJpryl2jm5JTPa7bcA8E8U4","privKey":"EBeWGyq04+JNe0y/+96Nmit3047q5DbNZKw0b712SH0="},"lastRemoteEphemeralKey":"BafSTj/hnwf3Et8FOQQ5CNV6WTyHJ4eQ0N00gytbNZgf","previousCounter":0,"rootKey":"1qJWP1Q2gLJywYHcILYNriNkFTsrrH2Lp/a2X677FWw="},"indexInfo":{"baseKey":"Bep1xzh33jEB1jXD7TjRBqqbeYhH9P/xEwjWqrrG27Fd","baseKeyType":1,"closed":-1,"used":1682619373745,"created":1682619373745,"remoteIdentityKey":"BUQMY6i9kJd/fVY4w4cGGeUaaGH6TSvftIEZBI5NB7Z5"},"_chains":{"BXD+DtqxOjzdlN2zfayIsvJpryl2jm5JTPa7bcA8E8U4":{"chainKey":{"counter":3,"key":"TcDoedOCCkjTvVv4uXzj/LmlKWfT0NkDcyha3ZXJYCI="},"chainType":1,"messageKeys":{}}},"pendingPreKey":{"signedKeyId":0,"baseKey":"Bep1xzh33jEB1jXD7TjRBqqbeYhH9P/xEwjWqrrG27Fd","preKeyId":12132479}}},"version":"v1"}