{"_sessions":{"BT61kVndIdxMS1FyoZJOa3H8slN+aF0fPiIgV+bxciNS":{"registrationId":136989574,"currentRatchet":{"ephemeralKeyPair":{"pubKey":"BXJU5dCpAdc32y9jRHcOtYBdlVMwhCXEu7A4AEwgWYEs","privKey":"SIPH8cDlfymFWVg1mRIUyKLyaoDvjPpVpx/471RuZFY="},"lastRemoteEphemeralKey":"BQlCCmZE2SA2jtcRYpsf9P+a7W48V7EnVZU4sINBw9M9","previousCounter":0,"rootKey":"FlYqbSNClyv8vtptWPGtrg4dCFXuQlZMXZk1Vng43+w="},"indexInfo":{"baseKey":"BT61kVndIdxMS1FyoZJOa3H8slN+aF0fPiIgV+bxciNS","baseKeyType":1,"closed":-1,"used":1682603061353,"created":1682603061353,"remoteIdentityKey":"BT/jbLFE8xuiCCNj8BHhoWGe/sp65NlQM6K68MPrVkNg"},"_chains":{"BXJU5dCpAdc32y9jRHcOtYBdlVMwhCXEu7A4AEwgWYEs":{"chainKey":{"counter":360,"key":"0UixhTogfDa0qfzmGHEdB3lU1Xv4rB31cqXImGCK4YE="},"chainType":1,"messageKeys":{}}},"pendingPreKey":{"signedKeyId":0,"baseKey":"BT61kVndIdxMS1FyoZJOa3H8slN+aF0fPiIgV+bxciNS"}}},"version":"v1"}