{"_sessions":{"BZuM03Xx9z3h5e2R7VbUbR9BT0dvtDRy6eMnw2otCEth":{"registrationId":1973252612,"currentRatchet":{"ephemeralKeyPair":{"pubKey":"BRQPhXl67WWGMbaQAXO6KQvfN8YJit3SdUpcMLiHawJm","privKey":"OGKHJwimVMYVNH2X2Ob8XLuQtfXLYOzf6MMWiGQZw0E="},"lastRemoteEphemeralKey":"Ber90MioLdawdUT6yfOGeFFdwVUbZLgryiKtpT6VeM9+","previousCounter":0,"rootKey":"Z8vPnwJYa9TCex4XZ/8ndch7s7VTOk1k6RNyv0JhNsE="},"indexInfo":{"baseKey":"BZuM03Xx9z3h5e2R7VbUbR9BT0dvtDRy6eMnw2otCEth","baseKeyType":1,"closed":-1,"used":1682619374149,"created":1682619374149,"remoteIdentityKey":"BVcOAVt6eBRlPE8G0Ext+SMmxCHx/4lTzDm3WzD72eQu"},"_chains":{"BRQPhXl67WWGMbaQAXO6KQvfN8YJit3SdUpcMLiHawJm":{"chainKey":{"counter":3,"key":"dlW66ag20AaE8dJ1kKH354Xbg/t3u4OI/acG69WOb3U="},"chainType":1,"messageKeys":{}}},"pendingPreKey":{"signedKeyId":4,"baseKey":"BZuM03Xx9z3h5e2R7VbUbR9BT0dvtDRy6eMnw2otCEth","preKeyId":11246685}}},"version":"v1"}