{"_sessions":{"BUHnX5ZftsgGItNEEQYZ8MXLn8eBROsb0HMwDokcGn5o":{"registrationId":292674072,"currentRatchet":{"ephemeralKeyPair":{"pubKey":"BawTv+QRtNjmOx9QrL37jQ6iFS8zQtAoBdEjxaVEBx9i","privKey":"qCMlxerAYfLxwBt2ncwwjMqxW5hq+rREz39PnP+881M="},"lastRemoteEphemeralKey":"BdKfPBaOkY5EJYHwY48ebwIS0v7djlVl3T/1LY2NL2FU","previousCounter":0,"rootKey":"/lf5G++GXdXBJvWPQJsBG2vrFqzOtVFRiAFtAGp6//U="},"indexInfo":{"baseKey":"BUHnX5ZftsgGItNEEQYZ8MXLn8eBROsb0HMwDokcGn5o","baseKeyType":1,"closed":-1,"used":1682619374048,"created":1682619374048,"remoteIdentityKey":"BTCC+AFMp8yZrAiJiwKpvAtsEw3iaI5/RNIAqCkxi0Qm"},"_chains":{"BawTv+QRtNjmOx9QrL37jQ6iFS8zQtAoBdEjxaVEBx9i":{"chainKey":{"counter":3,"key":"AIB40RVAn7oh+wJMs5P9mLmQ16KA7qWQqEpA3Xy8YQY="},"chainType":1,"messageKeys":{}}},"pendingPreKey":{"signedKeyId":7,"baseKey":"BUHnX5ZftsgGItNEEQYZ8MXLn8eBROsb0HMwDokcGn5o","preKeyId":6433396}}},"version":"v1"}