{"_sessions":{"BTUs5Hq4T28MI1o3Nxqkfjd1oX97rsHz96tXs/15BYJ4":{"registrationId":957454693,"currentRatchet":{"ephemeralKeyPair":{"pubKey":"BfUCyOBsQxA5wZc4qmaqZzCxHd134n7P/ABGBeNveP0z","privKey":"MM5riZ+qd+mjRPQWkK1gGJuRu+4q2ZDkZG8RdvgXU0U="},"lastRemoteEphemeralKey":"BdAtNCJ7+/vO+Km7IW1y97Ldmb5AW+C4bnhAxgBtvGRc","previousCounter":0,"rootKey":"MnBClW78G0CsQ6nV3wiJxpWjac8jBG7rmawLuc4wm90="},"indexInfo":{"baseKey":"BTUs5Hq4T28MI1o3Nxqkfjd1oX97rsHz96tXs/15BYJ4","baseKeyType":1,"closed":-1,"used":1682603060953,"created":1682603060953,"remoteIdentityKey":"BYTffC7R3oSyl1rrE91IdKNwWxjPH0wA91erlL7xNlVc"},"_chains":{"BfUCyOBsQxA5wZc4qmaqZzCxHd134n7P/ABGBeNveP0z":{"chainKey":{"counter":360,"key":"jnL5bnEs6x6wMiqqgCCb2zRwbU567H4Zk8KL7dbqRUo="},"chainType":1,"messageKeys":{}}},"pendingPreKey":{"signedKeyId":2,"baseKey":"BTUs5Hq4T28MI1o3Nxqkfjd1oX97rsHz96tXs/15BYJ4","preKeyId":1734642}}},"version":"v1"}