{"_sessions":{"Ba/DpGT5cAbAQQ6xIuahvAxXF3Zw1G+TS7viPdJn0uBJ":{"registrationId":410795619,"currentRatchet":{"ephemeralKeyPair":{"pubKey":"BSk9QEfAaVDN9UgKolcM21DI2VI43fjf9PM+tU8OP591","privKey":"uHIPv591jM/HylyDKzzMvJZGG3DizVW4Cut8YglA01k="},"lastRemoteEphemeralKey":"BXIrOpUcBSDy1Jtaa8F7ROmLQOIEoFI53qpPD9b7OG47","previousCounter":0,"rootKey":"F+nV+5FvD+VFPLg0UjgMswBu9Y2Il+mNFPb7oEJ5A8A="},"indexInfo":{"baseKey":"Ba/DpGT5cAbAQQ6xIuahvAxXF3Zw1G+TS7viPdJn0uBJ","baseKeyType":1,"closed":-1,"used":1682619373967,"created":1682619373967,"remoteIdentityKey":"BbMzhoKLlz/EvwItGSozPiJJJ5tuShBhhY2Ah2xiZDQl"},"_chains":{"BSk9QEfAaVDN9UgKolcM21DI2VI43fjf9PM+tU8OP591":{"chainKey":{"counter":3,"key":"xc7uQorUrP6/4JGnwiYTXfmVQZxNvRAhiX9kcHOLY3U="},"chainType":1,"messageKeys":{}}},"pendingPreKey":{"signedKeyId":16,"baseKey":"Ba/DpGT5cAbAQQ6xIuahvAxXF3Zw1G+TS7viPdJn0uBJ","preKeyId":770664}}},"version":"v1"}