{"_sessions":{"BX1bIfD0mrZmAOa2WtdzDuc+mgTNS75S0/eHBLxRS7NQ":{"registrationId":295077785,"currentRatchet":{"ephemeralKeyPair":{"pubKey":"BWL3I4fcpbnYBF1oEEy2L8nP4+0vXGDzrKfH3BpjWL9o","privKey":"yNbu9lcHb8tQojxYmy4njs+o56+5BS0S3ydce3xWLWk="},"lastRemoteEphemeralKey":"BVne2Rk5QQxM4SwLks80eBs/GH6Dr0mxxaYZ9sHX9Lt1","previousCounter":0,"rootKey":"4UGfuzUvmO4s0jQ8MTJ7QVtUkVLNpNP6+tolLkb7jqg="},"indexInfo":{"baseKey":"BX1bIfD0mrZmAOa2WtdzDuc+mgTNS75S0/eHBLxRS7NQ","baseKeyType":1,"closed":-1,"used":1682603060956,"created":1682603060956,"remoteIdentityKey":"BRva2zhxGv5lbOoQnu+NY8U84hZvIGKJawx/LwbnlO1Q"},"_chains":{"BWL3I4fcpbnYBF1oEEy2L8nP4+0vXGDzrKfH3BpjWL9o":{"chainKey":{"counter":360,"key":"s4CkDZOD5JHpaxAqs2zUARXHwdVa6LLkl60MtSaMWMg="},"chainType":1,"messageKeys":{}}},"pendingPreKey":{"signedKeyId":1,"baseKey":"BX1bIfD0mrZmAOa2WtdzDuc+mgTNS75S0/eHBLxRS7NQ","preKeyId":12579917}}},"version":"v1"}