{"_sessions":{"BQZ8qGLnql5sYcF+2spJjbpQqrs/PTYpHFYp07O+4nob":{"registrationId":724500368,"currentRatchet":{"ephemeralKeyPair":{"pubKey":"BfU7gsqMTpKK5R0vzGNClt7gSNhaTjDP9d4Z73uqPm97","privKey":"sEiCFMlW5sIbcfdOUBO+iMhcwAoKOYjnIka1sBwCpH4="},"lastRemoteEphemeralKey":"BeIujTxPm5FaJH+5hYWTCVmi1ufp+WXhB6dwslrDKJZS","previousCounter":0,"rootKey":"IvZ50o1d6HO5QMM2zqiwO3BIg/waVde4Iyqdas3ayS8="},"indexInfo":{"baseKey":"BQZ8qGLnql5sYcF+2spJjbpQqrs/PTYpHFYp07O+4nob","baseKeyType":1,"closed":-1,"used":1682603060876,"created":1682603060876,"remoteIdentityKey":"BXFovgQ3b9FHo8qs8MpEd5u2YyxIrMyffkOaMM9hjGUf"},"_chains":{"BfU7gsqMTpKK5R0vzGNClt7gSNhaTjDP9d4Z73uqPm97":{"chainKey":{"counter":360,"key":"jilkXZnniXlPkWiSDIbcHj4cBHVWbqf8qL6sSVkusUs="},"chainType":1,"messageKeys":{}}},"pendingPreKey":{"signedKeyId":2,"baseKey":"BQZ8qGLnql5sYcF+2spJjbpQqrs/PTYpHFYp07O+4nob","preKeyId":14151290}}},"version":"v1"}