{"_sessions":{"BdnRZcfgHVxoMsACDc3Ha69QFBBCy2T40mnQ+eF3621U":{"registrationId":12803,"currentRatchet":{"ephemeralKeyPair":{"pubKey":"BezWAC/QrKjRbPnWZoJ8kupVAS8IVOHp5RgfJV5H2DJW","privKey":"AK93eGH/dOuMSyZwI8b07ovnN+kRKywq1tZFHsxARlo="},"lastRemoteEphemeralKey":"Bctd7ailIBXtysvi9uPanJLk4n6vzdkSoihGlrLodR0p","previousCounter":0,"rootKey":"uplOXsEqLDHRNl89NXOUYugnYus9JVd0Z2Zto8qAbyA="},"indexInfo":{"baseKey":"BdnRZcfgHVxoMsACDc3Ha69QFBBCy2T40mnQ+eF3621U","baseKeyType":1,"closed":-1,"used":1682603060764,"created":1682603060764,"remoteIdentityKey":"BcDeKMUm48SF+p2VmpCcM4AN0+jgheX1Za/OkVmKmu0h"},"_chains":{"BezWAC/QrKjRbPnWZoJ8kupVAS8IVOHp5RgfJV5H2DJW":{"chainKey":{"counter":360,"key":"fR9x+T542lXUo33IRzLHofsvSMpuZLotQOzrflcNdGU="},"chainType":1,"messageKeys":{}}},"pendingPreKey":{"signedKeyId":1,"baseKey":"BdnRZcfgHVxoMsACDc3Ha69QFBBCy2T40mnQ+eF3621U"}}},"version":"v1"}