{"_sessions":{"BURm/RL1677pSM/vOhVPq9YGDp4ukUwJuEEYBP81y3Zd":{"registrationId":1215877487,"currentRatchet":{"ephemeralKeyPair":{"pubKey":"BSa7JnbEejfMlogsWNL49E5x5JxMeYiwUw2E3kYEgOUw","privKey":"wN7vrugsbKb4ZWqy67FlyzwbvnI/rXFcMIAhly0Og1o="},"lastRemoteEphemeralKey":"BQo4A7io2zN3r2OYL9S5KOPxRgqRuZGDkAcaYms56KUJ","previousCounter":0,"rootKey":"lh8RqQ3a9FajB7rCqMI0w2zzSxJls2vwdTm4L8P6lEg="},"indexInfo":{"baseKey":"BURm/RL1677pSM/vOhVPq9YGDp4ukUwJuEEYBP81y3Zd","baseKeyType":1,"closed":-1,"used":1682619374213,"created":1682619374213,"remoteIdentityKey":"BbfCdiiWj6qNlhJcD5nJRcTD/FolE3LGA/2vonnSWzpG"},"_chains":{"BSa7JnbEejfMlogsWNL49E5x5JxMeYiwUw2E3kYEgOUw":{"chainKey":{"counter":3,"key":"wJJ4dTfTV2692LNtjE4lB7NNKJpwGX8Jp9N05qmfC5k="},"chainType":1,"messageKeys":{}}},"pendingPreKey":{"signedKeyId":2,"baseKey":"BURm/RL1677pSM/vOhVPq9YGDp4ukUwJuEEYBP81y3Zd","preKeyId":479735}}},"version":"v1"}