{"_sessions":{"BdpkDuqLOmRZ48d/ktHAA7AueKvg9Wx/M2b9YaZQUD8M":{"registrationId":1161692832,"currentRatchet":{"ephemeralKeyPair":{"pubKey":"BSIe+ona5HE7T1chhYdR9DwetsK+wlqqdWERgiuxgNt4","privKey":"MJ+cXTJQhtFW44nVRTfxH4wsyqn3bNqyq4XU/7uE3lg="},"lastRemoteEphemeralKey":"BdxYa8ZPT/cqB82+VCibEXhX6ac7asC64Uj1+O1sy0ZA","previousCounter":0,"rootKey":"qLDpnG1RFBiSYxzYQhKVD+QGtLtAyB9KN9fRgZzzLHE="},"indexInfo":{"baseKey":"BdpkDuqLOmRZ48d/ktHAA7AueKvg9Wx/M2b9YaZQUD8M","baseKeyType":1,"closed":-1,"used":1682619374137,"created":1682619374137,"remoteIdentityKey":"BXQ37vxgyBYkkoTZ7QpQZ8wd9cO0NiN0dtgRbWA2BqYe"},"_chains":{"BSIe+ona5HE7T1chhYdR9DwetsK+wlqqdWERgiuxgNt4":{"chainKey":{"counter":3,"key":"tJmiozyPX7iiTsKf2ECxUcbWgrKDghx/6JKM1n69vmw="},"chainType":1,"messageKeys":{}}},"pendingPreKey":{"signedKeyId":15053589,"baseKey":"BdpkDuqLOmRZ48d/ktHAA7AueKvg9Wx/M2b9YaZQUD8M","preKeyId":81240}}},"version":"v1"}