{"_sessions":{"BXyHk2yUII8zu+zmMVFTyQH85Il3AKF1B6RWCpzwIkoK":{"registrationId":1777867944,"currentRatchet":{"ephemeralKeyPair":{"pubKey":"BUlA5JWqoNfh6Dk9/heXLM9DxFWEzts3qONYGk6gtSJG","privKey":"0KPUqQDq52ynUI3T9uTUg3FIi1rviDLqfxxiEdvd0HE="},"lastRemoteEphemeralKey":"BROMeJgtLb41N+dmluNhoKteHT4I+mYiFjk0JIuQdR0M","previousCounter":0,"rootKey":"0l2lB+f0aM8QMb7f5B0dCrwM2GrvXD3upwhC4WO0cUw="},"indexInfo":{"baseKey":"BXyHk2yUII8zu+zmMVFTyQH85Il3AKF1B6RWCpzwIkoK","baseKeyType":1,"closed":-1,"used":1682603061301,"created":1682603061301,"remoteIdentityKey":"BawMDv26o2KeRfmyHo1a1xfTC3SJZRnaKMSTCavftmI0"},"_chains":{"BUlA5JWqoNfh6Dk9/heXLM9DxFWEzts3qONYGk6gtSJG":{"chainKey":{"counter":360,"key":"hNw8trS6C6g6r0+hcozUynUxCmpniUJYJDfa8E+7Tx4="},"chainType":1,"messageKeys":{}}},"pendingPreKey":{"signedKeyId":4,"baseKey":"BXyHk2yUII8zu+zmMVFTyQH85Il3AKF1B6RWCpzwIkoK","preKeyId":7673798}}},"version":"v1"}