{"_sessions":{"BcTyDkEoJ9wYuodBGFlQOtUAPIiSgovkobKYAfYqWXtf":{"registrationId":1088771464,"currentRatchet":{"ephemeralKeyPair":{"pubKey":"BWtLcVrg2bnPeinW03sjJkHZMJokHExdiKTsm2RFkF4c","privKey":"GGxXGrxGCBHlcq1zE2FbusBAhTNW0BCg5uTEO4yiFlw="},"lastRemoteEphemeralKey":"BQm/D/BQmqdCScMYD64Q/508n/na911Y5p5MqvmMbLhw","previousCounter":0,"rootKey":"qH+PRBCfV2onWhQ3bJqJkusKGWF9RQJaIN/pTiwoTLY="},"indexInfo":{"baseKey":"BcTyDkEoJ9wYuodBGFlQOtUAPIiSgovkobKYAfYqWXtf","baseKeyType":1,"closed":-1,"used":1682603060807,"created":1682603060807,"remoteIdentityKey":"BcVOxuNGgyvQW0ukm5BHW7YdTocdn8GQR1Ybaf5GmDc+"},"_chains":{"BWtLcVrg2bnPeinW03sjJkHZMJokHExdiKTsm2RFkF4c":{"chainKey":{"counter":360,"key":"I7H9c3DnzL6+70OZqHru537phPBwH6JndRbx7+XATsA="},"chainType":1,"messageKeys":{}}},"pendingPreKey":{"signedKeyId":2,"baseKey":"BcTyDkEoJ9wYuodBGFlQOtUAPIiSgovkobKYAfYqWXtf","preKeyId":12589470}}},"version":"v1"}