{"_sessions":{"Bc1+Mg34KCJ0Jgu4a9wR3F4+mNIC5/zkMOFR9yDyadJ+":{"registrationId":589636008,"currentRatchet":{"ephemeralKeyPair":{"pubKey":"BdRgEn+kQRpbqSHW9vpLi9UYuEM/oymFvorXuzOBZGxa","privKey":"cNn74QhK5tBJb1q4zgoESoXv4Tn3ThmI296RRaS3e30="},"lastRemoteEphemeralKey":"BbOc9FgIob1/b0U1aW8kctNMCCSGHnbK09bzDWeNoUJE","previousCounter":0,"rootKey":"IdA8hyPZvsBdYGF+pJ02sj2bIpqfKVqzsMwsVgZhGzs="},"indexInfo":{"baseKey":"Bc1+Mg34KCJ0Jgu4a9wR3F4+mNIC5/zkMOFR9yDyadJ+","baseKeyType":1,"closed":-1,"used":1682603061332,"created":1682603061332,"remoteIdentityKey":"BZo5K9WkQCueXbczHUixOQUKMBMFGiAy8tbYfgTOea9/"},"_chains":{"BdRgEn+kQRpbqSHW9vpLi9UYuEM/oymFvorXuzOBZGxa":{"chainKey":{"counter":360,"key":"D56nPpgk7xCx3mxez6KbScsAEAXu6MUqqQv9nCT9/Gs="},"chainType":1,"messageKeys":{}}},"pendingPreKey":{"signedKeyId":10,"baseKey":"Bc1+Mg34KCJ0Jgu4a9wR3F4+mNIC5/zkMOFR9yDyadJ+","preKeyId":2935671}}},"version":"v1"}