{"_sessions":{"BaRT3t7GdT/V8oJhiDcmFJnQwHrRtC1DD6mCIDMfMss0":{"registrationId":401250205,"currentRatchet":{"ephemeralKeyPair":{"pubKey":"BaJLMb5v39zWVIqfUKFl2G3K/XIo6MJEQzrmp5Jh0N1E","privKey":"6DRl2I8b1+775u07mF5qXl4bEjK8uGbSBP+AD5gShkU="},"lastRemoteEphemeralKey":"BaSjvgW2JQHzaDmmKtSa4e48djTqHocvqyV5nYzgkmBh","previousCounter":0,"rootKey":"OZRwys5eZbub6QwrhGt5GpKaZ8Xn7NfuglJ2kgv1Fw0="},"indexInfo":{"baseKey":"BaRT3t7GdT/V8oJhiDcmFJnQwHrRtC1DD6mCIDMfMss0","baseKeyType":1,"closed":-1,"used":1682619373981,"created":1682619373981,"remoteIdentityKey":"BRALasb22lnHmGRd42EIsmhye4HZL+0+MO4P+6rr1+lR"},"_chains":{"BaJLMb5v39zWVIqfUKFl2G3K/XIo6MJEQzrmp5Jh0N1E":{"chainKey":{"counter":3,"key":"QfeKmcr2aLDFlrcx7SpJlb8Zv8UW17u6bvGB8wULdWE="},"chainType":1,"messageKeys":{}}},"pendingPreKey":{"signedKeyId":0,"baseKey":"BaRT3t7GdT/V8oJhiDcmFJnQwHrRtC1DD6mCIDMfMss0","preKeyId":8492936}}},"version":"v1"}