{"_sessions":{"BXQP4ZP1jP3mQhljcBL5afFm2AB5pQvJkawJY9EabmpN":{"registrationId":591927750,"currentRatchet":{"ephemeralKeyPair":{"pubKey":"BeaCBmJsrV8GZio8aRLNos8bYmIbahQ5DXJ91CC2bTAT","privKey":"AJNCXjwcsAWQerji69txu+L4jnvgfBAGztupXYKvA0c="},"lastRemoteEphemeralKey":"BWhLnh9vAB7b4ZT/DR3APBuGMU9B6da9TReVMktFOKYJ","previousCounter":0,"rootKey":"NC15iWTzjfPQxlbrQAsPohCrk+5albWRYAkecS29W0Q="},"indexInfo":{"baseKey":"BXQP4ZP1jP3mQhljcBL5afFm2AB5pQvJkawJY9EabmpN","baseKeyType":1,"closed":-1,"used":1682603061156,"created":1682603061156,"remoteIdentityKey":"BTDFjMncM9MrjAVJltAg4l/gwLv9bdk8q9Qu+BIBnfkh"},"_chains":{"BeaCBmJsrV8GZio8aRLNos8bYmIbahQ5DXJ91CC2bTAT":{"chainKey":{"counter":360,"key":"gvuFu6gRpCD8CYn7I2d1nWgEeRCvuYt13W0DtB4OPOg="},"chainType":1,"messageKeys":{}}},"pendingPreKey":{"signedKeyId":2,"baseKey":"BXQP4ZP1jP3mQhljcBL5afFm2AB5pQvJkawJY9EabmpN","preKeyId":783887}}},"version":"v1"}