{"_sessions":{"Ber6qG/7RCWrNgm/5U5EcXH06yTu17rri7g8zYhhDGt1":{"registrationId":157724325,"currentRatchet":{"ephemeralKeyPair":{"pubKey":"BeoNsEStFI8ZwFGltiJDhZz2wMOy7AH7Gk4HbOmKUBQu","privKey":"qMJh+s/g4MTz/eGDAqzxU/D2V3w8C7NzxDQ7GJQHpXs="},"lastRemoteEphemeralKey":"BQhlhAe38m2u4UD11f81PVD10Qp9ZjPCrn29k7vLaBJ0","previousCounter":0,"rootKey":"LlM4JJA8w81WOQm4bH211rdf2OYhE8aAwFL/GTrvY/U="},"indexInfo":{"baseKey":"Ber6qG/7RCWrNgm/5U5EcXH06yTu17rri7g8zYhhDGt1","baseKeyType":1,"closed":-1,"used":1682619373990,"created":1682619373990,"remoteIdentityKey":"BdjIm/hWNan6U5KcuxOIk/S/1GCMU0BDMduovhl9dPB5"},"_chains":{"BeoNsEStFI8ZwFGltiJDhZz2wMOy7AH7Gk4HbOmKUBQu":{"chainKey":{"counter":3,"key":"FSx72As+KIR9rAp0uv9DtRKe8FZaJ+WD+A+oHxqgDkQ="},"chainType":1,"messageKeys":{}}},"pendingPreKey":{"signedKeyId":1,"baseKey":"Ber6qG/7RCWrNgm/5U5EcXH06yTu17rri7g8zYhhDGt1","preKeyId":16613889}}},"version":"v1"}