{"_sessions":{"BTowgBfCk8xjvWuM6g/ucRbb32lApN2YHDlD7r3Lz5Ra":{"registrationId":1504,"currentRatchet":{"ephemeralKeyPair":{"pubKey":"BfkqLtzXkSRyMJiRCNwjZcyDVjmWioDsCEphdwVZz8gK","privKey":"iHFzQ2SjojEUKkksWzyyy2X3WtKt6iTT/+Qw0FDiiHQ="},"lastRemoteEphemeralKey":"BaIgdMQ58opKZzK1H5VLj/y4kxHY6ofqp+ziaQDJbo0r","previousCounter":0,"rootKey":"r3MVQflorBpKeMdMf9xnrkKh4juf+2QI2RhASsrkzRw="},"indexInfo":{"baseKey":"BTowgBfCk8xjvWuM6g/ucRbb32lApN2YHDlD7r3Lz5Ra","baseKeyType":1,"closed":-1,"used":1682619373840,"created":1682619373840,"remoteIdentityKey":"BZHivCc9CYrdQRt/RMEzu4mkd7RIwZq0x5gFbGDPKxht"},"_chains":{"BfkqLtzXkSRyMJiRCNwjZcyDVjmWioDsCEphdwVZz8gK":{"chainKey":{"counter":3,"key":"Xqk4Vxh6oF41tkFb9Vjcf0l0CEdvD7ZQUTgH+UA5mHQ="},"chainType":1,"messageKeys":{}}},"pendingPreKey":{"signedKeyId":4,"baseKey":"BTowgBfCk8xjvWuM6g/ucRbb32lApN2YHDlD7r3Lz5Ra","preKeyId":7828}}},"version":"v1"}