{"_sessions":{"Bc2NpwFs9z8NvGneUd6j4nzDi2XLN7igHJQbKU5gF/9Z":{"registrationId":756307797,"currentRatchet":{"ephemeralKeyPair":{"pubKey":"BU/mcNdrNrosg+nZpCSQoYRxDkTlVmfYDF0HhKVaIWpF","privKey":"CNVWFUUsrsDffuTeKDY5CHxB3XsfggDCAoa7oX4+Omg="},"lastRemoteEphemeralKey":"BUyGNk1BBgBtLaXX1mIE1yedNShnvnVF9Yse6DhAigpb","previousCounter":0,"rootKey":"zFSqs8s9uuE/YyNIelIU+btbe2k90t64lqv4GL3JVY8="},"indexInfo":{"baseKey":"Bc2NpwFs9z8NvGneUd6j4nzDi2XLN7igHJQbKU5gF/9Z","baseKeyType":1,"closed":-1,"used":1682619373873,"created":1682619373873,"remoteIdentityKey":"BU2op01INkMcr01UumLqajkrB7YY24wlKD3Y5LFge0gr"},"_chains":{"BU/mcNdrNrosg+nZpCSQoYRxDkTlVmfYDF0HhKVaIWpF":{"chainKey":{"counter":3,"key":"VklIr85eAmc1+Uoz8OD+2wUHL4KnNf4V6JILt7+TFd0="},"chainType":1,"messageKeys":{}}},"pendingPreKey":{"signedKeyId":809694,"baseKey":"Bc2NpwFs9z8NvGneUd6j4nzDi2XLN7igHJQbKU5gF/9Z","preKeyId":17683}}},"version":"v1"}