{"_sessions":{"BVmrKhXWZlhfdlJcKmEwP1YcApM5G1G2LDv/jC6cD0wI":{"registrationId":171188973,"currentRatchet":{"ephemeralKeyPair":{"pubKey":"BdDIm48o/nRUD2zlPM84/dEV4k+cts/3VrtwQch3DLhd","privKey":"YD2FtRujrDl9zTb8fAbAHU/TXZH78g5ls65kvljJFGE="},"lastRemoteEphemeralKey":"BTvgY2yh8tUfuVH95K+C1QetFizL5EIDIg1bIOmuY6JC","previousCounter":0,"rootKey":"fWtNLaO1qUZGZo1hq1bHYtqohYLOdzJ/jHx3uU1fTs8="},"indexInfo":{"baseKey":"BVmrKhXWZlhfdlJcKmEwP1YcApM5G1G2LDv/jC6cD0wI","baseKeyType":1,"closed":-1,"used":1682603061005,"created":1682603061005,"remoteIdentityKey":"BQMfVYM7FNFt13nHg12GfB1zx9pXqHshE4YVbvJzKfUo"},"_chains":{"BdDIm48o/nRUD2zlPM84/dEV4k+cts/3VrtwQch3DLhd":{"chainKey":{"counter":360,"key":"rcm2da3/tdEExnuYtYOiPG7bCNljwJVBXRUxnDJf77U="},"chainType":1,"messageKeys":{}}},"pendingPreKey":{"signedKeyId":0,"baseKey":"BVmrKhXWZlhfdlJcKmEwP1YcApM5G1G2LDv/jC6cD0wI"}}},"version":"v1"}