{"_sessions":{"BffxXBxADGsbyQoU3Q1Io5gdXABJaWQrB74pHjpzYeEI":{"registrationId":12519,"currentRatchet":{"ephemeralKeyPair":{"pubKey":"BddiLokkhr7WzcYxV2/UumzDiojgWewew90RyRLB7S4y","privKey":"4PXIwZiG1RC3b9NcK9U3WXzHvD6P3x5yiMmAOkOJK0Q="},"lastRemoteEphemeralKey":"BWa7tJAH1CVIZG/WDEys2aBmUyQRETwkpZaHTlUv+qwL","previousCounter":0,"rootKey":"0yLtSKthmVQQfMgeIJVG8i/FRHBLKesP8QeC+AQLRB4="},"indexInfo":{"baseKey":"BffxXBxADGsbyQoU3Q1Io5gdXABJaWQrB74pHjpzYeEI","baseKeyType":1,"closed":-1,"used":1682619373832,"created":1682619373832,"remoteIdentityKey":"BfuyaMcOGN0Z48nYN/7NNZhZAN6yer9iY4nMm1yctCBY"},"_chains":{"BddiLokkhr7WzcYxV2/UumzDiojgWewew90RyRLB7S4y":{"chainKey":{"counter":3,"key":"waDzdHIsEFmmafHL26rBRlNz5H3fuEoCS5Jow9k+LOo="},"chainType":1,"messageKeys":{}}},"pendingPreKey":{"signedKeyId":1,"baseKey":"BffxXBxADGsbyQoU3Q1Io5gdXABJaWQrB74pHjpzYeEI"}}},"version":"v1"}