{"_sessions":{"BS8yIWy14qL2osxOYYixFth/J6h9LaIPB7Xn6OubB5Ql":{"registrationId":529465393,"currentRatchet":{"ephemeralKeyPair":{"pubKey":"BcSqupIxIA0n5Two/lxy9ZuvcQQ2x0G3mNPKJiwu+JVB","privKey":"kIFYDgvlV4G90tfJL69e9bngWOGfTz+fEs+Eya6WZVU="},"lastRemoteEphemeralKey":"BVGv/7ce9U4JqBT4Il4rX/XZPPSnlj0zbEgT0/6758sM","previousCounter":0,"rootKey":"mPR0FR3awlrguPYKk80W4WtkgVE6btnv5gF9++UXgBU="},"indexInfo":{"baseKey":"BS8yIWy14qL2osxOYYixFth/J6h9LaIPB7Xn6OubB5Ql","baseKeyType":1,"closed":-1,"used":1682603060999,"created":1682603060999,"remoteIdentityKey":"BYFpQqHD6iqTwzWwznrReAtV2TiJk/mfRLVKCpOpvF5U"},"_chains":{"BcSqupIxIA0n5Two/lxy9ZuvcQQ2x0G3mNPKJiwu+JVB":{"chainKey":{"counter":360,"key":"G6ID3LHmzKEqBCxuEWICxzWKx7ucXfNCSi0/gxewExg="},"chainType":1,"messageKeys":{}}},"pendingPreKey":{"signedKeyId":1,"baseKey":"BS8yIWy14qL2osxOYYixFth/J6h9LaIPB7Xn6OubB5Ql","preKeyId":6808311}}},"version":"v1"}