{"_sessions":{"BW6/Xpq2P4gBJcsCgk7H23vU+2KFT2G7pVlV5XGIk7sx":{"registrationId":645554082,"currentRatchet":{"ephemeralKeyPair":{"pubKey":"BZboO6ucVCdyYO5/wiRz3yPyM1iQcdEloY6/lMA0Hjhh","privKey":"iDHhth2NFJ2m9oSOw5LDD22NrWuvBQjnyO6vXxMMgkA="},"lastRemoteEphemeralKey":"BUXKt3V3i1iAVIO3y3jX6O9dhObOtv7mPMF1z4zb6VFx","previousCounter":0,"rootKey":"4J0blXorR1EMqubQ/+uPTuAtUQRTaJIQVQsBhsCzzr8="},"indexInfo":{"baseKey":"BW6/Xpq2P4gBJcsCgk7H23vU+2KFT2G7pVlV5XGIk7sx","baseKeyType":1,"closed":-1,"used":1682619373989,"created":1682619373989,"remoteIdentityKey":"BQK0FatrtUdxDpIzUCsNEnvDHcKlhrBZlx0kPRAqcwpa"},"_chains":{"BZboO6ucVCdyYO5/wiRz3yPyM1iQcdEloY6/lMA0Hjhh":{"chainKey":{"counter":3,"key":"sLxcuhS3rfIlIYvxKQ8AHnjjF2RbGl2Oc/BtQaU7QXM="},"chainType":1,"messageKeys":{}}},"pendingPreKey":{"signedKeyId":12,"baseKey":"BW6/Xpq2P4gBJcsCgk7H23vU+2KFT2G7pVlV5XGIk7sx"}}},"version":"v1"}