{"_sessions":{"BZgqbOPLsu9/H1VQBetKtGdJJ6WRMiWExPuw7WJpZsJC":{"registrationId":1818362456,"currentRatchet":{"ephemeralKeyPair":{"pubKey":"BcLZupt64ZjQTu8DIUnkzgzMFNU3NBAmqn30IrrUZpQQ","privKey":"yC0VIem5DewABikVtQxUWm4H9YAEdSHvvvqgByOEqVI="},"lastRemoteEphemeralKey":"Bdw6nwxerCOGgdZmfHzcgxt2DuUvel9TUwF2jHlDGOYH","previousCounter":0,"rootKey":"4h7S7ETrPjfQiSR6qIOaezimVY1Y4QB7J91Co4tF+44="},"indexInfo":{"baseKey":"BZgqbOPLsu9/H1VQBetKtGdJJ6WRMiWExPuw7WJpZsJC","baseKeyType":1,"closed":-1,"used":1682619374185,"created":1682619374185,"remoteIdentityKey":"BWvEzTbxML5wJjz+mOgHauY+iKom9I0vz128f8G/66pI"},"_chains":{"BcLZupt64ZjQTu8DIUnkzgzMFNU3NBAmqn30IrrUZpQQ":{"chainKey":{"counter":3,"key":"SIPxRFuI6Lnp6ONYCl2ppBL26TfcRRsY1AK0+Uv5kUg="},"chainType":1,"messageKeys":{}}},"pendingPreKey":{"signedKeyId":2,"baseKey":"BZgqbOPLsu9/H1VQBetKtGdJJ6WRMiWExPuw7WJpZsJC","preKeyId":10267972}}},"version":"v1"}