{"_sessions":{"BcSFQgvEIZbfAMCJKD6kIq/TYQ6mIvQ6oZ+bfRZW52ZW":{"registrationId":1606479371,"currentRatchet":{"ephemeralKeyPair":{"pubKey":"Bd3UspM10RckMcOkkb1Gdn8PyXM83Mu932cWBoJbDbs8","privKey":"ABRSg2trbor50kFxuC5ipdWhjdg6q0BrbWdA6BNddUA="},"lastRemoteEphemeralKey":"BWqpPHMTVruiDjdZP+D5vAlr97gH1eoSbnFtxbPvYYQT","previousCounter":0,"rootKey":"WV8hZf/Ir5quBs7scRLiFPEb4H0Wv4o/CxKA82+CmJY="},"indexInfo":{"baseKey":"BcSFQgvEIZbfAMCJKD6kIq/TYQ6mIvQ6oZ+bfRZW52ZW","baseKeyType":1,"closed":-1,"used":1682603061000,"created":1682603061000,"remoteIdentityKey":"BfE5gzh4i0uD6z92jgwAA0kMF1SgNZwhifY4Ik+1w+1O"},"_chains":{"Bd3UspM10RckMcOkkb1Gdn8PyXM83Mu932cWBoJbDbs8":{"chainKey":{"counter":360,"key":"xTvfO+UNTv+PW9XKA+uaO4Ib7JlvGELojafkAQKNB90="},"chainType":1,"messageKeys":{}}},"pendingPreKey":{"signedKeyId":1,"baseKey":"BcSFQgvEIZbfAMCJKD6kIq/TYQ6mIvQ6oZ+bfRZW52ZW","preKeyId":9914933}}},"version":"v1"}