{"_sessions":{"BbiRw5S9wTeM0C70fpScfJcfRt9uFziGQKds/OIcsFI7":{"registrationId":2078318652,"currentRatchet":{"ephemeralKeyPair":{"pubKey":"Bei3uhxtddML6/M3R68LjxLpnt/wKNUTWfBtrAit8i90","privKey":"8OfjHu0z//XFzHd853bpvR0XJywBJYe8yYRdqX5pMko="},"lastRemoteEphemeralKey":"BbzGjX1rFCW+q7L+/ASamk15hdo1jf15h4gelb+SpxcX","previousCounter":0,"rootKey":"p/413gAK0UFu2hdAmk4e71yyC9TT/00CztV0nS+a8Gw="},"indexInfo":{"baseKey":"BbiRw5S9wTeM0C70fpScfJcfRt9uFziGQKds/OIcsFI7","baseKeyType":1,"closed":-1,"used":1682603061228,"created":1682603061228,"remoteIdentityKey":"BacQtDP+AhGJUCKUXh4lAmhOtU/RBojkfCrSdb11T6kP"},"_chains":{"Bei3uhxtddML6/M3R68LjxLpnt/wKNUTWfBtrAit8i90":{"chainKey":{"counter":360,"key":"fSbHLTLPg6HxBQDYqp73RhApgqlZaxgLr1uzaESmO8M="},"chainType":1,"messageKeys":{}}},"pendingPreKey":{"signedKeyId":0,"baseKey":"BbiRw5S9wTeM0C70fpScfJcfRt9uFziGQKds/OIcsFI7"}}},"version":"v1"}