{"_sessions":{"BWtafLFAYEcDBQrhIycbPBqQwWnLJ5Uq4q+mQu6Ghthe":{"registrationId":2099997913,"currentRatchet":{"ephemeralKeyPair":{"pubKey":"BXFvUk7ST1VwIpPJz8yX5iASCm/VHnoAJzZB7vGqJdhP","privKey":"aHSIxvubKpLY4H5lfFTsrsId3Z+TjpiRMFUjpcevPV0="},"lastRemoteEphemeralKey":"BYgmKlHmh6pfq+yCgZ3DpEZu2/SwJ9AUo/M7tfieIx5W","previousCounter":0,"rootKey":"ZphnrVh1GQJSxSGfdMNQ9Hjv0dAkGXhDIdiap+i+yZg="},"indexInfo":{"baseKey":"BWtafLFAYEcDBQrhIycbPBqQwWnLJ5Uq4q+mQu6Ghthe","baseKeyType":1,"closed":-1,"used":1682619373976,"created":1682619373976,"remoteIdentityKey":"BS5c08LR/sABiLusRql1AXBh+g1ihX3hGUu/ssusRcgo"},"_chains":{"BXFvUk7ST1VwIpPJz8yX5iASCm/VHnoAJzZB7vGqJdhP":{"chainKey":{"counter":3,"key":"MgJ/AjQSO2my1lBDdYC+vIBX/cJb4TahMold6EvWxC0="},"chainType":1,"messageKeys":{}}},"pendingPreKey":{"signedKeyId":0,"baseKey":"BWtafLFAYEcDBQrhIycbPBqQwWnLJ5Uq4q+mQu6Ghthe","preKeyId":8175376}}},"version":"v1"}