{"_sessions":{"BaeFzx1ScuE0DnXVLi69FMMg9HYZ7jggjvoIR+AbLtJM":{"registrationId":1457956371,"currentRatchet":{"ephemeralKeyPair":{"pubKey":"BVYZFR/JKNWNpiMX9MtSq9mbdZKlcA16EIt5lWMzUv8n","privKey":"SP9Tsc5bIfai5n62hbDsewd0SR94Wo0EPoq+RQgblHs="},"lastRemoteEphemeralKey":"BbHlP4hEVTyMe6jctTGLuIQII8xs5cWBauyb3vqqcKBP","previousCounter":0,"rootKey":"iYWg14seXJRs8fl1k+I1qHkuQiwFAvAhIJaXJHbC1dM="},"indexInfo":{"baseKey":"BaeFzx1ScuE0DnXVLi69FMMg9HYZ7jggjvoIR+AbLtJM","baseKeyType":1,"closed":-1,"used":1682619374216,"created":1682619374216,"remoteIdentityKey":"BekjrtuivM5/FNDBt9YF13K1c7U5qz42GAGLSDQiI75N"},"_chains":{"BVYZFR/JKNWNpiMX9MtSq9mbdZKlcA16EIt5lWMzUv8n":{"chainKey":{"counter":3,"key":"YXYGjZUo9eE1tkG4qY6EIKHdZG2Qt1Qey20DcxitrqA="},"chainType":1,"messageKeys":{}}},"pendingPreKey":{"signedKeyId":2,"baseKey":"BaeFzx1ScuE0DnXVLi69FMMg9HYZ7jggjvoIR+AbLtJM"}}},"version":"v1"}