{"_sessions":{"BQdQRqEM8SWjCCHaTt9dNf0YcbaMEd/QD15YwvT0hw0Z":{"registrationId":593396699,"currentRatchet":{"ephemeralKeyPair":{"pubKey":"BVx2LQQOQ4aUQ2J9t9LM5nbqDm8Y9Y9RtHA2V5bAeHVt","privKey":"WFsVcTuzsd3LEBo3HvOjHuo/CsLsKxgBrPEVJ5klvHg="},"lastRemoteEphemeralKey":"Be1YRXaTWEYkUOyCmbOiueghF9XXw3bh0g4c1lIPl/pB","previousCounter":0,"rootKey":"iW218wQGrT+zHnpzTj1D6g7QAG2alGRW3+Dsx8MXcZc="},"indexInfo":{"baseKey":"BQdQRqEM8SWjCCHaTt9dNf0YcbaMEd/QD15YwvT0hw0Z","baseKeyType":1,"closed":-1,"used":1682619373968,"created":1682619373968,"remoteIdentityKey":"BSejKL/7smgeuLdJ8sMU1A74f09ETQEn0XOyUrr4NPce"},"_chains":{"BVx2LQQOQ4aUQ2J9t9LM5nbqDm8Y9Y9RtHA2V5bAeHVt":{"chainKey":{"counter":3,"key":"Wa+73eHABOZhOsM484EY9OMNBCTBZGiqvAvCJ18Wf0I="},"chainType":1,"messageKeys":{}}},"pendingPreKey":{"signedKeyId":2,"baseKey":"BQdQRqEM8SWjCCHaTt9dNf0YcbaMEd/QD15YwvT0hw0Z","preKeyId":8952945}}},"version":"v1"}