{"_sessions":{"BTOmnmxdURNDEHTMEUNE87evEZOlml1fqL0VTEL5Uwpx":{"registrationId":867508252,"currentRatchet":{"ephemeralKeyPair":{"pubKey":"BRhncdMPHV5mAKBVvBjeRNMr/R+/PGB39jN/FnV2vnA/","privKey":"sDhnvNrXpX/jmKMreFYICtpmTv4MOHYXhYejbWm2gVQ="},"lastRemoteEphemeralKey":"BbJpbO9rWJihfOzfXxWQX+QgzZrtQRYN/90m/pJ92fhF","previousCounter":0,"rootKey":"hv0XTW1sRSsHiFB8jVDkXA1L+uiVBXuTBa2CBQFJfJU="},"indexInfo":{"baseKey":"BTOmnmxdURNDEHTMEUNE87evEZOlml1fqL0VTEL5Uwpx","baseKeyType":1,"closed":-1,"used":1682619374217,"created":1682619374217,"remoteIdentityKey":"Bamjv/97DNtX/3haVI72oPdOyAyZyVFmxlvSvZn8CYd4"},"_chains":{"BRhncdMPHV5mAKBVvBjeRNMr/R+/PGB39jN/FnV2vnA/":{"chainKey":{"counter":3,"key":"V4MGzPzOTVYPjN3PkiOYJWberO7EISxyM053RYn/D1o="},"chainType":1,"messageKeys":{}}},"pendingPreKey":{"signedKeyId":5,"baseKey":"BTOmnmxdURNDEHTMEUNE87evEZOlml1fqL0VTEL5Uwpx","preKeyId":349875}}},"version":"v1"}