{"_sessions":{"BUqVWBL9o60jALwXpDf+aohh7s5jTqKBjG2d7N62dNAv":{"registrationId":185605366,"currentRatchet":{"ephemeralKeyPair":{"pubKey":"Bd7ZInv7kflFdEZR3jYMMWwAeE2DErcZ0DW1/V8bn6N5","privKey":"4MsZlL5ITkyMKoIGZI1KLwandUBbCMZ5yFrwi1yib24="},"lastRemoteEphemeralKey":"BcJbTkGUHqOp5UeMVlZ7pmY68pxBW9Cr0pX4m6C/RmJZ","previousCounter":0,"rootKey":"+2rbtHfHrnu3BxgixcW4KeGKLgW9NR+tZjm5yQbCpi8="},"indexInfo":{"baseKey":"BUqVWBL9o60jALwXpDf+aohh7s5jTqKBjG2d7N62dNAv","baseKeyType":1,"closed":-1,"used":1682619373865,"created":1682619373865,"remoteIdentityKey":"Bb9X3OlLu/qb7DKmtv/pVWNDMVgBWOOb1KcM6J66qJgv"},"_chains":{"Bd7ZInv7kflFdEZR3jYMMWwAeE2DErcZ0DW1/V8bn6N5":{"chainKey":{"counter":3,"key":"cqQLHLgqivfGtr7eGEp+Yl+C+41c9zF/Rgl6olYWC9A="},"chainType":1,"messageKeys":{}}},"pendingPreKey":{"signedKeyId":0,"baseKey":"BUqVWBL9o60jALwXpDf+aohh7s5jTqKBjG2d7N62dNAv"}}},"version":"v1"}