{"_sessions":{"BaYnwA+uk3dEGvVRATpQbhJOS7Yj4MBDnw4qnkRgIoNF":{"registrationId":265851409,"currentRatchet":{"ephemeralKeyPair":{"pubKey":"BSUHrwSLaHuWQqAvHYISxB9LGz6HDd919b2mI7RqDQxp","privKey":"AKtSbQu8Icvj1LSDCe7oM2fq/AoV9bwRB0VIGt4sNW8="},"lastRemoteEphemeralKey":"BTVyQEO9w+VjwK1gywbbiTVb0OdbQEFZUjdlO1/MRUM8","previousCounter":0,"rootKey":"lLHi/Av+nSCcaVz4W3xvb/gln5BQpnvUYq5lajcnIb4="},"indexInfo":{"baseKey":"BaYnwA+uk3dEGvVRATpQbhJOS7Yj4MBDnw4qnkRgIoNF","baseKeyType":1,"closed":-1,"used":1682603061138,"created":1682603061138,"remoteIdentityKey":"BdzEmbDJTOicRn72M8+4Ml1kpJDog8JDFJBBQFT9X7lP"},"_chains":{"BSUHrwSLaHuWQqAvHYISxB9LGz6HDd919b2mI7RqDQxp":{"chainKey":{"counter":360,"key":"0nkXeqIP5DN9T4kpNHUbbHBUCtdeVNpGXmbYhPfdkfM="},"chainType":1,"messageKeys":{}}},"pendingPreKey":{"signedKeyId":9,"baseKey":"BaYnwA+uk3dEGvVRATpQbhJOS7Yj4MBDnw4qnkRgIoNF","preKeyId":10211673}}},"version":"v1"}