{"_sessions":{"BS9DjXKB4WhCtuXPRWODjls0PqF8WrToBCJ8acd1cHsK":{"registrationId":512893360,"currentRatchet":{"ephemeralKeyPair":{"pubKey":"BS+hdwIhIsF47xVV0aSqgyAoSquFo1qKb/GsycdVquNy","privKey":"cA4kka5Yj+OdpIyNHfbbUfZNWlH5OKJkwuN8GbVNe0A="},"lastRemoteEphemeralKey":"BV9VapTn3jNvwYPgGdgcJ617/S0sSwPu4+79mDUs4ZRo","previousCounter":0,"rootKey":"52BWKPgLuCweoqqpZrszg26m1xBwyTBk5Sc5LcSbAXE="},"indexInfo":{"baseKey":"BS9DjXKB4WhCtuXPRWODjls0PqF8WrToBCJ8acd1cHsK","baseKeyType":1,"closed":-1,"used":1682619374103,"created":1682619374103,"remoteIdentityKey":"Bdy2fgsWoSMG4g6jhDb6Tw5VVbJjcfb1HaGCd0wKj15R"},"_chains":{"BS+hdwIhIsF47xVV0aSqgyAoSquFo1qKb/GsycdVquNy":{"chainKey":{"counter":3,"key":"gy74nted3uCcMD20vppmvJksAoWJmo/+Os0oZ4yLjIY="},"chainType":1,"messageKeys":{}}},"pendingPreKey":{"signedKeyId":6,"baseKey":"BS9DjXKB4WhCtuXPRWODjls0PqF8WrToBCJ8acd1cHsK"}}},"version":"v1"}