{"_sessions":{"BWqbkPbkRwHw00zdJtWXQaUL0uXu7u9wbV7dXNLGmQNi":{"registrationId":22198086,"currentRatchet":{"ephemeralKeyPair":{"pubKey":"BcxFm4kc+HRI/gThF0jlSoaFkMZouht0mqkrjXDgshhO","privKey":"cGbr9qaGEnOpLYXyMotR6n80ATes4OV72DFffctAul0="},"lastRemoteEphemeralKey":"BV2pkZp2bL+nJCdDS8IdhBsBDeF0lskyFD0bmBtpdWEj","previousCounter":0,"rootKey":"Rwlep5oJgYyrvk6wn5jLcXBpkrn3MvOikV/gIw7kf90="},"indexInfo":{"baseKey":"BWqbkPbkRwHw00zdJtWXQaUL0uXu7u9wbV7dXNLGmQNi","baseKeyType":1,"closed":-1,"used":1682603060937,"created":1682603060937,"remoteIdentityKey":"BVLrUBICGAIcdUWtJl6VzzSvKZY8Xe1KK61goT2ZOTZZ"},"_chains":{"BcxFm4kc+HRI/gThF0jlSoaFkMZouht0mqkrjXDgshhO":{"chainKey":{"counter":360,"key":"o6ZxD9N2la8lmivK4zi7tkZXDNX7igb6zugQrFLcLSw="},"chainType":1,"messageKeys":{}}},"pendingPreKey":{"signedKeyId":3,"baseKey":"BWqbkPbkRwHw00zdJtWXQaUL0uXu7u9wbV7dXNLGmQNi","preKeyId":8562954}}},"version":"v1"}