{"_sessions":{"BQUw0r4sVQp3L2cc4MgE0wkyZ0/zOQ1vx3OsG4OK7shP":{"registrationId":888619310,"currentRatchet":{"ephemeralKeyPair":{"pubKey":"BbDsABBrOkKq7L+AI6cAoX/0+jY1GJYLcTHFeXjat4Mb","privKey":"GA05kFeGkYz8E2ysDJlOPyqzcw7INf7IaO802Tr9Zkk="},"lastRemoteEphemeralKey":"BWX6TfPShXm3usAa3uA7nq/ocI9hLpgKDuFWtjJtImhG","previousCounter":0,"rootKey":"rk9r7aU1EqBJ8DbNM0g+IlWIeQ6jdjRvbRez/GRt/2s="},"indexInfo":{"baseKey":"BQUw0r4sVQp3L2cc4MgE0wkyZ0/zOQ1vx3OsG4OK7shP","baseKeyType":1,"closed":-1,"used":1682603060940,"created":1682603060940,"remoteIdentityKey":"BeSQt1x7boxCLoEmiNiH4YSH6wVrI9GqlAy1wy3eC4d8"},"_chains":{"BbDsABBrOkKq7L+AI6cAoX/0+jY1GJYLcTHFeXjat4Mb":{"chainKey":{"counter":360,"key":"RWHr2fUmlOjcWxdpSzlCH/GQ09Fn84/13/89Oy0XkyU="},"chainType":1,"messageKeys":{}}},"pendingPreKey":{"signedKeyId":1,"baseKey":"BQUw0r4sVQp3L2cc4MgE0wkyZ0/zOQ1vx3OsG4OK7shP"}}},"version":"v1"}