{"_sessions":{"BaJFhuUZFpN/81ILJ+MWOvNqUQHhYS7Kps4wPezjLTh/":{"registrationId":630323720,"currentRatchet":{"ephemeralKeyPair":{"pubKey":"BZI6ws3PjR7RA/zrqkfHIaRocDjYOzGVP5I4m/qhNR4X","privKey":"KNwiDE4jb8muHzSb1UHEstz9/enOc0+26f0NO1f40UQ="},"lastRemoteEphemeralKey":"Bbif295j5epeHmZf+wLWGNQv07IQyG15k/5jueJgQcl9","previousCounter":0,"rootKey":"NiXnELr4eCChvOOVm+qgAhaSHaya4USvsgrEOpcnBEg="},"indexInfo":{"baseKey":"BaJFhuUZFpN/81ILJ+MWOvNqUQHhYS7Kps4wPezjLTh/","baseKeyType":1,"closed":-1,"used":1682619373952,"created":1682619373952,"remoteIdentityKey":"BYERHzicA/gkRZRc1UYVAEIPc6TZHojhng/lcdQq9d4g"},"_chains":{"BZI6ws3PjR7RA/zrqkfHIaRocDjYOzGVP5I4m/qhNR4X":{"chainKey":{"counter":3,"key":"rgtTmPLibG0cmAeGlOj9yD4z+dHz9+8h5zewpChZ4vY="},"chainType":1,"messageKeys":{}}},"pendingPreKey":{"signedKeyId":3,"baseKey":"BaJFhuUZFpN/81ILJ+MWOvNqUQHhYS7Kps4wPezjLTh/","preKeyId":3445307}}},"version":"v1"}