{"_sessions":{"BQnYbxtCtMlqglsuOvu7VpMehMTA5LgoJihsTSJqrdBo":{"registrationId":1444924703,"currentRatchet":{"ephemeralKeyPair":{"pubKey":"BXyk1jc8reUAjH1v6DFupQ2xI8g6FUkO+OP+lCiWyQ5g","privKey":"EJfgO77nbO8dNi8zTSSALsrDwC/lyhUiYpJ5G9vWJk8="},"lastRemoteEphemeralKey":"BT8D1HQmOK0PO/ok9xEdDsYQoaUBjzCUsaPmpeKafs1u","previousCounter":0,"rootKey":"YUMd4SN7YhlLTnFafVfLJHWJGwTW/i8pzctbl1wEnns="},"indexInfo":{"baseKey":"BQnYbxtCtMlqglsuOvu7VpMehMTA5LgoJihsTSJqrdBo","baseKeyType":2,"closed":-1,"used":1682616946335,"created":1682616946335,"remoteIdentityKey":"BaerSIURQFVUWyl7BPwlJmUMqyJpEP3EsjspOMdIUJI3"},"_chains":{"BT8D1HQmOK0PO/ok9xEdDsYQoaUBjzCUsaPmpeKafs1u":{"chainKey":{"counter":18,"key":"AE+gsK61Rrbq5GiIQqqDY07PXGMEE9q7griJPsGUnDY="},"chainType":2,"messageKeys":{}},"BXyk1jc8reUAjH1v6DFupQ2xI8g6FUkO+OP+lCiWyQ5g":{"chainKey":{"counter":-1,"key":"QjtaWfeZfT4f1e4vdCrjYKFBSwDVSIv0vWoH4J0cnc0="},"chainType":1,"messageKeys":{}}}}},"version":"v1"}