{"_sessions":{"BVlKMBnalrSaSEll++3tD8xjRn9sVh7EP8yigLTKGV9M":{"registrationId":1037928483,"currentRatchet":{"ephemeralKeyPair":{"pubKey":"BaipO7jV18r1OpTLuzkdj4c8T5det/AyFHv7nWodD2M5","privKey":"SF/qQsKJCXvheWqMxVsyMtEmQ4as64AGgFYOIFqYCUA="},"lastRemoteEphemeralKey":"BYQCl6rG9LHZX8X3exAxGKvjqqVnZzZqsTSeOyy0YSgx","previousCounter":0,"rootKey":"XAg9uYfKXe0dKaFMiaHzbJmtq24AmUKpNmSajwvWqqg="},"indexInfo":{"baseKey":"BVlKMBnalrSaSEll++3tD8xjRn9sVh7EP8yigLTKGV9M","baseKeyType":1,"closed":-1,"used":1682603060980,"created":1682603060980,"remoteIdentityKey":"BRExUsvgtuF1f3Kv3823tlzOO+BL/RE0oP1AoWlfGa1T"},"_chains":{"BaipO7jV18r1OpTLuzkdj4c8T5det/AyFHv7nWodD2M5":{"chainKey":{"counter":360,"key":"TH1+2FLMkNr8SCkzkBffmxYYnMCW2JzAHuCQjF932s4="},"chainType":1,"messageKeys":{}}},"pendingPreKey":{"signedKeyId":0,"baseKey":"BVlKMBnalrSaSEll++3tD8xjRn9sVh7EP8yigLTKGV9M"}}},"version":"v1"}