{"_sessions":{"BdS6OPtbhnRipYUP0+4qiCXS01ff+wXUhVteSinLhFdQ":{"registrationId":378870731,"currentRatchet":{"ephemeralKeyPair":{"pubKey":"BQPguMZMFOnYUL2WcF77viWoDWcFUW5rKVCZdW56xnFc","privKey":"oAsaIiYzO40IlYpo8Di535HMzPHm4mGz66pw0MQpnFo="},"lastRemoteEphemeralKey":"BWVz4V8PJ9OZ8II4szeefCkbzwgG8zqeB7VK2JWVCYcP","previousCounter":0,"rootKey":"F6jilzmzySF6ARwiy+OcZSkxkRWa/7fkxosNFlZTGjc="},"indexInfo":{"baseKey":"BdS6OPtbhnRipYUP0+4qiCXS01ff+wXUhVteSinLhFdQ","baseKeyType":1,"closed":-1,"used":1682619373961,"created":1682619373961,"remoteIdentityKey":"BT3gTiAfDs+ZxTIFSbDNrOX+Vy3P1s961Jn4qJZxb8pr"},"_chains":{"BQPguMZMFOnYUL2WcF77viWoDWcFUW5rKVCZdW56xnFc":{"chainKey":{"counter":3,"key":"v8zPxrjBdz11PRiN09TPVHd4xTqC/qk3Zxwy+qISvzY="},"chainType":1,"messageKeys":{}}},"pendingPreKey":{"signedKeyId":5,"baseKey":"BdS6OPtbhnRipYUP0+4qiCXS01ff+wXUhVteSinLhFdQ","preKeyId":12928061}}},"version":"v1"}