{"_sessions":{"BV+EH9ClN3IFrdTzHwRXdeZL6E1MjFc5z31DtMFuzFVH":{"registrationId":11947,"currentRatchet":{"ephemeralKeyPair":{"pubKey":"BRm+3pY7FGD6DvlTN5nK2MWPhS3myqOA+IJ8rnnOybhr","privKey":"8LqUsxnaoFRJ1fXMHobE/T8kRRPSAg+aLGHLAmT1dFY="},"lastRemoteEphemeralKey":"BeX8marSuxpWOenU0FaKGFP+db4vhPRcK2VkYUJ9Zc89","previousCounter":0,"rootKey":"SuZW423AtGNYlRW8zrb7yZGHDnD3/Quw1gMcPOyTWbA="},"indexInfo":{"baseKey":"BV+EH9ClN3IFrdTzHwRXdeZL6E1MjFc5z31DtMFuzFVH","baseKeyType":1,"closed":-1,"used":1682603060784,"created":1682603060784,"remoteIdentityKey":"BScYuFIB19z+ekdNPW0KO1Hb6Dqb7kWkZzsaLnYATvsa"},"_chains":{"BRm+3pY7FGD6DvlTN5nK2MWPhS3myqOA+IJ8rnnOybhr":{"chainKey":{"counter":360,"key":"geatAhI/Jeb1SaUchVlP5R3DslMKHVwohrMjhZDVAtQ="},"chainType":1,"messageKeys":{}}},"pendingPreKey":{"signedKeyId":3,"baseKey":"BV+EH9ClN3IFrdTzHwRXdeZL6E1MjFc5z31DtMFuzFVH"}}},"version":"v1"}