{"_sessions":{"BbkxQkv1VhcOFqGfpK8hR1mC1cFF95VBZIkeKBMsTzcl":{"registrationId":13064,"currentRatchet":{"ephemeralKeyPair":{"pubKey":"BdNGY2X/eBfeyrd/gs+rYHoIKLDZqzilAHof7vOrPu4l","privKey":"kNUfzo6QE6ycQdhcZXsSI4wP/Cmd+/WUHDjqaR0+C2w="},"lastRemoteEphemeralKey":"BXuMDjOmSvXmtAEGbzZ7etlUFceWgfW73y25w+NDWeod","previousCounter":0,"rootKey":"exgMVpnRAc+WgOlYSSdqcf2yeVrP+98Rn/QwheRL62g="},"indexInfo":{"baseKey":"BbkxQkv1VhcOFqGfpK8hR1mC1cFF95VBZIkeKBMsTzcl","baseKeyType":1,"closed":-1,"used":1682619373782,"created":1682619373782,"remoteIdentityKey":"BQe45QQg9YyhTTHfuacEhT5EsKBv4eSY+gkvpR3Co4YB"},"_chains":{"BdNGY2X/eBfeyrd/gs+rYHoIKLDZqzilAHof7vOrPu4l":{"chainKey":{"counter":3,"key":"x9tnFWAZIsnRiWpisvEDuCmV1Yzb62SNzrvFakzddAA="},"chainType":1,"messageKeys":{}}},"pendingPreKey":{"signedKeyId":1,"baseKey":"BbkxQkv1VhcOFqGfpK8hR1mC1cFF95VBZIkeKBMsTzcl"}}},"version":"v1"}