{"_sessions":{"BRC0P4sMBmVzVYrvsfmAJV5ehANb8NJ4z/xG1tfoJNBr":{"registrationId":1374063833,"currentRatchet":{"ephemeralKeyPair":{"pubKey":"Bb5aQ17v9s6bK29U7Us1T2M4Yc2ITvc1P/AhZJLYX+Ab","privKey":"UDEzYaCItuw97ZBpeB5LyC7hBfjjbZwMZmZm3U8tN00="},"lastRemoteEphemeralKey":"BZhBhNytGXvDMhNf6iBBXzjrbyQOdJQv8srbVgWW28Uo","previousCounter":0,"rootKey":"fDzDzKTEcA0vU/5rRSZI1R34WzR6YSksADqjzaR2tdI="},"indexInfo":{"baseKey":"BRC0P4sMBmVzVYrvsfmAJV5ehANb8NJ4z/xG1tfoJNBr","baseKeyType":1,"closed":-1,"used":1682603060873,"created":1682603060873,"remoteIdentityKey":"BS43Xf9vqFEzkzvPQWgABbF0qdGsRL9NX+bwcsvjhYRW"},"_chains":{"Bb5aQ17v9s6bK29U7Us1T2M4Yc2ITvc1P/AhZJLYX+Ab":{"chainKey":{"counter":360,"key":"uLX/3IqLwyGsnVomMIBWtfMIWZjZZV+1ZGE748j+dug="},"chainType":1,"messageKeys":{}}},"pendingPreKey":{"signedKeyId":21,"baseKey":"BRC0P4sMBmVzVYrvsfmAJV5ehANb8NJ4z/xG1tfoJNBr","preKeyId":13219176}}},"version":"v1"}