{"_sessions":{"BVwPXdGNLtnoKkdAphVpEBSQHtSuxnSJafALd684awBp":{"registrationId":1553655187,"currentRatchet":{"ephemeralKeyPair":{"pubKey":"Bcdf/soebqDQPghMu1jEC6ZJ9Ms3HOBiWTQ4l+nhCOht","privKey":"8D2e1TznVcvc0mWDXx/aFTC+tZqtoqMC/CBMqJ21mlg="},"lastRemoteEphemeralKey":"Bc34Nzfj+jrklas7EfMrkfr/+XHyN8zCYEcNKLKWdsET","previousCounter":0,"rootKey":"WhJ/YVQh/l0ka0loSB3k7ReCxB/04LRo/WF+iVqbnsc="},"indexInfo":{"baseKey":"BVwPXdGNLtnoKkdAphVpEBSQHtSuxnSJafALd684awBp","baseKeyType":1,"closed":-1,"used":1682619374112,"created":1682619374112,"remoteIdentityKey":"Bdldy2GXy482X3hNxY+MZKkuKD+FZdmjSuRaTxFtIXBh"},"_chains":{"Bcdf/soebqDQPghMu1jEC6ZJ9Ms3HOBiWTQ4l+nhCOht":{"chainKey":{"counter":3,"key":"SrYWerWaYuPnLUNK0+ktWb3ff92NkQD5qsbKNo/Stvc="},"chainType":1,"messageKeys":{}}},"pendingPreKey":{"signedKeyId":9,"baseKey":"BVwPXdGNLtnoKkdAphVpEBSQHtSuxnSJafALd684awBp","preKeyId":668241}}},"version":"v1"}