{"_sessions":{"BZWRIt9QoLFXwUsbYVsGV75PVOqxatpoGi0KmW4TiKgk":{"registrationId":1085106453,"currentRatchet":{"ephemeralKeyPair":{"pubKey":"BVlhJZG3yS8jrZrurVz1T1dZDo/vDrf2zM0SixQnniBo","privKey":"2BOrhX/3udnkceaeV/vPFVPlsKhJyutzrkLKQC4tHkU="},"lastRemoteEphemeralKey":"BUwBQIVDHo93S/ORFn5Tj1t/reb4qgykvTQDXYJoT7o9","previousCounter":0,"rootKey":"mb/8Qwsp7hi+AVSZCAoJTg904bHQZbuGIWvdNdkxfZQ="},"indexInfo":{"baseKey":"BZWRIt9QoLFXwUsbYVsGV75PVOqxatpoGi0KmW4TiKgk","baseKeyType":1,"closed":-1,"used":1682603060809,"created":1682603060809,"remoteIdentityKey":"BbvHAUTKjeUUKaOf2kINUX5ou573L+POOH3OHgagKHEm"},"_chains":{"BVlhJZG3yS8jrZrurVz1T1dZDo/vDrf2zM0SixQnniBo":{"chainKey":{"counter":360,"key":"/sr7HLahVXp+PwKIx5JNIbauFV+jyiHQmjXOUrRpUvg="},"chainType":1,"messageKeys":{}}},"pendingPreKey":{"signedKeyId":2,"baseKey":"BZWRIt9QoLFXwUsbYVsGV75PVOqxatpoGi0KmW4TiKgk","preKeyId":10992881}}},"version":"v1"}