{"_sessions":{"BQfnCd/f+KPdatbULm1A8hP7Ut/WqY6tIa8P8kmTo4VE":{"registrationId":1175994968,"currentRatchet":{"ephemeralKeyPair":{"pubKey":"BWI+nQp53P0+UW+eDLkbdQBzmxHO5zv0OufOqtSpnEx2","privKey":"+EXKlqzg3Sjr+1nN0NXiYAaKxKVIxQ2xNVPD6Sp0wl4="},"lastRemoteEphemeralKey":"BX9ERNIcY2d+ykiL7EeHH10d7xvtYbjQ2iPaHJlZ+GhF","previousCounter":0,"rootKey":"K7NhXr7u/HSww3MTCWaUw6q3Fa9AxZFz0wJ0ozbCq3s="},"indexInfo":{"baseKey":"BQfnCd/f+KPdatbULm1A8hP7Ut/WqY6tIa8P8kmTo4VE","baseKeyType":1,"closed":-1,"used":1682619373904,"created":1682619373904,"remoteIdentityKey":"BfwciARiuCd/qrUjhnch8wMYBqSB655YFKXxLl3beo1/"},"_chains":{"BWI+nQp53P0+UW+eDLkbdQBzmxHO5zv0OufOqtSpnEx2":{"chainKey":{"counter":3,"key":"z5LnQ0PRCRj8XKKy4xzK5YXlZ/5zfUa892/XVKctuME="},"chainType":1,"messageKeys":{}}},"pendingPreKey":{"signedKeyId":0,"baseKey":"BQfnCd/f+KPdatbULm1A8hP7Ut/WqY6tIa8P8kmTo4VE","preKeyId":345149}}},"version":"v1"}