{"_sessions":{"Bb2Ie54SvY5kW51WeatDPcmh8Y4jY0p+4Iu5hjdec5se":{"registrationId":56,"currentRatchet":{"ephemeralKeyPair":{"pubKey":"BXtPcRT+P8+grRWbUFsxrNi7LR+FPvci/wJN6KuTUUFd","privKey":"0KuR+LrFS6PnDJLQFXbUFOBvqueb6LUtTSPA5l32UEA="},"lastRemoteEphemeralKey":"BWENy966TF7z5N/KnJyYi58faSHyhOgV34HQjTGZ3GdV","previousCounter":0,"rootKey":"NM3+nsDwpV9WIL2lQRzNU1k6Gav8mxHbkPGSbZcXuBU="},"indexInfo":{"baseKey":"Bb2Ie54SvY5kW51WeatDPcmh8Y4jY0p+4Iu5hjdec5se","baseKeyType":1,"closed":1682644753411,"used":1682619373814,"created":1682619373814,"remoteIdentityKey":"BVl/G+MfMMqvPqZBz+jX/wgj8NGjdZ45l3H1V6nigmlI"},"_chains":{"BXtPcRT+P8+grRWbUFsxrNi7LR+FPvci/wJN6KuTUUFd":{"chainKey":{"counter":2,"key":"2cej3u7rbXJqIKbcF1kIueer/OqdjWjkoTzZMIShYNw="},"chainType":1,"messageKeys":{}}},"pendingPreKey":{"signedKeyId":1,"baseKey":"Bb2Ie54SvY5kW51WeatDPcmh8Y4jY0p+4Iu5hjdec5se","preKeyId":713}},"Bb3zCnVKkzl6bVwG8FRczGWU9FnSwTBE6LeWTOwVoztX":{"registrationId":56,"currentRatchet":{"ephemeralKeyPair":{"pubKey":"BfWWBJv/CXtds75kLM4EdU7BJNBYEIVc4bUz4AnVzulM","privKey":"IPMN4wRBbcbIK9KOIaYfZtuDDiFMdakDsWsEj8c7dWI="},"lastRemoteEphemeralKey":"BWENy966TF7z5N/KnJyYi58faSHyhOgV34HQjTGZ3GdV","previousCounter":0,"rootKey":"RX6O3YX5ujPjKWX4G08NR9P1UP7jZsMixzr/+MboZ70="},"indexInfo":{"baseKey":"Bb3zCnVKkzl6bVwG8FRczGWU9FnSwTBE6LeWTOwVoztX","baseKeyType":1,"closed":-1,"used":1682644753095,"created":1682644753095,"remoteIdentityKey":"BVl/G+MfMMqvPqZBz+jX/wgj8NGjdZ45l3H1V6nigmlI"},"_chains":{"BfWWBJv/CXtds75kLM4EdU7BJNBYEIVc4bUz4AnVzulM":{"chainKey":{"counter":0,"key":"g9aklvDbykPd8T6rdRi26TlrCC4Bp/up+tLsdW8pp1s="},"chainType":1,"messageKeys":{}}},"pendingPreKey":{"signedKeyId":1,"baseKey":"Bb3zCnVKkzl6bVwG8FRczGWU9FnSwTBE6LeWTOwVoztX","preKeyId":730}}},"version":"v1"}