{"_sessions":{"BWUypVxOxVhOPBFi//55ztnyM2dpFQjc03Lc6cf9OQA0":{"registrationId":1133381219,"currentRatchet":{"ephemeralKeyPair":{"pubKey":"BdQHW0l9ASa0k+GvCo1t33f4S+9Ajolr26BXUfc4a4xJ","privKey":"WOlLZQ3Igt8d94acn6alneXNU/BATIfCCCadDYA12Gs="},"lastRemoteEphemeralKey":"BSdMEiwLNboXW04gQSvvg+WkaAf45G3Ffp9Be4ZW/vZY","previousCounter":0,"rootKey":"zKkK+znKjPiPerOiaRLhbx6uM/GH+lVBpQ+E3jgAhmo="},"indexInfo":{"baseKey":"BWUypVxOxVhOPBFi//55ztnyM2dpFQjc03Lc6cf9OQA0","baseKeyType":1,"closed":-1,"used":1682603060798,"created":1682603060798,"remoteIdentityKey":"BeHpvWkl0siZ/S8PufPyupWBlq9VAiOtPTujlPFCNSNk"},"_chains":{"BdQHW0l9ASa0k+GvCo1t33f4S+9Ajolr26BXUfc4a4xJ":{"chainKey":{"counter":360,"key":"VqvEzMWnql9svNqxYLZ8oB79q1GAlKs0Q9SnpHaze4Y="},"chainType":1,"messageKeys":{}}},"pendingPreKey":{"signedKeyId":1,"baseKey":"BWUypVxOxVhOPBFi//55ztnyM2dpFQjc03Lc6cf9OQA0","preKeyId":10452173}}},"version":"v1"}