{"_sessions":{"BR1gh7UtCAbMNcocNApPNGopfgXyjmf/2u8qWp8JnYMJ":{"registrationId":216496887,"currentRatchet":{"ephemeralKeyPair":{"pubKey":"BTmqP6gUFe3bBvbirsrHgvyxg/Fi8H5J9+0DNrj/lD96","privKey":"EBPjVDCUBS04HzfKi6ncjZ9ndxN+7b3PVcvGhaJp4kM="},"lastRemoteEphemeralKey":"BeT9qFuURzRVasWPt3Jebn4/KbYehehKwu02DSQkEFcn","previousCounter":0,"rootKey":"9pUhAX4eXWb/y4UPEcTdW3yRNW//IWS2XkLkxnY+R60="},"indexInfo":{"baseKey":"BR1gh7UtCAbMNcocNApPNGopfgXyjmf/2u8qWp8JnYMJ","baseKeyType":1,"closed":-1,"used":1682603060941,"created":1682603060941,"remoteIdentityKey":"BaAns8dSdVKSK8Bv372UviwyfqmLq9OIasAMJOtY8bhQ"},"_chains":{"BTmqP6gUFe3bBvbirsrHgvyxg/Fi8H5J9+0DNrj/lD96":{"chainKey":{"counter":360,"key":"6LVKZssC146Wedk22ouSHuY6wlpGyDwnSoFrFjxe1OU="},"chainType":1,"messageKeys":{}}},"pendingPreKey":{"signedKeyId":13,"baseKey":"BR1gh7UtCAbMNcocNApPNGopfgXyjmf/2u8qWp8JnYMJ","preKeyId":3779332}}},"version":"v1"}