{"_sessions":{"BSV+iXh1obGFGHjuWz400Tt2nlK50cpgTmIx4OKRBjpO":{"registrationId":1496961599,"currentRatchet":{"ephemeralKeyPair":{"pubKey":"BZRJDz5Ut/lhAHn4vxh1xcrHD24ooREzyGIJRNsz/pVV","privKey":"qMDQqmhkVp2VzcyNvGKEvlDbTlfh7eUuiM5UztAFD0A="},"lastRemoteEphemeralKey":"BSQ5ICihMbvvgFJpnwjOg/dWX+DX0gh2cvgpOQW68KR8","previousCounter":35,"rootKey":"pdjeQJ5LzpmFVq06oyDqcMCldrYSZRA2TJYDwolDXKo="},"indexInfo":{"baseKey":"BSV+iXh1obGFGHjuWz400Tt2nlK50cpgTmIx4OKRBjpO","baseKeyType":1,"closed":-1,"used":1682608033096,"created":1682603060910,"remoteIdentityKey":"BVvlKn0ZO9OVEoNlW+eYoteT6yPi8ZS9pFhcUxVraD9q"},"_chains":{"BSQ5ICihMbvvgFJpnwjOg/dWX+DX0gh2cvgpOQW68KR8":{"chainKey":{"counter":1,"key":"77GvoBiFZJqDbDbubwR79Jcv3DjDDzDfKUOvnhfOrz4="},"chainType":2,"messageKeys":{}},"BZRJDz5Ut/lhAHn4vxh1xcrHD24ooREzyGIJRNsz/pVV":{"chainKey":{"counter":324,"key":"JaSRxORzwwuQT/hATKL2zCz+epF5jMH7x+jFRy280b0="},"chainType":1,"messageKeys":{}}}}},"version":"v1"}