{"_sessions":{"BXTCGTjOQB6J7yBAinF+bEAQ2Unj4UoraUu2eOID+wEN":{"registrationId":1695123002,"currentRatchet":{"ephemeralKeyPair":{"pubKey":"BTj4btUyZMfgUILAYeL49IVKx+c5oXwNUwyZ6Eo7EdAO","privKey":"uEYcJR+t+1oyKcBiw1iesY2InemjKL9xmjCLnrGuekk="},"lastRemoteEphemeralKey":"BfUPskdon42b70zypkQQW1kfzO5zeZGznGh74uHZBwJ8","previousCounter":0,"rootKey":"MGkDR83wb+UjlgpHax7mRIeT7XiahflXPgZ5r/IEd1w="},"indexInfo":{"baseKey":"BXTCGTjOQB6J7yBAinF+bEAQ2Unj4UoraUu2eOID+wEN","baseKeyType":1,"closed":-1,"used":1682619374226,"created":1682619374226,"remoteIdentityKey":"BVQOaChPI9CALLFs879b1IaO87xl6hgD7vh8of+0/mAb"},"_chains":{"BTj4btUyZMfgUILAYeL49IVKx+c5oXwNUwyZ6Eo7EdAO":{"chainKey":{"counter":3,"key":"qNjRU24QBAmtpSqifrT74MTU/EFs2HxASrbLmaCgZRg="},"chainType":1,"messageKeys":{}}},"pendingPreKey":{"signedKeyId":1,"baseKey":"BXTCGTjOQB6J7yBAinF+bEAQ2Unj4UoraUu2eOID+wEN","preKeyId":14993141}}},"version":"v1"}