{"_sessions":{"BW8dtsuok2LnaJYVER7lkf6p2NBTNP+pZcEeXUejGwlW":{"registrationId":1357992085,"currentRatchet":{"ephemeralKeyPair":{"pubKey":"BcInQoHotwNffDHSgiO8mSAbWFaOxLaOPEwY8o3Cr+R0","privKey":"qO37CgmItd+V5DkS0I+dcTM7aaOIt6T31bV/iYqE43o="},"lastRemoteEphemeralKey":"BZmQY3V+slsyulUdLuKyi0TUG/1vtaWtKR8kMA1t5ppy","previousCounter":0,"rootKey":"XoCywrO1E7cNTkoY/y1x3NVLm0059BvMMVOPUS94prY="},"indexInfo":{"baseKey":"BW8dtsuok2LnaJYVER7lkf6p2NBTNP+pZcEeXUejGwlW","baseKeyType":1,"closed":-1,"used":1682619374079,"created":1682619374079,"remoteIdentityKey":"BVKbrHVL8p6YvF0XToCME8ZEp81A+Bca9KdSQonIehFB"},"_chains":{"BcInQoHotwNffDHSgiO8mSAbWFaOxLaOPEwY8o3Cr+R0":{"chainKey":{"counter":3,"key":"L+qL//wBhYcMfwo9V66WaQtbWFrJ6aGHYpT1uQqCVys="},"chainType":1,"messageKeys":{}}},"pendingPreKey":{"signedKeyId":0,"baseKey":"BW8dtsuok2LnaJYVER7lkf6p2NBTNP+pZcEeXUejGwlW","preKeyId":12491039}}},"version":"v1"}