{"_sessions":{"BdAwhyBmFIh58Ayp6f3i/rkytMTpeqRMpqKRn71XrQR0":{"registrationId":233,"currentRatchet":{"ephemeralKeyPair":{"pubKey":"Be6t+QcARgkMrcZiStI94JYT1I5mFxWUzCDpHj0c7Ntf","privKey":"wN4YwF5SZ8L094TZcXHAOkK1J2WujsipBpvAlvJsLVk="},"lastRemoteEphemeralKey":"BeICSGJiaCslyJILDJ7d3jdtlui5X8ZowTRG8qHsa+Z5","previousCounter":0,"rootKey":"gte5gfqIBr+Jmn36dYhwT8nD+1G8J00sOECgdSwt0mg="},"indexInfo":{"baseKey":"BdAwhyBmFIh58Ayp6f3i/rkytMTpeqRMpqKRn71XrQR0","baseKeyType":1,"closed":-1,"used":1682603060765,"created":1682603060765,"remoteIdentityKey":"BTo4paV/Dm78eNteMtFDmHTtCXx3ccqpdoo73VoRT598"},"_chains":{"Be6t+QcARgkMrcZiStI94JYT1I5mFxWUzCDpHj0c7Ntf":{"chainKey":{"counter":360,"key":"bvstlQNMDlg4PMGsXOKkHmfwEnaIL0M5SMfDMEg9xD4="},"chainType":1,"messageKeys":{}}},"pendingPreKey":{"signedKeyId":1,"baseKey":"BdAwhyBmFIh58Ayp6f3i/rkytMTpeqRMpqKRn71XrQR0"}}},"version":"v1"}