{"_sessions":{"BUtntm+6cc5Ns9u+aPWlnkpJVD4OP4k2tvSSi1cA2y0s":{"registrationId":537134745,"currentRatchet":{"ephemeralKeyPair":{"pubKey":"BaG5HbQ9pZhMkgutr25QS5MfSa2qWJ3eDa2MJOZc63p2","privKey":"yKjb7FZ+Yke8w7TivcekoJ6gPVgpndSFWYvn0tzexGY="},"lastRemoteEphemeralKey":"BWGiwwM/uBTo2FTv/SG38q4xP2z2KjpqR79pmoiTMSU4","previousCounter":0,"rootKey":"S+Npxu3U88LaRRo0NbI+Ufi2zVxmHZbGa3KGDDj9eOs="},"indexInfo":{"baseKey":"BUtntm+6cc5Ns9u+aPWlnkpJVD4OP4k2tvSSi1cA2y0s","baseKeyType":1,"closed":-1,"used":1682619373920,"created":1682619373920,"remoteIdentityKey":"BZZTWXVL17wpVwhBD4/ZvR1N+GdwMmQ5eqraD8XppIA9"},"_chains":{"BaG5HbQ9pZhMkgutr25QS5MfSa2qWJ3eDa2MJOZc63p2":{"chainKey":{"counter":3,"key":"9090O/tqRrZiHUHkg1/PokzISbTm6XHybgiRVDQ+E8w="},"chainType":1,"messageKeys":{}}},"pendingPreKey":{"signedKeyId":0,"baseKey":"BUtntm+6cc5Ns9u+aPWlnkpJVD4OP4k2tvSSi1cA2y0s","preKeyId":7450075}}},"version":"v1"}