{"_sessions":{"BXAQD3+xsq736Y/yCXSlneH5C6VioXx4JAeC0dMP6C5N":{"registrationId":576065209,"currentRatchet":{"ephemeralKeyPair":{"pubKey":"BbdfgCBcyX0pyu2kMBGSURUqeX26OM69tTLtAuqKyT4D","privKey":"uGtR9wBb33dU5RYJUCvg3h8Vbdh7M1Fvk2w71raNWXw="},"lastRemoteEphemeralKey":"BYzyvfRyd+oUntqvqImdac0dFQKpSj9yk3nEHqNIUX4b","previousCounter":33,"rootKey":"fpifaXcTjF01XZRTcPBfKMADJQZo8kuVXF7h81RDhwY="},"indexInfo":{"baseKey":"BXAQD3+xsq736Y/yCXSlneH5C6VioXx4JAeC0dMP6C5N","baseKeyType":1,"closed":-1,"used":1682604844880,"created":1682603060939,"remoteIdentityKey":"BRBGGNqBcdI8SVHP0N8+h7AJnJEXIw1i7KxN6nnfrap5"},"_chains":{"BYzyvfRyd+oUntqvqImdac0dFQKpSj9yk3nEHqNIUX4b":{"chainKey":{"counter":0,"key":"2JyLNA9VlbmsGbFT9EGqqv+hmBTmakFZO7nm+/FKouM="},"chainType":2,"messageKeys":{}},"BbdfgCBcyX0pyu2kMBGSURUqeX26OM69tTLtAuqKyT4D":{"chainKey":{"counter":326,"key":"u35kEBOckphnyo1E2OrwBzHQfq7M9vHCd+BPZJaEf4o="},"chainType":1,"messageKeys":{}}}}},"version":"v1"}