{"_sessions":{"BSmMewJglmkdPsmSgi536drlpTnq4El+8LKJX8/w4KR5":{"registrationId":999639840,"currentRatchet":{"ephemeralKeyPair":{"pubKey":"BVrUPeJFJAKim/QbTBqrSYETGp1kWjTHREgLe7YqTiF6","privKey":"yDsRDpQym6+QFbodaBnw0MWDfL9hwAq5W7BemdSOR3c="},"lastRemoteEphemeralKey":"BRvLxhmJJrLIuZNWMwnK9bcYPzBH8Sr88GhiTjtTGrRn","previousCounter":0,"rootKey":"7LDnXcUQPCcSYW6VK2sUibMukOHdapu3O/9ml6nf0Do="},"indexInfo":{"baseKey":"BSmMewJglmkdPsmSgi536drlpTnq4El+8LKJX8/w4KR5","baseKeyType":1,"closed":-1,"used":1682603060945,"created":1682603060945,"remoteIdentityKey":"BeKeG77GKB3PLBXrPyfQtz/S/HZDIZb2DVDXRgjN8l0e"},"_chains":{"BVrUPeJFJAKim/QbTBqrSYETGp1kWjTHREgLe7YqTiF6":{"chainKey":{"counter":360,"key":"WoJyStL7nzpiRoVwPujRwzupk9Xfs5+ASkB7ReX7RPI="},"chainType":1,"messageKeys":{}}},"pendingPreKey":{"signedKeyId":1,"baseKey":"BSmMewJglmkdPsmSgi536drlpTnq4El+8LKJX8/w4KR5"}}},"version":"v1"}