{"_sessions":{"BVp+Ey0vergsAZotGlKf68qRiStEhJORWJKQBQPRjBRx":{"registrationId":584472399,"currentRatchet":{"ephemeralKeyPair":{"pubKey":"BdXUjguppdKzVjdlB73If1nI+8z3KS2dlVyrpqCtX8sb","privKey":"cGjil1nNuFhM5sUAXsop29jXboqOxrAEz1zBn3WtX3M="},"lastRemoteEphemeralKey":"BSq7naGg3bIsBSTde0nP/lH5zt+kRGhApddm1YQCnq81","previousCounter":0,"rootKey":"xx5ohqvqL3LOYEdtFfxhbRG73LO1HvuVBk4wxI3kLJA="},"indexInfo":{"baseKey":"BVp+Ey0vergsAZotGlKf68qRiStEhJORWJKQBQPRjBRx","baseKeyType":1,"closed":-1,"used":1682603061005,"created":1682603061005,"remoteIdentityKey":"BchZyBvsCD2iuM5NMJGOlSEiRRbvmWZ0Ck6ZqpGcd78A"},"_chains":{"BdXUjguppdKzVjdlB73If1nI+8z3KS2dlVyrpqCtX8sb":{"chainKey":{"counter":360,"key":"6PrLn4QTluFkFrty/EfU26QgBfW8KsjkO6fMnq3zhfo="},"chainType":1,"messageKeys":{}}},"pendingPreKey":{"signedKeyId":4,"baseKey":"BVp+Ey0vergsAZotGlKf68qRiStEhJORWJKQBQPRjBRx"}}},"version":"v1"}