{"_sessions":{"BcIyxJ6a+ttCxGhTiD2hfQ79LkBR9OrvARPE3f89kR1Z":{"registrationId":348968275,"currentRatchet":{"ephemeralKeyPair":{"pubKey":"Ba82kc1fK9BWK2skTA3rYNYYOWTPG3nmBMyfX6dioGQl","privKey":"mDX96TnUzOfl3Kw4qPPZ2XXsi4n8PMTknkthQXCP0UU="},"lastRemoteEphemeralKey":"BeE8W0Tt3MkdTS2s3O+CjM0S4Vzhk+dWsx0SsvGy3LdD","previousCounter":0,"rootKey":"jwdoqeY7nCajaoFe656xaf7A7yo1HH+U3SqMgFomu/A="},"indexInfo":{"baseKey":"BcIyxJ6a+ttCxGhTiD2hfQ79LkBR9OrvARPE3f89kR1Z","baseKeyType":1,"closed":-1,"used":1682619373958,"created":1682619373958,"remoteIdentityKey":"BQhge6AtMZkmLppP+qQUIwfFcqhRV+9nmMVkqj7pgbsx"},"_chains":{"Ba82kc1fK9BWK2skTA3rYNYYOWTPG3nmBMyfX6dioGQl":{"chainKey":{"counter":3,"key":"05/18D+QnyTNBHtUnWM3NgROsE0X5vUoEiLp5O+cHt8="},"chainType":1,"messageKeys":{}}},"pendingPreKey":{"signedKeyId":1,"baseKey":"BcIyxJ6a+ttCxGhTiD2hfQ79LkBR9OrvARPE3f89kR1Z","preKeyId":10811662}}},"version":"v1"}