{"_sessions":{"BR+kLx12A7Rd5/8WCVhhUudBtp4T0EVCSN9V5dZ0Wwoo":{"registrationId":449391412,"currentRatchet":{"ephemeralKeyPair":{"pubKey":"BWe58fozJsnTOAecX4grbY4ot8nJzMpnJWeYl4LbBgkA","privKey":"AISUu8vRmoK9Z5RiaBe0gmjB9UfKpayAnEoGftFxFWU="},"lastRemoteEphemeralKey":"BQXUfVYaKYIvGHkjtf4MotCdjIoa2VNtki9EWuH4htdj","previousCounter":0,"rootKey":"o9zUDbopAw2co4zvOWvxVYCKP2egNgP7DVp5u2cOLDU="},"indexInfo":{"baseKey":"BR+kLx12A7Rd5/8WCVhhUudBtp4T0EVCSN9V5dZ0Wwoo","baseKeyType":1,"closed":-1,"used":1682619373880,"created":1682619373880,"remoteIdentityKey":"BSG6FQYZcPXBhQkW0hJIycAzUGKq1Ok/q0kN+FTawQNF"},"_chains":{"BWe58fozJsnTOAecX4grbY4ot8nJzMpnJWeYl4LbBgkA":{"chainKey":{"counter":3,"key":"VDCpoVyqtoyC+yNQ5+BP3pdFORfuFQXTP+htdZ9ZAoo="},"chainType":1,"messageKeys":{}}},"pendingPreKey":{"signedKeyId":5,"baseKey":"BR+kLx12A7Rd5/8WCVhhUudBtp4T0EVCSN9V5dZ0Wwoo","preKeyId":1174120}}},"version":"v1"}