{"_sessions":{"BaVW9jCOIXBqcz9BXxi9PglY/EoGzZxTna5rvzaJqzVG":{"registrationId":824979084,"currentRatchet":{"ephemeralKeyPair":{"pubKey":"BSEut12LIJMQlptxBcyw2rDV3D6hxYZZQjZRLkE7CfIp","privKey":"iBZTCujcJygHRTVXZBcK9MZy039tnb88WAZGmLgC61o="},"lastRemoteEphemeralKey":"Bch3bgDA7LEUDutIieLQpaOV7ECtLgn3zcxxyzWy8R1p","previousCounter":0,"rootKey":"Jo293t+SczdjwRYIeVjdFO33kSZVNgadOdg9PeoITG8="},"indexInfo":{"baseKey":"BaVW9jCOIXBqcz9BXxi9PglY/EoGzZxTna5rvzaJqzVG","baseKeyType":1,"closed":-1,"used":1682619374154,"created":1682619374154,"remoteIdentityKey":"BYNzKP8j5L+tgxg8hY+aNtWJpx0wHc96mZk3hpjeVekQ"},"_chains":{"BSEut12LIJMQlptxBcyw2rDV3D6hxYZZQjZRLkE7CfIp":{"chainKey":{"counter":3,"key":"5Al2tf4AT41UkC3ZiUDTFeY8VKtHX7m30UffKbDrYJs="},"chainType":1,"messageKeys":{}}},"pendingPreKey":{"signedKeyId":6,"baseKey":"BaVW9jCOIXBqcz9BXxi9PglY/EoGzZxTna5rvzaJqzVG","preKeyId":4878763}}},"version":"v1"}