{"_sessions":{"BQFxNAptNB+c0Evlim3MkyOWlxMRWdD2uF57seQJsAkO":{"registrationId":479012259,"currentRatchet":{"ephemeralKeyPair":{"pubKey":"BVSiuxGwWhp77up/3168dyQOf6rDhyNpX+wOrO/MZ+AP","privKey":"GI4l9rHnjlIpD3I6mBhCl2hcx/kLRSxFNGfSGYdy23E="},"lastRemoteEphemeralKey":"BWMlHUQe2cDMr+Tc2JYR3F1BM1PDZmtVwJB15uoBDg1h","previousCounter":0,"rootKey":"gDmGLWWztKm8XXXrSqvlaII7WBGJUcbNAy+TtimEy1w="},"indexInfo":{"baseKey":"BQFxNAptNB+c0Evlim3MkyOWlxMRWdD2uF57seQJsAkO","baseKeyType":1,"closed":-1,"used":1682603060895,"created":1682603060895,"remoteIdentityKey":"BcWeg6pbuhZV9T7hlEqTEI+wDO9GIm+32jI2M2HvzUYM"},"_chains":{"BVSiuxGwWhp77up/3168dyQOf6rDhyNpX+wOrO/MZ+AP":{"chainKey":{"counter":360,"key":"H8xiAdnOop52iinTCmTyImcbTr1E0ywP3a4XnHnV5OQ="},"chainType":1,"messageKeys":{}}},"pendingPreKey":{"signedKeyId":4,"baseKey":"BQFxNAptNB+c0Evlim3MkyOWlxMRWdD2uF57seQJsAkO","preKeyId":6174790}}},"version":"v1"}