{"_sessions":{"BXCxAQPVlIMJ3Q59jdYhOGkMCjZ0jAi5r/8zCdadPvMN":{"registrationId":186,"currentRatchet":{"ephemeralKeyPair":{"pubKey":"Bar+uhoJwbAZ+XWg7QE7Ye4Hji/M1Ugq+V5zvrg09JsY","privKey":"cEvtuFIzD+aLEpA4+K1CkksFwVMMTNTJSurcOkSpTX0="},"lastRemoteEphemeralKey":"BZeb1Tn/mvcPeyJUiil6PD2tYl0N9hoVSfa3ZZRqwkAx","previousCounter":2,"rootKey":"IksXVrP8Nv0Nv0kWRra/M35cPx0XpY2Hebm5fxTHeDg="},"indexInfo":{"baseKey":"BXCxAQPVlIMJ3Q59jdYhOGkMCjZ0jAi5r/8zCdadPvMN","baseKeyType":1,"closed":1682644750569,"used":1682644754012,"created":1682619373707,"remoteIdentityKey":"BY74oSBt+4YrBu9UULlfG+uB7OwxOLiMdSZf74CT9Dc3"},"_chains":{"BZeb1Tn/mvcPeyJUiil6PD2tYl0N9hoVSfa3ZZRqwkAx":{"chainKey":{"counter":0,"key":"iR6HeBQ2HTvv9J/8kfcTv1ViLy04DpwNSoM+MGA2Pkc="},"chainType":2,"messageKeys":{}},"Bar+uhoJwbAZ+XWg7QE7Ye4Hji/M1Ugq+V5zvrg09JsY":{"chainKey":{"counter":-1,"key":"j0zIQTQncjnmVAYIgLAQegXw2cKj6HshabD3zMmeTho="},"chainType":1,"messageKeys":{}}}},"BafR0U6tUv3RdBVowhkv8jVH62oJdOPs64cX+9wYn99p":{"registrationId":186,"currentRatchet":{"ephemeralKeyPair":{"pubKey":"BQCND/capfn/fQrfTxN9rcYq76iBnuMvYu2tB0GRqSsf","privKey":"kI6tcwukim5kR/foGtWcBXiBP4787eHyZneuRVYoUXE="},"lastRemoteEphemeralKey":"BZeb1Tn/mvcPeyJUiil6PD2tYl0N9hoVSfa3ZZRqwkAx","previousCounter":0,"rootKey":"zGVOMg6xi3Rvop9x2qCWn3BwMIJ0TLmI+t0IX68TC90="},"indexInfo":{"baseKey":"BafR0U6tUv3RdBVowhkv8jVH62oJdOPs64cX+9wYn99p","baseKeyType":1,"closed":1682644836142,"used":1682644750529,"created":1682644750529,"remoteIdentityKey":"BY74oSBt+4YrBu9UULlfG+uB7OwxOLiMdSZf74CT9Dc3"},"_chains":{"BZeb1Tn/mvcPeyJUiil6PD2tYl0N9hoVSfa3ZZRqwkAx":{"chainKey":{"counter":0,"key":"qFh75qVN0UXXJcoM9EAs5Bkl4gz5/s7hj/YjNFL694I="},"chainType":2,"messageKeys":{}},"BQCND/capfn/fQrfTxN9rcYq76iBnuMvYu2tB0GRqSsf":{"chainKey":{"counter":0,"key":"ilo7pLU71kPH4vlRKbcNMk6iAKLI+N874HEV4mw+FTo="},"chainType":1,"messageKeys":{}}},"pendingPreKey":{"signedKeyId":1,"baseKey":"BafR0U6tUv3RdBVowhkv8jVH62oJdOPs64cX+9wYn99p","preKeyId":133}},"BSey/6HwA26sO/h6A+ripP0Ma0ly/OZQEkyTa2PmsBVh":{"registrationId":186,"currentRatchet":{"ephemeralKeyPair":{"pubKey":"Bdz07tOwoag0ICWyW1N0vg1OjKYmITFidcKxTrIxBOFS","privKey":"2OrhSGr7/W01dEUIcq3qo6Aoif28ssCXeICfZ5FodG0="},"lastRemoteEphemeralKey":"BQ1XKjDbtfirWZ4cRxQwgZFIZ3Kp0RmIpiw2mybkJ/Vw","previousCounter":0,"rootKey":"NmPsq39hz5tpReC2vJf+L5Zu0WwDCN+C1B/AsA1N6Fk="},"indexInfo":{"baseKey":"BSey/6HwA26sO/h6A+ripP0Ma0ly/OZQEkyTa2PmsBVh","baseKeyType":1,"closed":-1,"used":1682644836081,"created":1682644836081,"remoteIdentityKey":"BY74oSBt+4YrBu9UULlfG+uB7OwxOLiMdSZf74CT9Dc3"},"_chains":{"Bdz07tOwoag0ICWyW1N0vg1OjKYmITFidcKxTrIxBOFS":{"chainKey":{"counter":0,"key":"xxYKcR7NLUDMC8Eoh5l2IpB17rIguwwvEg1ZLXMvIG0="},"chainType":1,"messageKeys":{}}},"pendingPreKey":{"signedKeyId":1,"baseKey":"BSey/6HwA26sO/h6A+ripP0Ma0ly/OZQEkyTa2PmsBVh","preKeyId":139}}},"version":"v1"}