{"_sessions":{"BZS2wnpLcvF7qYwT253M2zBAgGuQC9yAsvJb18uKXftg":{"registrationId":1849581576,"currentRatchet":{"ephemeralKeyPair":{"pubKey":"BUdDlVscFV5orRzmMZmpuWchEun8kZanTsZhj/+rpzQ2","privKey":"SFiJrlsP6dz2ww1ky8lSWKeuoKvTL6/w7VvzcnNvVUg="},"lastRemoteEphemeralKey":"BUbzzo06rs11azggRv3ztckgOP7F9nNo4Jp77yGBnMRO","previousCounter":0,"rootKey":"4WcKNGfWrwjrSXNYabmZB5QFERDhZyTe9EZ2HlwwBcE="},"indexInfo":{"baseKey":"BZS2wnpLcvF7qYwT253M2zBAgGuQC9yAsvJb18uKXftg","baseKeyType":1,"closed":-1,"used":1682619374058,"created":1682619374058,"remoteIdentityKey":"BStlcMYPcdxOWewrRgU5ZGxxOuOCfWxHfx2buLMaIDRi"},"_chains":{"BUdDlVscFV5orRzmMZmpuWchEun8kZanTsZhj/+rpzQ2":{"chainKey":{"counter":3,"key":"UqmvWEbcExKMEg/+KPq9oKoYqfP6IRLB1JPI6mJ2ckE="},"chainType":1,"messageKeys":{}}},"pendingPreKey":{"signedKeyId":2,"baseKey":"BZS2wnpLcvF7qYwT253M2zBAgGuQC9yAsvJb18uKXftg","preKeyId":2720856}}},"version":"v1"}