{"_sessions":{"Bb6xGXCkdg0tACS9BwWxfCXoZd/YQwNpKJLlTkMNN4Qw":{"registrationId":749689421,"currentRatchet":{"ephemeralKeyPair":{"pubKey":"Bf6nCQKzIPfLYSiJmAZ5EjR98BzPCICnpdx5R9XbtUV/","privKey":"uGXEmjyZh7Zt8DRwe9iAkRGD5MLjjeDb2WByvr33tF8="},"lastRemoteEphemeralKey":"BetkKTFz2eqzFrbqVQb1zbJ3JTjZh/mQeJUk1NbfpHx0","previousCounter":0,"rootKey":"SG/o/w8n9AZJ2FNyqZ6SglBm+/N0C85o+3xAJxJyGQo="},"indexInfo":{"baseKey":"Bb6xGXCkdg0tACS9BwWxfCXoZd/YQwNpKJLlTkMNN4Qw","baseKeyType":1,"closed":-1,"used":1682619374218,"created":1682619374218,"remoteIdentityKey":"BTMxZ2sEoE4biSD5zH7y/swb3bCn3qvWn5vD9r8D6lMg"},"_chains":{"Bf6nCQKzIPfLYSiJmAZ5EjR98BzPCICnpdx5R9XbtUV/":{"chainKey":{"counter":3,"key":"Q/m2kOqjOG1OXqqMOgzWSLZEjXHB6hsrTGHf/yTF0lE="},"chainType":1,"messageKeys":{}}},"pendingPreKey":{"signedKeyId":0,"baseKey":"Bb6xGXCkdg0tACS9BwWxfCXoZd/YQwNpKJLlTkMNN4Qw"}}},"version":"v1"}