{"_sessions":{"BX0vKYnxiiRPnTyaxXNPrl5splmX8gIBv634AGTa1OsZ":{"registrationId":617567822,"currentRatchet":{"ephemeralKeyPair":{"pubKey":"BTaj/TK6WDO7NFA21GA4gvJ/De1vq4CCZSfMFbj1Ro0n","privKey":"GPyxQ+KuTrc566sH2DuGIZXeoegKkscc75ICKetzUmQ="},"lastRemoteEphemeralKey":"BdL8AjLRcwusSI8cMmh39yYwiK3Fw5tP99IqZUKxSIMZ","previousCounter":0,"rootKey":"6RIQcdpWqFFqwZVlXmWoq76vpFBlt4xV2db0NJbfihY="},"indexInfo":{"baseKey":"BX0vKYnxiiRPnTyaxXNPrl5splmX8gIBv634AGTa1OsZ","baseKeyType":1,"closed":-1,"used":1682619373950,"created":1682619373950,"remoteIdentityKey":"BZwMNaG86zvVuKzd3rnFbX/iVWFf4l1NGtew+/gLXiJL"},"_chains":{"BTaj/TK6WDO7NFA21GA4gvJ/De1vq4CCZSfMFbj1Ro0n":{"chainKey":{"counter":3,"key":"fA++GHTy7iQxwWj4PtLM9mayOezJCwI7paQroLKrxvI="},"chainType":1,"messageKeys":{}}},"pendingPreKey":{"signedKeyId":2,"baseKey":"BX0vKYnxiiRPnTyaxXNPrl5splmX8gIBv634AGTa1OsZ","preKeyId":12118966}}},"version":"v1"}