{"_sessions":{"BR9qobcSa0EZ9pLhtK7AluwcmVZxHjZJLxLy3wHE3pZ0":{"registrationId":461496707,"currentRatchet":{"ephemeralKeyPair":{"pubKey":"BZm71WE86iILvYjJxi3a7hqajTNxq9lJWMd14N+rP6Mm","privKey":"2PXRi4XFG6Hz4qjh1q0A7940AiX4bfUwRxyQ4QHADUE="},"lastRemoteEphemeralKey":"BT2REl67o+RIJuSjPLXQZJfHU6Br/LiNOZVoHtFDCqBW","previousCounter":0,"rootKey":"mjrkya5wyrLTCAjbRKRTy6a/zoZjKS81JqBGqmkNsvk="},"indexInfo":{"baseKey":"BR9qobcSa0EZ9pLhtK7AluwcmVZxHjZJLxLy3wHE3pZ0","baseKeyType":1,"closed":-1,"used":1682603061170,"created":1682603061170,"remoteIdentityKey":"BUvDrAXkBkVsd4ptFMtxNWX9yRYZNmJ/XKMU13a09ZZY"},"_chains":{"BZm71WE86iILvYjJxi3a7hqajTNxq9lJWMd14N+rP6Mm":{"chainKey":{"counter":360,"key":"1fOmhAthA6g+PDMRPO8QCyHpASSGbdNXyW9PwiVuAxQ="},"chainType":1,"messageKeys":{}}},"pendingPreKey":{"signedKeyId":1,"baseKey":"BR9qobcSa0EZ9pLhtK7AluwcmVZxHjZJLxLy3wHE3pZ0","preKeyId":9491375}}},"version":"v1"}