{"_sessions":{"BfDT4GPSCpgcRnSA9LemfW9Ixil9HRT7bvSeJPsT/u4a":{"registrationId":372773766,"currentRatchet":{"ephemeralKeyPair":{"pubKey":"BVLvrKK25Xkd0Qh7ZmCEHs9Mj6T9nDL43pc6Fy7pMwVz","privKey":"uAPLqssS5NwJY3O4Fj53izUMR7RJCjxsDNlmKeCobmk="},"lastRemoteEphemeralKey":"BRCathfwNTyk6Tkc34Dh5UZlIWnnGjcEKc2ytCXI3FMg","previousCounter":0,"rootKey":"ieGgb2tZiPA1r84FmeESSwDzv6Ub3b2E1hfKWfXtZBE="},"indexInfo":{"baseKey":"BfDT4GPSCpgcRnSA9LemfW9Ixil9HRT7bvSeJPsT/u4a","baseKeyType":1,"closed":-1,"used":1682603061362,"created":1682603061362,"remoteIdentityKey":"BQbrUa0uJKCyiADb8M0T+gZTfIcb9cBeBw2Q8Sd+6mkp"},"_chains":{"BVLvrKK25Xkd0Qh7ZmCEHs9Mj6T9nDL43pc6Fy7pMwVz":{"chainKey":{"counter":360,"key":"wsDvt3Gl2EEna1Jrj+H9y2mvbjB6ywBEYo8xOTGJk3s="},"chainType":1,"messageKeys":{}}},"pendingPreKey":{"signedKeyId":1,"baseKey":"BfDT4GPSCpgcRnSA9LemfW9Ixil9HRT7bvSeJPsT/u4a","preKeyId":8747712}}},"version":"v1"}