{"_sessions":{"BbFpL80D8LkEjoDhmVEusF1H1XYeh/HZXrbcbzczpxA0":{"registrationId":1375110197,"currentRatchet":{"ephemeralKeyPair":{"pubKey":"BQVKKwWIFPayqmksEdhYejVB+SdgLjwRGmVqrNF5r6gq","privKey":"kBTwKJyCE+eae3sJZBpepSbyM4F3XENptPIj/i3L+H8="},"lastRemoteEphemeralKey":"BZcu9Iw25b6sPeEUnRwEdqyTAu6vlke1dxJCkCwHQPIJ","previousCounter":0,"rootKey":"Y1PVkVLZpI2UWs1DxCXEGrUQbfiQAAXR6ba0y5npOLQ="},"indexInfo":{"baseKey":"BbFpL80D8LkEjoDhmVEusF1H1XYeh/HZXrbcbzczpxA0","baseKeyType":1,"closed":-1,"used":1682603060997,"created":1682603060997,"remoteIdentityKey":"BejDSeOP6m5JNmPSD/BEiC+1WEDFsoY2wuaI48RSYp04"},"_chains":{"BQVKKwWIFPayqmksEdhYejVB+SdgLjwRGmVqrNF5r6gq":{"chainKey":{"counter":360,"key":"KBgeE4vXQB34fui1orHRJirOrEbIHFg0FIWHdeZm9Kc="},"chainType":1,"messageKeys":{}}},"pendingPreKey":{"signedKeyId":1,"baseKey":"BbFpL80D8LkEjoDhmVEusF1H1XYeh/HZXrbcbzczpxA0","preKeyId":5555192}}},"version":"v1"}