{"_sessions":{"BZFw+NuiI9TR6IfCPZEIwu35UmqEKizEdun7hRE0SsED":{"registrationId":269871617,"currentRatchet":{"ephemeralKeyPair":{"pubKey":"BfP3zh5ORlT5rJjBJwSOfgdvsG17o8MoXafTuwsq+xI9","privKey":"MEIGTlpENuBgyv55efP0fditxAh2OEmgTFu5cD0jV2U="},"lastRemoteEphemeralKey":"BSHeMV9OJH7EHsmAXYPWeLabUWTtDUZN8fXc8jOyqjcr","previousCounter":0,"rootKey":"NJg+BBsho7kyCcvKKXSxBSbhZAfF5cQIYTnju+U3Nt4="},"indexInfo":{"baseKey":"BZFw+NuiI9TR6IfCPZEIwu35UmqEKizEdun7hRE0SsED","baseKeyType":1,"closed":-1,"used":1682619373934,"created":1682619373934,"remoteIdentityKey":"BZlopwoYF/B0jJfHLiVkqFpOktoqr3CF6LpiRjfj/Q8f"},"_chains":{"BfP3zh5ORlT5rJjBJwSOfgdvsG17o8MoXafTuwsq+xI9":{"chainKey":{"counter":3,"key":"PmzgY2NC28ESr+CUwLruhXOVY30JsUrd+KEUgl3ubl0="},"chainType":1,"messageKeys":{}}},"pendingPreKey":{"signedKeyId":1,"baseKey":"BZFw+NuiI9TR6IfCPZEIwu35UmqEKizEdun7hRE0SsED","preKeyId":8595609}}},"version":"v1"}