{"_sessions":{"BeTdmRvJCgs9gy0fEZgb95SjwizziAwrKiHgpgGBGuwN":{"registrationId":2098280467,"currentRatchet":{"ephemeralKeyPair":{"pubKey":"BbTU3HceRLE6ov48YUYg6Afx42sFoV/pmc+TIRIUbtoc","privKey":"SK5LYGPVHy3FYgdaFSwnbSYJF2tvmTgZE1FAOv9jP30="},"lastRemoteEphemeralKey":"BZgpbPlBhv4ABf2Jgf3TdH5g4AJpztRTRKOwA40Cv/h3","previousCounter":0,"rootKey":"ivWvw0ra2488bp07c4PPNFB2k8X+mfblw5yc5n4GVxk="},"indexInfo":{"baseKey":"BeTdmRvJCgs9gy0fEZgb95SjwizziAwrKiHgpgGBGuwN","baseKeyType":2,"closed":-1,"used":1682605650950,"created":1682602348170,"remoteIdentityKey":"BcOBNh6NjHB8zcfLufsvN5YWC4ekMQBHAMTl4Oz66ZsC"},"_chains":{"BXRwbEuFvlT0TRsWaoIO14ytm4GxXFQOcpz8meoFnLAD":{"chainKey":{"counter":0},"chainType":2,"messageKeys":{}},"BS8YpgkTFBWCYznD5Xh9Ms6/20Em9bRKAeI+Tmw+bDcC":{"chainKey":{"counter":0},"chainType":2,"messageKeys":{}},"BZVnyRKnK+P/ta+PzrMvmj2EgnVCjo3eUH+ICB/eLvdh":{"chainKey":{"counter":0},"chainType":2,"messageKeys":{}},"BbH6ffbIXg197s+RYiMdmEm3LdQ1Y4d4iKAV1b+EAXkw":{"chainKey":{"counter":2},"chainType":2,"messageKeys":{}},"Bdd1thptvgGuOUR3Aclj6PzC/iSHp9B6WsckeMJve45d":{"chainKey":{"counter":0},"chainType":2,"messageKeys":{}},"BQZWYVtii+c7Myhb9SwQ8Yo1C42Wj4N6ExA3mAmhUBd2":{"chainKey":{"counter":1},"chainType":2,"messageKeys":{}},"BUm6fQcVbdhf7r28bf46lmrJIg5srwXpk+YkAQsRRGko":{"chainKey":{"counter":0},"chainType":2,"messageKeys":{}},"BbLO0dJBYj9gMYoTKUDZT6EWqGV+GfNqWW62HdkqzOIs":{"chainKey":{"counter":0},"chainType":2,"messageKeys":{}},"BXBaORNjKwL8fWzU9ZYDuQUBsnR4DzqPNcIaSqD7YthR":{"chainKey":{"counter":2},"chainType":2,"messageKeys":{}},"BXka4wIZSkwJdjTYojnTmUerrXxu34VNay/bo8jlfwUK":{"chainKey":{"counter":2},"chainType":2,"messageKeys":{}},"BQMRWlU5ovzYs/ce6IvdS2ndVUv8z5+BiAOFXTEMOfo6":{"chainKey":{"counter":3},"chainType":2,"messageKeys":{}},"BXv21cGyF9UYK/0skYctPL9ezWmJs8P/EJ4QtQAkdM0K":{"chainKey":{"counter":2},"chainType":2,"messageKeys":{}},"BWf6tuuAheSpVJysTwQzdRURCh1yLXbplDJ9Zl3cAAAj":{"chainKey":{"counter":0},"chainType":2,"messageKeys":{}},"BQOLNrQi+Vuj5aWXBG+ndl90MBBpb1OVLpyP1E7/gT1a":{"chainKey":{"counter":0},"chainType":2,"messageKeys":{}},"BXJecXQkiBXmK8PKCsPPidOQwkNJtFyVP+uQCC7MknsT":{"chainKey":{"counter":0},"chainType":2,"messageKeys":{}},"BR5tt0b73LYS4C7HVv1mnZhygoe2rAS7049RVPFvtUR8":{"chainKey":{"counter":2},"chainType":2,"messageKeys":{}},"BcuuNt+Elsoejpn9HnKAq59KPUkyldewgmmY2ExHXPIF":{"chainKey":{"counter":1},"chainType":2,"messageKeys":{}},"BeNwPEoY6gdcuCwUKTFXH3IX6CpGYtCpLL84RD47q1E5":{"chainKey":{"counter":1},"chainType":2,"messageKeys":{}},"BSQbZBMzog0ygqaXedOjzVVn6XanNF+dd1neNZTVU89B":{"chainKey":{"counter":0},"chainType":2,"messageKeys":{}},"Bbh1OA65tybkYwIhqNm1BlBiaVjmQwN85XvBqQeaRKwN":{"chainKey":{"counter":0},"chainType":2,"messageKeys":{}},"BewEOjXmT4cN0efkO+Pkub20WOhNtvdoyM3aDkBNS5wx":{"chainKey":{"counter":1},"chainType":2,"messageKeys":{}},"BU13PgTtEDC7OUIMRRG/b5Wvy1U/g5JZ6PZPCuFiUxdh":{"chainKey":{"counter":0},"chainType":2,"messageKeys":{}},"BctU7BgLVigcsbUlKVIO/PnbW8FZqr/WMaZVFQg4P2km":{"chainKey":{"counter":0},"chainType":2,"messageKeys":{}},"BWm8g/1uL568BacNMgFOjk368TC32ef9hLygHqEX4lJb":{"chainKey":{"counter":1},"chainType":2,"messageKeys":{}},"BUN8H9+FccPm58mCdtG/+Ii6sAuIpKFDO4zY+3xHUPgj":{"chainKey":{"counter":0},"chainType":2,"messageKeys":{}},"BZgpbPlBhv4ABf2Jgf3TdH5g4AJpztRTRKOwA40Cv/h3":{"chainKey":{"counter":0,"key":"D7qP933wLomM5dc5PJJI4wg8xcQNGE4RFtAyAgOf2SU="},"chainType":2,"messageKeys":{}},"BbTU3HceRLE6ov48YUYg6Afx42sFoV/pmc+TIRIUbtoc":{"chainKey":{"counter":-1,"key":"mEqD6XvnboMNV10gR+l8z8YoncPIZOLcfPdjLR2cC6Q="},"chainType":1,"messageKeys":{}}}}},"version":"v1"}