{"_sessions":{"BdOJDAbnz8zU4bYb+V8SY0YU9JK/AZP1omlXtQrEfigr":{"registrationId":1870499155,"currentRatchet":{"ephemeralKeyPair":{"pubKey":"BTN1ceKqMGvSgFq2pdPltkA+AxOSGKC1f6rR3do62Odo","privKey":"gOAaBEerKsXd7eMwOXljuc0jd4PZMhRMK4K1daSG/lE="},"lastRemoteEphemeralKey":"BUg/WxiUMQVYIbb1gYRQ6D7T69lLasEUHgYfCHYR6hxj","previousCounter":0,"rootKey":"JTvOPHgkWSVs/qdVtt5cL7b7XPcOkD4GWnzu/CdNJUk="},"indexInfo":{"baseKey":"BdOJDAbnz8zU4bYb+V8SY0YU9JK/AZP1omlXtQrEfigr","baseKeyType":1,"closed":-1,"used":1682619373938,"created":1682619373938,"remoteIdentityKey":"BR77nHMWzXVBbGQKYswXQauUt+feWsOT/Yh0l8xNzPYd"},"_chains":{"BTN1ceKqMGvSgFq2pdPltkA+AxOSGKC1f6rR3do62Odo":{"chainKey":{"counter":3,"key":"eE4yiZfEYKpzUWUDB+glEi29UyNftLU0g2CpAevr9dA="},"chainType":1,"messageKeys":{}}},"pendingPreKey":{"signedKeyId":8,"baseKey":"BdOJDAbnz8zU4bYb+V8SY0YU9JK/AZP1omlXtQrEfigr"}}},"version":"v1"}