{"_sessions":{"BQ4Rpz7QxRpVkhjijpOSE9NlET9GyJOvMEmv9kyD1zx/":{"registrationId":1723719173,"currentRatchet":{"ephemeralKeyPair":{"pubKey":"BZ8xIhl8KmuHzcaRi9m0YH3SfRCy9N4Y3cVUM/cM231k","privKey":"+L5x3sFHJWw0Jtq2YKRrhVFNO+Ng0NCYLS23/kWPmGQ="},"lastRemoteEphemeralKey":"BcDU5T7xxXdrQtFem7X8Z/eIUucD9iiDTTOYIAaPRkRe","previousCounter":0,"rootKey":"+Dnf9prdkyQjYbcaOKDeR5IRRqofWJiFU61QiCQFclE="},"indexInfo":{"baseKey":"BQ4Rpz7QxRpVkhjijpOSE9NlET9GyJOvMEmv9kyD1zx/","baseKeyType":1,"closed":-1,"used":1682603060869,"created":1682603060869,"remoteIdentityKey":"BZGefO68PDES/A632PAjoAD5MoGYadE64q4TvxkEe5YD"},"_chains":{"BZ8xIhl8KmuHzcaRi9m0YH3SfRCy9N4Y3cVUM/cM231k":{"chainKey":{"counter":360,"key":"gj36zQeYokbvu/FdRQyT20BKbpPpKG/9W4oYos7bBrI="},"chainType":1,"messageKeys":{}}},"pendingPreKey":{"signedKeyId":1,"baseKey":"BQ4Rpz7QxRpVkhjijpOSE9NlET9GyJOvMEmv9kyD1zx/","preKeyId":7362148}}},"version":"v1"}