{"_sessions":{"BVB1KsBKT57NRQhO1m2mv8g6TTRKrYkX15Gja8PheAlE":{"registrationId":374815247,"currentRatchet":{"ephemeralKeyPair":{"pubKey":"BfG2UX+z4UKTrKNdqpvzGHhK4ZoF/EmmwRQZ2E44aHRq","privKey":"KAkwBkp98P0SOWC7BxYdRy71AMUjAbyMsCC4S2Z6w24="},"lastRemoteEphemeralKey":"BQIqePcW2MnsQFboqfRSqXbH8M1gdXcf78VTvqZgH3p0","previousCounter":0,"rootKey":"lzmsfBhNExW/iini3FBnGTRQi890Sw/2Rnox9kGLXt8="},"indexInfo":{"baseKey":"BVB1KsBKT57NRQhO1m2mv8g6TTRKrYkX15Gja8PheAlE","baseKeyType":1,"closed":-1,"used":1682619374275,"created":1682619374275,"remoteIdentityKey":"BQC3NMezjKYEwSWEx1yRDddW2HLlIigUMUNeemCfdcdQ"},"_chains":{"BfG2UX+z4UKTrKNdqpvzGHhK4ZoF/EmmwRQZ2E44aHRq":{"chainKey":{"counter":3,"key":"q0p3WW40Z2Mkg7pmuJghpzaJZqYUqKP5UR/NrutF7jI="},"chainType":1,"messageKeys":{}}},"pendingPreKey":{"signedKeyId":1,"baseKey":"BVB1KsBKT57NRQhO1m2mv8g6TTRKrYkX15Gja8PheAlE","preKeyId":12571993}}},"version":"v1"}