{"_sessions":{"BT+Q13h9V76vNJUsU5C1NcLXMTl+Wxs9OZXVdkGm1chx":{"registrationId":14973,"currentRatchet":{"ephemeralKeyPair":{"pubKey":"BZ+CxxL2hil00T/uRFDBP1plaqeTx6RzDCC+ycVTSvVy","privKey":"UHwSwhZ5+umVyYbWGC7ALW6FjvMevX4sKD69dweXp3g="},"lastRemoteEphemeralKey":"BYUE0lSm+D8x8vbpGBTIL2/IoiycvCU3E8sWkixruqgz","previousCounter":0,"rootKey":"SjkFGWpNFylg1bJ+SWBECqLa9dYVMgyYazwOElrUFUA="},"indexInfo":{"baseKey":"BT+Q13h9V76vNJUsU5C1NcLXMTl+Wxs9OZXVdkGm1chx","baseKeyType":1,"closed":-1,"used":1682619373752,"created":1682619373752,"remoteIdentityKey":"BS2O24bhAcVri+gf3+lxRbOLEGCjUqcPEi8uYhAI9voF"},"_chains":{"BZ+CxxL2hil00T/uRFDBP1plaqeTx6RzDCC+ycVTSvVy":{"chainKey":{"counter":3,"key":"29ack7xdDiqOvlkXvcQJpecsGJvFdLe1ufpusiF5t7E="},"chainType":1,"messageKeys":{}}},"pendingPreKey":{"signedKeyId":1,"baseKey":"BT+Q13h9V76vNJUsU5C1NcLXMTl+Wxs9OZXVdkGm1chx"}}},"version":"v1"}