{"_sessions":{"BY9evZXi7J6NUpQ0n92krV6Q5HHrHgtoSUFCO1hlybBg":{"registrationId":1859010881,"currentRatchet":{"ephemeralKeyPair":{"pubKey":"BcjzkEzNXsCNpGXuEt55sBOJzNSjM6nyIAzxxAYGI3Zb","privKey":"OL7oo4qhNE7yFbVemoSbqWVYVv2Ww2vg+lHVUwyuRmY="},"lastRemoteEphemeralKey":"BbzilSlWMubFf8LBIVY5YJyH47qkw8kTCeYaKPeHZ7xs","previousCounter":355,"rootKey":"VCsUfSdaF0USkqNYcORY2rbS9VJU2WHf1dPtXUUNbxc="},"indexInfo":{"baseKey":"BY9evZXi7J6NUpQ0n92krV6Q5HHrHgtoSUFCO1hlybBg","baseKeyType":1,"closed":-1,"used":1682643297764,"created":1682603060985,"remoteIdentityKey":"BUYCA69S4VDHGFw3QIrN7NqOgA2RCZ0z+XJC9nRmZ1AT"},"_chains":{"BY1w/fYNzudU28erbPmezsbyGUkxdr1jH23un4w2hxVV":{"chainKey":{"counter":1},"chainType":2,"messageKeys":{}},"Bd342epudsQW9E0RXap5iqsg7YlprLonl8tbC56DvNZn":{"chainKey":{"counter":1},"chainType":2,"messageKeys":{}},"BWs5mH0RQLNVpp1R7+HtzWaSMRr1evF2jB+m23la9h5b":{"chainKey":{"counter":0},"chainType":2,"messageKeys":{}},"Bbrn0S3+G2CslDyrELN0nW3TEtwadqxlX6IoakKw8GMA":{"chainKey":{"counter":1},"chainType":2,"messageKeys":{}},"Bc5+MI4gk7FNoz1bqwdORqreJcQcTlUi7vqFZENBqn4e":{"chainKey":{"counter":0},"chainType":2,"messageKeys":{}},"BbzilSlWMubFf8LBIVY5YJyH47qkw8kTCeYaKPeHZ7xs":{"chainKey":{"counter":4,"key":"g73jOa+9CnGHs+QgXy3GGEFoHBUHi0Rnox2UFs7VShI="},"chainType":2,"messageKeys":{}},"BcjzkEzNXsCNpGXuEt55sBOJzNSjM6nyIAzxxAYGI3Zb":{"chainKey":{"counter":0,"key":"WoQfGHS3IhS+yIU6JeUto+EKB6PzO+jIppHnvyI3Pq8="},"chainType":1,"messageKeys":{}}}}},"version":"v1"}