{"_sessions":{"Bb1fQz0PgTI5vw5OqVfF2HYPyYrrmZaybBvotNkALwo0":{"registrationId":2092421213,"currentRatchet":{"ephemeralKeyPair":{"pubKey":"BUZniCLJBQA7gBjApqOAxI7HLBn2g9aKrkFlFij5SBNu","privKey":"kFJQ1lsa3KLVHX8K6P/9ErBJxZpgH3hVIiGhmY+td0I="},"lastRemoteEphemeralKey":"BVdhtUQ2xz9p2Yt7s2ks/pKcL/YgLW+fwDZtX3JZfsIS","previousCounter":0,"rootKey":"vp7qezjH4Hn03bUS4aUN6DbJ2xjukUG6bFv8gOtu+9I="},"indexInfo":{"baseKey":"Bb1fQz0PgTI5vw5OqVfF2HYPyYrrmZaybBvotNkALwo0","baseKeyType":1,"closed":-1,"used":1682619374169,"created":1682619374169,"remoteIdentityKey":"BU1MeUHOF1Q5RKKa/aOg3IHztIVbeHpEj4XRYCiiQf95"},"_chains":{"BUZniCLJBQA7gBjApqOAxI7HLBn2g9aKrkFlFij5SBNu":{"chainKey":{"counter":3,"key":"garavsntslFNOVfaKeGRYwme6JfAIPhVJ/UHmZfkl00="},"chainType":1,"messageKeys":{}}},"pendingPreKey":{"signedKeyId":0,"baseKey":"Bb1fQz0PgTI5vw5OqVfF2HYPyYrrmZaybBvotNkALwo0"}}},"version":"v1"}