{"_sessions":{"BSYzgNFvOwRwo6ANw2qm86ZlT1B8gLkIu+SSryD36rxl":{"registrationId":1929000139,"currentRatchet":{"ephemeralKeyPair":{"pubKey":"BUc2jkdYS6vbkrfsgoL1VHtjouWJcnjl3f332Uh9BP94","privKey":"GB2mBas9wPtEH95vjpGziXQHpSYrHsZBVSKC2LqZ10s="},"lastRemoteEphemeralKey":"BYm30zVUq47HZSTC0CTgakOmCdSTyqra8Tq3mfNuU25c","previousCounter":33,"rootKey":"R3AE/Z68xB4IzOP2yrkDlE3NRLh44ez64l5jtQqSqWQ="},"indexInfo":{"baseKey":"BSYzgNFvOwRwo6ANw2qm86ZlT1B8gLkIu+SSryD36rxl","baseKeyType":1,"closed":-1,"used":1682603833525,"created":1682603061406,"remoteIdentityKey":"BccWQ6GDzeC8QWXldmMZeb+8LhhXSvhnCo5lngwCIaRK"},"_chains":{"BYm30zVUq47HZSTC0CTgakOmCdSTyqra8Tq3mfNuU25c":{"chainKey":{"counter":0,"key":"nG/Y50EneHHB5uCZsYBKEI9rErIzXYpFGu3nMKiKRDc="},"chainType":2,"messageKeys":{}},"BUc2jkdYS6vbkrfsgoL1VHtjouWJcnjl3f332Uh9BP94":{"chainKey":{"counter":326,"key":"WHAEBqfJlJAp9Hj0Jv491h4J7pyLqqLtRsZ89Rupz6E="},"chainType":1,"messageKeys":{}}}}},"version":"v1"}