{"_sessions":{"BfUxn/PTE7KqzlF2tiMThcGFTF7/Oco7Go49qnn7p48c":{"registrationId":467993861,"currentRatchet":{"ephemeralKeyPair":{"pubKey":"BYmJFk5esQ9Ovu468VwAqMwbdlu73JSzeVoHVVzxOv58","privKey":"KPRv6HsKbpUzYZnV6MzxzrST4Eo/aQB4hSacaRsycUQ="},"lastRemoteEphemeralKey":"BRXsiifB6ojcOD/8kkYPxgwll2K3cTwlLiCc6lxV5gNp","previousCounter":0,"rootKey":"jKYysu5QLu/z4f3r64ZYbS80GSr1z6kgwzNOKO4sVfA="},"indexInfo":{"baseKey":"BfUxn/PTE7KqzlF2tiMThcGFTF7/Oco7Go49qnn7p48c","baseKeyType":1,"closed":-1,"used":1682619374123,"created":1682619374123,"remoteIdentityKey":"BZ/zBtD3FeLNJxolIZqLmbszsk8jnwgNexrMx2xAU3U8"},"_chains":{"BYmJFk5esQ9Ovu468VwAqMwbdlu73JSzeVoHVVzxOv58":{"chainKey":{"counter":3,"key":"HFmOLEVFJHGH7UWVweROmGTGW8EXFLB9Re24Sxc3FNU="},"chainType":1,"messageKeys":{}}},"pendingPreKey":{"signedKeyId":0,"baseKey":"BfUxn/PTE7KqzlF2tiMThcGFTF7/Oco7Go49qnn7p48c","preKeyId":7918791}}},"version":"v1"}