{"_sessions":{"Bf93FoBZZsy3kI1vNhMHI253yGI36hQPqx6AA4T8C00i":{"registrationId":134849774,"currentRatchet":{"ephemeralKeyPair":{"pubKey":"BRHWPB6MPkiUGrz22LyMM6xF5N7V3uXnKMuUDylGGeYC","privKey":"QAPSr32JyEEpHfsywBRED3Rq8IzRomtVYHyEKk6J5Fs="},"lastRemoteEphemeralKey":"BdopCYqsSLALN2yrVSASpfdFhD6NNbRYzcGiRsJFrUZt","previousCounter":0,"rootKey":"jsJXcthfXvZmeGgSS1g6Ei8Ck7AOgclxXVCWyZtDe8c="},"indexInfo":{"baseKey":"Bf93FoBZZsy3kI1vNhMHI253yGI36hQPqx6AA4T8C00i","baseKeyType":1,"closed":-1,"used":1682619374196,"created":1682619374196,"remoteIdentityKey":"BTuAtqK6xnr1Gf0ZRch0pj/i/XP5kyvOpFSAxUycHdBh"},"_chains":{"BRHWPB6MPkiUGrz22LyMM6xF5N7V3uXnKMuUDylGGeYC":{"chainKey":{"counter":3,"key":"Ogyald1F8eP9UJaw9MWvLJk202BHY5NiRtGKfWa183U="},"chainType":1,"messageKeys":{}}},"pendingPreKey":{"signedKeyId":3,"baseKey":"Bf93FoBZZsy3kI1vNhMHI253yGI36hQPqx6AA4T8C00i"}}},"version":"v1"}