{"_sessions":{"BcpYvDCfIwHXCBibj1jVuHsw2LkSaPH3d03jglBIokNC":{"registrationId":297735970,"currentRatchet":{"ephemeralKeyPair":{"pubKey":"BYLgCvBr9N2dB3597K3oP82baV7zWxoCWD18ZbKhrFZb","privKey":"oHwSrJLril2WvsAmEUJihP0e1Kt84O0klE/YfDwcZno="},"lastRemoteEphemeralKey":"BS+t4JXnh7/qmwT1AHyHNbx0IH6pkJ9mkAkJlUoq5Dd6","previousCounter":0,"rootKey":"z88615F+b+sVO4VsE9A6yotlEZKp8U0n37b5J7Zi/no="},"indexInfo":{"baseKey":"BcpYvDCfIwHXCBibj1jVuHsw2LkSaPH3d03jglBIokNC","baseKeyType":1,"closed":-1,"used":1682603060974,"created":1682603060974,"remoteIdentityKey":"BUKeeUwK4idFAhRwZm1T9HOQDU7W2SyUhCZod9dBX0BK"},"_chains":{"BYLgCvBr9N2dB3597K3oP82baV7zWxoCWD18ZbKhrFZb":{"chainKey":{"counter":360,"key":"PJ747vw9tu4U5osqCyRnzD1LPlZQDyjXDnvUfhO+CxY="},"chainType":1,"messageKeys":{}}},"pendingPreKey":{"signedKeyId":1,"baseKey":"BcpYvDCfIwHXCBibj1jVuHsw2LkSaPH3d03jglBIokNC","preKeyId":10703505}}},"version":"v1"}