{"_sessions":{"BfqMkizIcc5YjF191McSPC7td9vNvkuKEZU68pkVOwlt":{"registrationId":1377167560,"currentRatchet":{"ephemeralKeyPair":{"pubKey":"BbfKlzn2TBNp41XmHph07R8F2slZ0FnEx7VfphZ8Vokh","privKey":"EDuyTauO/pZPQ2tw6fi42qlLLNZ2xm5IYg4Ywn1Ab2Q="},"lastRemoteEphemeralKey":"BcJbcL5fPPev0EdP4ynuxWGEI0YmTl2CSOQkQ7Jv55kz","previousCounter":0,"rootKey":"/sCPS1ck0axlVTvzKmV0zpUeU1vtIbPnsctMpMGlQUQ="},"indexInfo":{"baseKey":"BfqMkizIcc5YjF191McSPC7td9vNvkuKEZU68pkVOwlt","baseKeyType":1,"closed":-1,"used":1682619374272,"created":1682619374272,"remoteIdentityKey":"BaDKK795eAYOWSZPO8yLiCi+tK73e+QEG62mJvrh2aZ+"},"_chains":{"BbfKlzn2TBNp41XmHph07R8F2slZ0FnEx7VfphZ8Vokh":{"chainKey":{"counter":3,"key":"QZ4TJAVGGAQ6zajMTVRFczEBTOvfqd7QKQU43m0NcZk="},"chainType":1,"messageKeys":{}}},"pendingPreKey":{"signedKeyId":1,"baseKey":"BfqMkizIcc5YjF191McSPC7td9vNvkuKEZU68pkVOwlt","preKeyId":15208546}}},"version":"v1"}