{"_sessions":{"Bfm6GYeEEUqu+H0G0pAibFL5QMWvMEL4qlLUX/iCaNc6":{"registrationId":292952514,"currentRatchet":{"ephemeralKeyPair":{"pubKey":"BS4DV6sRbVwfZsWh5m6EzYqOz15XigZgSpOH9dD+Yc8k","privKey":"GMm0a+XldWoj36aHfPCxBrqUoWFZ8ewPrr5GDXJ2ils="},"lastRemoteEphemeralKey":"BchCZhNKymizfxvMbVnPk3rsG7QKPHKI4jk0s5CShz9I","previousCounter":0,"rootKey":"tYb2oybYOl2oBJA6KDpt2oGpq54NUZLBIjVFl4l+dLc="},"indexInfo":{"baseKey":"Bfm6GYeEEUqu+H0G0pAibFL5QMWvMEL4qlLUX/iCaNc6","baseKeyType":1,"closed":-1,"used":1682603060996,"created":1682603060996,"remoteIdentityKey":"BUqPgt/3wAZlACFz4SjQI+CWyO8WVo8/lBILaUquAnRq"},"_chains":{"BS4DV6sRbVwfZsWh5m6EzYqOz15XigZgSpOH9dD+Yc8k":{"chainKey":{"counter":360,"key":"1Kg5LwxrQgP+q2Gd5XKwrlgXDE2u/ZmNODQ/g9cUxuY="},"chainType":1,"messageKeys":{}}},"pendingPreKey":{"signedKeyId":1,"baseKey":"Bfm6GYeEEUqu+H0G0pAibFL5QMWvMEL4qlLUX/iCaNc6","preKeyId":4367974}}},"version":"v1"}