{"_sessions":{"BVvr93D/sPKKtIUPlrSZCQutVOvqgQqjgzZSOZPDvqt0":{"registrationId":1788101130,"currentRatchet":{"ephemeralKeyPair":{"pubKey":"BY/uiER3NrU7nxfIp8Xe4pLsVEi0NfpomtV7OBEVf/Vg","privKey":"AAT796Vzi3eLwpko0C3ZBevxuv8SRWAdmWochH3LXE0="},"lastRemoteEphemeralKey":"BY7uKJPtyzekc8RTN6GCuaIw6nls9KtlLgchqg0lOZJQ","previousCounter":0,"rootKey":"R5NZvEhqsryLlQwG0WJgTuc2yxC4Ox3MTPVHinTrCes="},"indexInfo":{"baseKey":"BVvr93D/sPKKtIUPlrSZCQutVOvqgQqjgzZSOZPDvqt0","baseKeyType":1,"closed":-1,"used":1682603061212,"created":1682603061212,"remoteIdentityKey":"BRL0N5QqU9kpo3jOmE48VsqrPNVMYg+vE749aUMmLrov"},"_chains":{"BY/uiER3NrU7nxfIp8Xe4pLsVEi0NfpomtV7OBEVf/Vg":{"chainKey":{"counter":360,"key":"aTRNzk07n0S1mhPOUjMLB6H57ub4/gxEV+//DRH/GE0="},"chainType":1,"messageKeys":{}}},"pendingPreKey":{"signedKeyId":4,"baseKey":"BVvr93D/sPKKtIUPlrSZCQutVOvqgQqjgzZSOZPDvqt0","preKeyId":6705450}}},"version":"v1"}