{"_sessions":{"BYzHFB+/gmc5UEdgEyG8hclWctV0E457L+kfdDuaKPFY":{"registrationId":1072346496,"currentRatchet":{"ephemeralKeyPair":{"pubKey":"BeWiH5dPCF9R40BeO6ZAVC48yGwUHmmJ8KVw26BwlYp4","privKey":"mDj+tB+uuUuyF/y7XC+Olrv8plTVCzO5Ta8/Km68fm0="},"lastRemoteEphemeralKey":"BXCjfih8O1K9DidSFi+67ia6EdQX9kB/Kki/tVsk+XBx","previousCounter":0,"rootKey":"F2dwp0zVJQpgIcGoOdeI79AmWOibMM/D41ZTYZBblAg="},"indexInfo":{"baseKey":"BYzHFB+/gmc5UEdgEyG8hclWctV0E457L+kfdDuaKPFY","baseKeyType":1,"closed":-1,"used":1682619373868,"created":1682619373868,"remoteIdentityKey":"BRCY3gpaMTWNV6KBEhy/Fq504wEF3z4T1twnyIBRfIJ3"},"_chains":{"BeWiH5dPCF9R40BeO6ZAVC48yGwUHmmJ8KVw26BwlYp4":{"chainKey":{"counter":3,"key":"wmejycxL3094JqeyyZ56xyXrJdR9onq/zp/ak4sg6Jo="},"chainType":1,"messageKeys":{}}},"pendingPreKey":{"signedKeyId":6,"baseKey":"BYzHFB+/gmc5UEdgEyG8hclWctV0E457L+kfdDuaKPFY","preKeyId":14527197}}},"version":"v1"}