{"_sessions":{"Bbe7aBcFSNaupSm65mz664XfLP0D+jkhxx8FBB0iJ2kA":{"registrationId":1818149756,"currentRatchet":{"ephemeralKeyPair":{"pubKey":"BecQcA0LASwNcg32zxWe1L0v80I3aUeXqHuxxYFWl79u","privKey":"aE/TdKKeEvUGPR3eqPfM1cM4HQCwKWa54W4asotkQFI="},"lastRemoteEphemeralKey":"BQFF4rmj7sPvFGSveqF1yalM8VOpstQkNQ8Tn6TVR+5W","previousCounter":0,"rootKey":"/AHLW5kgBmlvAWknIHn19jIAZygB7Yc2CM9SLlXDf/4="},"indexInfo":{"baseKey":"Bbe7aBcFSNaupSm65mz664XfLP0D+jkhxx8FBB0iJ2kA","baseKeyType":1,"closed":-1,"used":1682619373957,"created":1682619373957,"remoteIdentityKey":"BU30lTaJPA8lgHMWWYF475UxFE5S3zKpKrAjq5Rz7WwN"},"_chains":{"BecQcA0LASwNcg32zxWe1L0v80I3aUeXqHuxxYFWl79u":{"chainKey":{"counter":3,"key":"EE/labuZZO+vxailoxVv6I5P0OGw9O6JPQ10vT3Z0zo="},"chainType":1,"messageKeys":{}}},"pendingPreKey":{"signedKeyId":2,"baseKey":"Bbe7aBcFSNaupSm65mz664XfLP0D+jkhxx8FBB0iJ2kA","preKeyId":15182066}}},"version":"v1"}