{"_sessions":{"Bb2PDTov8I8kXFdMhyQh4eyP7xNbsem00Rrh4u9Cbihw":{"registrationId":197290044,"currentRatchet":{"ephemeralKeyPair":{"pubKey":"BdDKQ8mY2ySWQXF4c+/xW3VAYTaQjCi3Zry0kGsJVTkm","privKey":"sOcuJbfUETXERBvGeCSC4ZLqG4xDdq+Gwit/seIz0kc="},"lastRemoteEphemeralKey":"Bfi+1i0iCg4p+BgGiwEWSH3A9Weoc0PGQR3tGCCIIvk2","previousCounter":0,"rootKey":"KqLh3mfv1DAjxBtA+pNgAcFjPoGrs50xvaYaEJFXbGw="},"indexInfo":{"baseKey":"Bb2PDTov8I8kXFdMhyQh4eyP7xNbsem00Rrh4u9Cbihw","baseKeyType":1,"closed":-1,"used":1682619374121,"created":1682619374121,"remoteIdentityKey":"BW3ESv7mQP1sD46+pmgr39dBV1OudExQXnJB/5VhzkR6"},"_chains":{"BdDKQ8mY2ySWQXF4c+/xW3VAYTaQjCi3Zry0kGsJVTkm":{"chainKey":{"counter":3,"key":"f5RXheOp8XyU5w6dp7RCpUVdocue2yysQ1AS14PuZAk="},"chainType":1,"messageKeys":{}}},"pendingPreKey":{"signedKeyId":4,"baseKey":"Bb2PDTov8I8kXFdMhyQh4eyP7xNbsem00Rrh4u9Cbihw","preKeyId":3061859}}},"version":"v1"}