{"_sessions":{"BcZYfyyivOYLz5RjwyhaS+VP6fZRR0SNRx5X3eVQDfJE":{"registrationId":1040417767,"currentRatchet":{"ephemeralKeyPair":{"pubKey":"Bbw+bSOrldtamQAdo6FcCfWPb1J3l6E2FlFf0sLH8OpW","privKey":"CKg+harQLe6KazVAO/xqvx0DMYpf0fzmlh/IGRadjkc="},"lastRemoteEphemeralKey":"BeMR+fvuhcKVc5ejPMEBuSOMtUlbDRRA7ifJ9r2dJx4u","previousCounter":0,"rootKey":"EM9vWf7hOXwbndHVBN+yqjeK0mx2/HcpLdmOqji7/PM="},"indexInfo":{"baseKey":"BcZYfyyivOYLz5RjwyhaS+VP6fZRR0SNRx5X3eVQDfJE","baseKeyType":1,"closed":-1,"used":1682603061037,"created":1682603061037,"remoteIdentityKey":"BSZWKvZn1spPT0PGp4iWpY2ymPa3gY8O2fp79ZIi+QVi"},"_chains":{"Bbw+bSOrldtamQAdo6FcCfWPb1J3l6E2FlFf0sLH8OpW":{"chainKey":{"counter":360,"key":"N9wnoIFS6yWvavhFizLx7CLZzF+HelatBTqPEacfPbo="},"chainType":1,"messageKeys":{}}},"pendingPreKey":{"signedKeyId":1,"baseKey":"BcZYfyyivOYLz5RjwyhaS+VP6fZRR0SNRx5X3eVQDfJE","preKeyId":6713356}}},"version":"v1"}