{"_sessions":{"BSCSAawW8uCR9RJCORImAnkFDY0kf1jdyzLF6jmkPhxy":{"registrationId":8723,"currentRatchet":{"ephemeralKeyPair":{"pubKey":"BZhABMRz+PzZDvUma/SvW4Wlt+OL6xMa+BDUJyzuZLof","privKey":"0BhS3ahjFZdwBSCFI42w31VeBvK43x01Jtd30hHlxXA="},"lastRemoteEphemeralKey":"BRdnDNZpAOJ0k5imzHXn5w32ZQP31kDyn/Lj99aoc/By","previousCounter":0,"rootKey":"zVYirAz8QSh3OaqNb9ngiDnL3RWGRUCTTB72admJ7TU="},"indexInfo":{"baseKey":"BSCSAawW8uCR9RJCORImAnkFDY0kf1jdyzLF6jmkPhxy","baseKeyType":1,"closed":-1,"used":1682619373751,"created":1682619373751,"remoteIdentityKey":"BfelTSAw1ipztj2VszsLZl83g/q19azs8kMVW++Cp9NM"},"_chains":{"BZhABMRz+PzZDvUma/SvW4Wlt+OL6xMa+BDUJyzuZLof":{"chainKey":{"counter":3,"key":"nbaBaXkEtTkVoBZdFY63LvpA3R5+iWP6QnaIDYfm5iw="},"chainType":1,"messageKeys":{}}},"pendingPreKey":{"signedKeyId":1,"baseKey":"BSCSAawW8uCR9RJCORImAnkFDY0kf1jdyzLF6jmkPhxy"}}},"version":"v1"}