{"_sessions":{"BX09PdIZfsNm8PlBEvzGNydDSbBEU1sALudC8e5tfyMr":{"registrationId":1280,"currentRatchet":{"ephemeralKeyPair":{"pubKey":"BSRug0E6p7VfDv95ymtBrzV8GwhpImcV3bUz/zGELehe","privKey":"ML7aKi6Xw2iENYUQmCDHGv13UYXA871GgvJOGBHczE4="},"lastRemoteEphemeralKey":"BeSvbAnlvvhkmX+KRZjJLjrj3zuWq9yicq4q0cW1LLRf","previousCounter":0,"rootKey":"oV4WiJjnspXS/QPn/NH3hYgrMtZrGSEy98RZt3XOfE0="},"indexInfo":{"baseKey":"BX09PdIZfsNm8PlBEvzGNydDSbBEU1sALudC8e5tfyMr","baseKeyType":1,"closed":-1,"used":1682619373749,"created":1682619373749,"remoteIdentityKey":"BUZgG+vU0RcEa1cOLtEMlw/AD8VLLy5OWp7MHkci+Edm"},"_chains":{"BSRug0E6p7VfDv95ymtBrzV8GwhpImcV3bUz/zGELehe":{"chainKey":{"counter":3,"key":"4sju6Nv0SMKkGlFxbfp9YRYyT5YSIu/tMTFx+8M2myc="},"chainType":1,"messageKeys":{}}},"pendingPreKey":{"signedKeyId":1,"baseKey":"BX09PdIZfsNm8PlBEvzGNydDSbBEU1sALudC8e5tfyMr"}}},"version":"v1"}