{"_sessions":{"BXvoQ4QkvuTo3EgkMuB8+kG9JroP9c2HxYPRDtlVgggW":{"registrationId":2049552678,"currentRatchet":{"ephemeralKeyPair":{"pubKey":"BXLZfPc1sOA28sneO+KQwum4RX0zTWipgDDxwNAGyGk0","privKey":"KKPrBqDmIexFrSMFVIUZCGbOQchBkKVahw82p5bPXGw="},"lastRemoteEphemeralKey":"BUJe+WSuIi1vZf3lOcvSMYGEOelbSOrS7jvo+WEoIUI7","previousCounter":0,"rootKey":"Zt+YECK2MuJ7WwoONjav7UZ4XiBNRHdt9VoQDQRsd9Q="},"indexInfo":{"baseKey":"BXvoQ4QkvuTo3EgkMuB8+kG9JroP9c2HxYPRDtlVgggW","baseKeyType":1,"closed":-1,"used":1682619374230,"created":1682619374230,"remoteIdentityKey":"Bci5WsJsr3ORCocTywtgrhiE90DVTVb7tieTgmknCvNk"},"_chains":{"BXLZfPc1sOA28sneO+KQwum4RX0zTWipgDDxwNAGyGk0":{"chainKey":{"counter":3,"key":"8IwfaetEN8nW65rXI9DE4gbG6T7zr2isvN9WPvbr5go="},"chainType":1,"messageKeys":{}}},"pendingPreKey":{"signedKeyId":6,"baseKey":"BXvoQ4QkvuTo3EgkMuB8+kG9JroP9c2HxYPRDtlVgggW"}}},"version":"v1"}