{"_sessions":{"BeOIkS3qAqZA5rVUr7ZVqe5BS1UN5FSpPZQBD1Z6FGkc":{"registrationId":1552820562,"currentRatchet":{"ephemeralKeyPair":{"pubKey":"BYjSpwWOrj3W/H8Mk84IWOUBLWn568YhU5FzWww8PUkv","privKey":"OPFTgPNFB88L3dE2AhE2JJvGyDIMJTkfza0V6eRQPV8="},"lastRemoteEphemeralKey":"BcfN2yPdjg780XqjjIlG/JsmGSkUloLQk4eLBsxX2+Qc","previousCounter":0,"rootKey":"SeOhHEy1wFzk9jFR9+Ji0c5bUNZKJKCshxAW8FRV8i0="},"indexInfo":{"baseKey":"BeOIkS3qAqZA5rVUr7ZVqe5BS1UN5FSpPZQBD1Z6FGkc","baseKeyType":1,"closed":-1,"used":1682619373971,"created":1682619373971,"remoteIdentityKey":"BcOJLhpCBLdC7mqc2FoGcBx8QIZyOqyuGsuj7iRwyNxS"},"_chains":{"BYjSpwWOrj3W/H8Mk84IWOUBLWn568YhU5FzWww8PUkv":{"chainKey":{"counter":3,"key":"H/mdrxEqIBl4t/dCRatcNFMd2LbPNWNFeFzB4440a1o="},"chainType":1,"messageKeys":{}}},"pendingPreKey":{"signedKeyId":10,"baseKey":"BeOIkS3qAqZA5rVUr7ZVqe5BS1UN5FSpPZQBD1Z6FGkc"}}},"version":"v1"}