{"_sessions":{"BTylorGY342BLomsN0YMlplD4SeEepmDoYw+9SwShYk/":{"registrationId":907951869,"currentRatchet":{"ephemeralKeyPair":{"pubKey":"BTO1q2buN8NindKAx8p1zY3BgMStfxHJ3i0sDEYTwMRF","privKey":"sFD0XtVi01UTGQs3RpQFQV6iU5BVD6a0WrENzoHO6Hc="},"lastRemoteEphemeralKey":"BUIYHsfwbALXs/ukq3iMQr/shSkpnq/mLY+fhvIWVB50","previousCounter":0,"rootKey":"4VAmtNr92jah86tS+iTBIsVmvBVy/CeVCbDTntyF+Z4="},"indexInfo":{"baseKey":"BTylorGY342BLomsN0YMlplD4SeEepmDoYw+9SwShYk/","baseKeyType":1,"closed":1682644128912,"used":1682644128876,"created":1682644128876,"remoteIdentityKey":"BfWWf5K4bODrMY3br8GlogQyh1ZCpt41MWL/sLbfbe5o"},"_chains":{"BTO1q2buN8NindKAx8p1zY3BgMStfxHJ3i0sDEYTwMRF":{"chainKey":{"counter":0,"key":"e7MHmosUizhIWCVS5R2nPMsUKLMmyhW9dd9Yhzt4Szs="},"chainType":1,"messageKeys":{}}},"pendingPreKey":{"signedKeyId":2,"baseKey":"BTylorGY342BLomsN0YMlplD4SeEepmDoYw+9SwShYk/","preKeyId":13104250}},"Bc4DRDsQydZQ54KOJlysr3Nfy2BCIWSfZg7qmN9t2+Jb":{"registrationId":907951869,"currentRatchet":{"ephemeralKeyPair":{"pubKey":"BV6rjaHjYG4TW3VcXrpgWXhs/ulHVQY9FeWkpIvlzJYa","privKey":"QPPAIk830tA1Mx3GoZj3pnN76BSnjXKpyuGF9GJW6kE="},"lastRemoteEphemeralKey":"BUIYHsfwbALXs/ukq3iMQr/shSkpnq/mLY+fhvIWVB50","previousCounter":0,"rootKey":"D5AXCXC3j5QenVXpqdC77InhBNWaU5rZAnksvnVmacI="},"indexInfo":{"baseKey":"Bc4DRDsQydZQ54KOJlysr3Nfy2BCIWSfZg7qmN9t2+Jb","baseKeyType":1,"closed":-1,"used":1682644128906,"created":1682644128906,"remoteIdentityKey":"BfWWf5K4bODrMY3br8GlogQyh1ZCpt41MWL/sLbfbe5o"},"_chains":{"BV6rjaHjYG4TW3VcXrpgWXhs/ulHVQY9FeWkpIvlzJYa":{"chainKey":{"counter":0,"key":"d5ilNSFuHU4ICKktn9cLE1xB5sDzQIxDwZOK2DS8eBY="},"chainType":1,"messageKeys":{}}},"pendingPreKey":{"signedKeyId":2,"baseKey":"Bc4DRDsQydZQ54KOJlysr3Nfy2BCIWSfZg7qmN9t2+Jb","preKeyId":13104315}}},"version":"v1"}