{"_sessions":{"BUgqFjondActwyJppb4Xx9VYLC8wyLovWYwizCCLoR8u":{"registrationId":1723402009,"currentRatchet":{"ephemeralKeyPair":{"pubKey":"BRIz9berM5N9td+hQIKm0+o+XRuoWJccJwSToYALq+dd","privKey":"YCKR6Hoae1LwMX+2MPCjWTdSzSp9lI53R89HeqxnTk0="},"lastRemoteEphemeralKey":"BYS+wLbO4GMA56Vmi0ret3lxfEFyLs5khbbzZCxWsgAY","previousCounter":359,"rootKey":"p1KiTNvow+ACIzbBkWZmIx11fcDD6hgDIfu890QFo6Q="},"indexInfo":{"baseKey":"BUgqFjondActwyJppb4Xx9VYLC8wyLovWYwizCCLoR8u","baseKeyType":1,"closed":-1,"used":1682644352566,"created":1682603060963,"remoteIdentityKey":"BaLgRp6RUhpmp5IXe5oBndmw7pC6f5ZrAW3caY2Rh6Jb"},"_chains":{"BYS+wLbO4GMA56Vmi0ret3lxfEFyLs5khbbzZCxWsgAY":{"chainKey":{"counter":0,"key":"WN9mUji3+PqLmy12HdEXYQGpNjYNrgshY5iWOeUZ/0U="},"chainType":2,"messageKeys":{}},"BRIz9berM5N9td+hQIKm0+o+XRuoWJccJwSToYALq+dd":{"chainKey":{"counter":0,"key":"pbjdQ+tSKEmgX3x0LBNuevHBxB+p+kCe5sFW7iL5r9Q="},"chainType":1,"messageKeys":{}}}}},"version":"v1"}