{"_sessions":{"BXW8rSLY/dhqjCc78wVtTQ4sjcIATnZSi3XNRqV0PGhP":{"registrationId":2012400317,"currentRatchet":{"ephemeralKeyPair":{"pubKey":"BbhzOfncdVNTGJbwRGdvGXhJUJrq0JL80lbti1qEuCpr","privKey":"eMZbaz31f22MoiYy6YNUxV7fMagsj01WrQWYAAKBfWc="},"lastRemoteEphemeralKey":"BcFWTvwPpqUuVoDMCWbTPTMH+65wJDsidV/YnqgYO7ww","previousCounter":3,"rootKey":"qta8dqJG6186RgcSX9ktyq48tMXXO21SpcKvRe0npHA="},"indexInfo":{"baseKey":"BXW8rSLY/dhqjCc78wVtTQ4sjcIATnZSi3XNRqV0PGhP","baseKeyType":1,"closed":-1,"used":1682603447962,"created":1682603061251,"remoteIdentityKey":"BWCeBzI8Hwb7t/kQ6xtfQXcJw8w2tqIsh0FBalcYYgE+"},"_chains":{"BcFWTvwPpqUuVoDMCWbTPTMH+65wJDsidV/YnqgYO7ww":{"chainKey":{"counter":0,"key":"ce5AN4/K9JAshTT86q1Dli1T9S6QhfH1eWtQO6YqJ34="},"chainType":2,"messageKeys":{}},"BbhzOfncdVNTGJbwRGdvGXhJUJrq0JL80lbti1qEuCpr":{"chainKey":{"counter":356,"key":"iFvrCc8ds5WEytF4cCMEIn4DvYKnf8adeBYQeTZLfGA="},"chainType":1,"messageKeys":{}}}}},"version":"v1"}