{"_sessions":{"Bb3+JPK1Uxkr4nN+9hqUTOjYWzYth3oIl+IRdIYmJG5Y":{"registrationId":925245918,"currentRatchet":{"ephemeralKeyPair":{"pubKey":"BaNjBIg3M3PjKbPmkSmSI9kceg9MADsnBANyY5Nwo4YE","privKey":"IIPownpQON9ONVPbizFYgXoCoTC0Tdt0+PS9z2NIRG8="},"lastRemoteEphemeralKey":"BYNLHjCeoAaQezwHT3a8kkZmN4N0HzWr2MUYkqGoDTss","previousCounter":0,"rootKey":"qmQXRUZL0dNfi+jP6N8YfUVV498enVdeKV+6PWMraUI="},"indexInfo":{"baseKey":"Bb3+JPK1Uxkr4nN+9hqUTOjYWzYth3oIl+IRdIYmJG5Y","baseKeyType":1,"closed":-1,"used":1682619373964,"created":1682619373964,"remoteIdentityKey":"BQg1K72FXAkbgTkBOPraq+RPUfPRVlVo5Ekknyxl4Pg2"},"_chains":{"BaNjBIg3M3PjKbPmkSmSI9kceg9MADsnBANyY5Nwo4YE":{"chainKey":{"counter":3,"key":"eYjY9RIXqq0+6x+8VYHDRdrj3Q42elq9bWcPHF3EL1o="},"chainType":1,"messageKeys":{}}},"pendingPreKey":{"signedKeyId":0,"baseKey":"Bb3+JPK1Uxkr4nN+9hqUTOjYWzYth3oIl+IRdIYmJG5Y"}}},"version":"v1"}