{"_sessions":{"BeA+RBY0ew3cQa1dc5MzSnYJF3Z7BJFC1vM1ZEBMCz1i":{"registrationId":1844197003,"currentRatchet":{"ephemeralKeyPair":{"pubKey":"BeVpudEZTYJnMAM/hCF59xYF3kXHBoZ8gUr+2skgpdtU","privKey":"uIBlTWxu6mj+cDeoLmVaqjTCkqwHpYp7WWtBbn9ePEM="},"lastRemoteEphemeralKey":"BR7X0Fu4lUd+ZljTwbxqqfekOoBOkIT5CgCNqt9uscZ9","previousCounter":0,"rootKey":"2Bj7jmnSt9Slfzzn+kGSevNXsUTM5f2SNLeo2S208Xo="},"indexInfo":{"baseKey":"BeA+RBY0ew3cQa1dc5MzSnYJF3Z7BJFC1vM1ZEBMCz1i","baseKeyType":1,"closed":-1,"used":1682603060946,"created":1682603060946,"remoteIdentityKey":"BQQR72f8nmwzDajjqV8cY9cQ7kNyqE/SFm7Q1cVDbMgN"},"_chains":{"BeVpudEZTYJnMAM/hCF59xYF3kXHBoZ8gUr+2skgpdtU":{"chainKey":{"counter":360,"key":"kZWfh0JaYXIjIrvw4+u5dIMBYwV0niS0bi80RpyoT0g="},"chainType":1,"messageKeys":{}}},"pendingPreKey":{"signedKeyId":7,"baseKey":"BeA+RBY0ew3cQa1dc5MzSnYJF3Z7BJFC1vM1ZEBMCz1i"}}},"version":"v1"}