{"_sessions":{"BfJZkDJ1WcMezQIpcqMmsHQI28+rpmdOjYvB6f7nZbkf":{"registrationId":967498480,"currentRatchet":{"ephemeralKeyPair":{"pubKey":"BX/Wc1vEI26vttudVE+uMIOArH3iZe/GjB+OTyc88NFT","privKey":"GPMy+GkqAErjr/VAHj3RaqyVZCYavkG/D4bfnvPjpHk="},"lastRemoteEphemeralKey":"BSAhj5YQABLVbMpVPmx51TuRt+KY+f7ieGM4oxqOD5Av","previousCounter":0,"rootKey":"mvFliJhcNOZuzmdVGGDXmbnqGETvbU7iqqvHskDdQiA="},"indexInfo":{"baseKey":"BfJZkDJ1WcMezQIpcqMmsHQI28+rpmdOjYvB6f7nZbkf","baseKeyType":1,"closed":-1,"used":1682603060965,"created":1682603060965,"remoteIdentityKey":"BTfTmYiYVtWKx4FdIUZvu7yFsgapnwBwLCgBKtUpo2JK"},"_chains":{"BX/Wc1vEI26vttudVE+uMIOArH3iZe/GjB+OTyc88NFT":{"chainKey":{"counter":360,"key":"UbryDv1o0vnc4IdDIBmvxxDVq+Gn3L4Wftdop2DnFYs="},"chainType":1,"messageKeys":{}}},"pendingPreKey":{"signedKeyId":3,"baseKey":"BfJZkDJ1WcMezQIpcqMmsHQI28+rpmdOjYvB6f7nZbkf","preKeyId":12970757}}},"version":"v1"}