{"_sessions":{"BcT82KyLpi6wzwbiVWf1CwcMW/1mgPZY3LZYbwtWwcA1":{"registrationId":812361328,"currentRatchet":{"ephemeralKeyPair":{"pubKey":"BYBR09Ay/x9nciaY/CCszwxmbj8WwSTQWCbduXmvdA4/","privKey":"sAgMAX76P74Iln1UhZ8j5pha+9YsCK9oBhgjnnYO1WE="},"lastRemoteEphemeralKey":"BVUxkjs89sWxxXAquphQrQpPMn2jwVWZYKK2lD1o4pgd","previousCounter":0,"rootKey":"dqiS/IAb6Vn8Cou37zyryV3+9l9zDkRGOQ2spoXvtyg="},"indexInfo":{"baseKey":"BcT82KyLpi6wzwbiVWf1CwcMW/1mgPZY3LZYbwtWwcA1","baseKeyType":1,"closed":-1,"used":1682603061176,"created":1682603061176,"remoteIdentityKey":"BbW0uSfn8ulH49jBf+pgIAV7pdo5k66ZHOqAVInASP4l"},"_chains":{"BYBR09Ay/x9nciaY/CCszwxmbj8WwSTQWCbduXmvdA4/":{"chainKey":{"counter":360,"key":"dtSnYnWjQRDbEtxjJxv26MiUa5xvf0VBuPAcG1NpbWY="},"chainType":1,"messageKeys":{}}},"pendingPreKey":{"signedKeyId":14,"baseKey":"BcT82KyLpi6wzwbiVWf1CwcMW/1mgPZY3LZYbwtWwcA1","preKeyId":8462226}}},"version":"v1"}