{"_sessions":{"BSd1CEDwIx8xOI7ZB15j6x28KfIxUPzm0AkqT5hln1xS":{"registrationId":447201010,"currentRatchet":{"ephemeralKeyPair":{"pubKey":"BerId9mTqVzzQe9yQLeR5bHJYtNuZb549mICSfxNmx47","privKey":"OEK/EhWPd2emjpCsbgyeCgOL/u8kGqmskqP6jIQ5JkE="},"lastRemoteEphemeralKey":"BZLyD7UojAMvi6yJ0P2KOrawnt6QNxY7jgB9me9u6XdJ","previousCounter":0,"rootKey":"FN3RtkUXEARUvj1NM+OCoYoCYt0dQHS39C5ErJI800U="},"indexInfo":{"baseKey":"BSd1CEDwIx8xOI7ZB15j6x28KfIxUPzm0AkqT5hln1xS","baseKeyType":1,"closed":-1,"used":1682603061223,"created":1682603061223,"remoteIdentityKey":"BZ5itOqA9HxEV3XI2OZMk0iFZmsR04dpFrV2MAli45Rh"},"_chains":{"BerId9mTqVzzQe9yQLeR5bHJYtNuZb549mICSfxNmx47":{"chainKey":{"counter":360,"key":"it1s48LwG3x4g3Eu0fwhBHRW0KMmtjoFA93WZdBk+tk="},"chainType":1,"messageKeys":{}}},"pendingPreKey":{"signedKeyId":35,"baseKey":"BSd1CEDwIx8xOI7ZB15j6x28KfIxUPzm0AkqT5hln1xS","preKeyId":15528351}}},"version":"v1"}