{"_sessions":{"BfScCxhNqtSDhQYBWIUnzxSzKIVrcIfmD+zDYPBwjrxW":{"registrationId":1768708351,"currentRatchet":{"ephemeralKeyPair":{"pubKey":"BW2659X1zV6sKjyPPdJHMNn/unzycqD93ps6y60NiDVm","privKey":"2GdMhHMeLh1qvhmzQABbXZsAee0305eVl7fwgsXV8Us="},"lastRemoteEphemeralKey":"Bfwzgn1b3Z2AKL9W2iNUPDMamD6b80/YFUqCWrPXcJkI","previousCounter":0,"rootKey":"0XG+yC3FLL0FoNRpWW8Huy4Inrxxsqrd9oZfdHYOCmA="},"indexInfo":{"baseKey":"BfScCxhNqtSDhQYBWIUnzxSzKIVrcIfmD+zDYPBwjrxW","baseKeyType":1,"closed":-1,"used":1682619374061,"created":1682619374061,"remoteIdentityKey":"BSKxlv8n6YTJt9HTN6fRCK6ONxJOOpOyE9aHyPWb+IFv"},"_chains":{"BW2659X1zV6sKjyPPdJHMNn/unzycqD93ps6y60NiDVm":{"chainKey":{"counter":3,"key":"Mk2ejwmB89159cQu/12HMxrVVdOli8W0XVGXTxHZnpU="},"chainType":1,"messageKeys":{}}},"pendingPreKey":{"signedKeyId":13,"baseKey":"BfScCxhNqtSDhQYBWIUnzxSzKIVrcIfmD+zDYPBwjrxW","preKeyId":7092772}}},"version":"v1"}