{"_sessions":{"BW7vLqa2/U/RLJVEXnJt69EwJXIJDL35X8YkqiWKEOdH":{"registrationId":109,"currentRatchet":{"ephemeralKeyPair":{"pubKey":"Bc8VgD8KYAsx63wqIAy3tp3V2xb1cP75PkMBnpY3Y/5i","privKey":"8EsXJu1cOQoHCkA3yOM2gdxz4onFW3CFDacST9y8sUk="},"lastRemoteEphemeralKey":"BX141Xbwv972m+9LIlwzOo5/0s5qtf+c1k/JG94krY9z","previousCounter":0,"rootKey":"gXfo994TH4QTMlqqRRr6zwPQT0AmVoLA2X9dpidFei4="},"indexInfo":{"baseKey":"BW7vLqa2/U/RLJVEXnJt69EwJXIJDL35X8YkqiWKEOdH","baseKeyType":1,"closed":-1,"used":1682603060776,"created":1682603060776,"remoteIdentityKey":"BZaeF4f0tz6wGlhaOeK/UmMeN/gOWx4q4AgP8UosPHFM"},"_chains":{"Bc8VgD8KYAsx63wqIAy3tp3V2xb1cP75PkMBnpY3Y/5i":{"chainKey":{"counter":360,"key":"EGcSKIwdz2YFOGDaSikdxxckE1h+3ZVUROCbcoqv2iw="},"chainType":1,"messageKeys":{}}},"pendingPreKey":{"signedKeyId":1,"baseKey":"BW7vLqa2/U/RLJVEXnJt69EwJXIJDL35X8YkqiWKEOdH"}}},"version":"v1"}