{"_sessions":{"BREtK5BXWQF609zASOqi+nhrtC56WItlYP5/SSJnm81q":{"registrationId":1670928094,"currentRatchet":{"ephemeralKeyPair":{"pubKey":"Bd27kYtCKaXRAsI04uFd97NM7VXiz76O4wUJxEjmkQ8U","privKey":"KJymZiPjrZZBTY7L240DDgh7jK2wzH/4kXzT9zRUek8="},"lastRemoteEphemeralKey":"BbTwADlL+tpn2XrCIBV6WxyPLVxkqWRbIlByzpGYaqtg","previousCounter":0,"rootKey":"RjWZ8ksO8052zRPbcuq1kxMDp7D9T4fLssOdsGCQ8vw="},"indexInfo":{"baseKey":"BREtK5BXWQF609zASOqi+nhrtC56WItlYP5/SSJnm81q","baseKeyType":1,"closed":1682641810613,"used":1682641808769,"created":1682641808769,"remoteIdentityKey":"BXLGTp/PPtzwIgZBp99GLNkC+A8Y8XARdeWYCXKpHNAs"},"_chains":{"Bd27kYtCKaXRAsI04uFd97NM7VXiz76O4wUJxEjmkQ8U":{"chainKey":{"counter":0,"key":"+KdDGSjeD/M9Vxl65m2wzIAeyvJzdBoq116AkmS3jeM="},"chainType":1,"messageKeys":{}}},"pendingPreKey":{"signedKeyId":0,"baseKey":"BREtK5BXWQF609zASOqi+nhrtC56WItlYP5/SSJnm81q"}},"BX5ud+3OiKAlQfGin9i08IiUx1KBNRPIK5u2OstHvIE6":{"registrationId":1670928094,"currentRatchet":{"ephemeralKeyPair":{"pubKey":"BXLPVmCAQTOPLnV6AnZaAblCimSp8mfc5TsOBTKxnjEj","privKey":"mOV5raCjbsv5RUh0qctUnza3025MI30nQP+or5XvZ2Q="},"lastRemoteEphemeralKey":"BbTwADlL+tpn2XrCIBV6WxyPLVxkqWRbIlByzpGYaqtg","previousCounter":0,"rootKey":"etkdhqCdmFj4eY6Tss7SMfoN0NMoT75yHTpU/m0Ouak="},"indexInfo":{"baseKey":"BX5ud+3OiKAlQfGin9i08IiUx1KBNRPIK5u2OstHvIE6","baseKeyType":1,"closed":1682641812555,"used":1682641810611,"created":1682641810611,"remoteIdentityKey":"BXLGTp/PPtzwIgZBp99GLNkC+A8Y8XARdeWYCXKpHNAs"},"_chains":{"BXLPVmCAQTOPLnV6AnZaAblCimSp8mfc5TsOBTKxnjEj":{"chainKey":{"counter":0,"key":"5fAtRqSjjXl8oXJUdGeC+xBJLTqoWmKeaaqQt+sSdDE="},"chainType":1,"messageKeys":{}}},"pendingPreKey":{"signedKeyId":0,"baseKey":"BX5ud+3OiKAlQfGin9i08IiUx1KBNRPIK5u2OstHvIE6"}},"BY6XIVxzXy1jx5nRy3/XcmI0IBuqBHs9Fi7zMMFuK9QK":{"registrationId":1670928094,"currentRatchet":{"ephemeralKeyPair":{"pubKey":"BR+/uzavn3vO1jLB6CfWdU0ZVwIqBPZ3WmviKrqNaUE0","privKey":"cJ3q0LRktNQtlDuAEcjYjTNxPqYaS1ujQW+rmoSSVEU="},"lastRemoteEphemeralKey":"BbTwADlL+tpn2XrCIBV6WxyPLVxkqWRbIlByzpGYaqtg","previousCounter":0,"rootKey":"x7LPLY6pWWPAbiai4Fb4TzXc16xhsLVNBlF6y2XAkA4="},"indexInfo":{"baseKey":"BY6XIVxzXy1jx5nRy3/XcmI0IBuqBHs9Fi7zMMFuK9QK","baseKeyType":1,"closed":1682641814729,"used":1682641812545,"created":1682641812545,"remoteIdentityKey":"BXLGTp/PPtzwIgZBp99GLNkC+A8Y8XARdeWYCXKpHNAs"},"_chains":{"BR+/uzavn3vO1jLB6CfWdU0ZVwIqBPZ3WmviKrqNaUE0":{"chainKey":{"counter":0,"key":"rFbvDZBsMikngKkPW1nu//0SuIoz2QXx70GbUbLjH1Q="},"chainType":1,"messageKeys":{}}},"pendingPreKey":{"signedKeyId":0,"baseKey":"BY6XIVxzXy1jx5nRy3/XcmI0IBuqBHs9Fi7zMMFuK9QK"}},"BaPLn+J1xeqNcwxvZgmNnVTi1yfnbKY+t0I4NigxA2kY":{"registrationId":1670928094,"currentRatchet":{"ephemeralKeyPair":{"pubKey":"BZY7g0ew2V2Uw9UIIHA58/S1QIAf3dquZrvefRvWlA9D","privKey":"WKbL3YX6PyPyI6HSGF2QISU+vtN5LiT4nKInwm7FuX0="},"lastRemoteEphemeralKey":"BbTwADlL+tpn2XrCIBV6WxyPLVxkqWRbIlByzpGYaqtg","previousCounter":0,"rootKey":"geADwtTLTmTx+r0kZmccIqc8qKDmMwsjQiAIACtR9X0="},"indexInfo":{"baseKey":"BaPLn+J1xeqNcwxvZgmNnVTi1yfnbKY+t0I4NigxA2kY","baseKeyType":1,"closed":1682641817085,"used":1682641814724,"created":1682641814724,"remoteIdentityKey":"BXLGTp/PPtzwIgZBp99GLNkC+A8Y8XARdeWYCXKpHNAs"},"_chains":{"BZY7g0ew2V2Uw9UIIHA58/S1QIAf3dquZrvefRvWlA9D":{"chainKey":{"counter":0,"key":"SSIUm6wIFrik2hWrl7yc3n46EMWvb1wvtgCE4VQsAFo="},"chainType":1,"messageKeys":{}}},"pendingPreKey":{"signedKeyId":0,"baseKey":"BaPLn+J1xeqNcwxvZgmNnVTi1yfnbKY+t0I4NigxA2kY"}},"BV3R13IOHKxhW6h/M651FepVAyEC5ulq1Ga3gCtK41Ip":{"registrationId":1670928094,"currentRatchet":{"ephemeralKeyPair":{"pubKey":"BXXdoMW/9MTLq8P0G+qNehLtaum1P2LxbG4Dl/QpgmI4","privKey":"YJxUhphEE4v+oi01pUsOCXgn/kEVlz2Q8H6Er4gYRk4="},"lastRemoteEphemeralKey":"BbTwADlL+tpn2XrCIBV6WxyPLVxkqWRbIlByzpGYaqtg","previousCounter":0,"rootKey":"brWhOGzGoaUZItgabiof/L1/IQ68CuxKjsrWGxm4+jA="},"indexInfo":{"baseKey":"BV3R13IOHKxhW6h/M651FepVAyEC5ulq1Ga3gCtK41Ip","baseKeyType":1,"closed":1682641819203,"used":1682641817080,"created":1682641817080,"remoteIdentityKey":"BXLGTp/PPtzwIgZBp99GLNkC+A8Y8XARdeWYCXKpHNAs"},"_chains":{"BXXdoMW/9MTLq8P0G+qNehLtaum1P2LxbG4Dl/QpgmI4":{"chainKey":{"counter":0,"key":"LS4RkywlCsT/d5v1s3sv9Ge6lxuSrcKBMTphDj1y+U4="},"chainType":1,"messageKeys":{}}},"pendingPreKey":{"signedKeyId":0,"baseKey":"BV3R13IOHKxhW6h/M651FepVAyEC5ulq1Ga3gCtK41Ip"}},"BTfXbimAJ/p42HlRKwRBeqPiMYNc3dl0n5IpIq85GXIy":{"registrationId":1670928094,"currentRatchet":{"ephemeralKeyPair":{"pubKey":"BVTp+xtadzMEppYSW3MPfSvwKM/IPMlHFOU6yRh1tANQ","privKey":"GFwgO4W7jx7zG8LFOnj871A4UQx9R4LDPOCvcQaUIlE="},"lastRemoteEphemeralKey":"BbTwADlL+tpn2XrCIBV6WxyPLVxkqWRbIlByzpGYaqtg","previousCounter":0,"rootKey":"C6lyDKoh+Rsm2NTRqTm0TSibhdxbhrQypkGjBixRtaw="},"indexInfo":{"baseKey":"BTfXbimAJ/p42HlRKwRBeqPiMYNc3dl0n5IpIq85GXIy","baseKeyType":1,"closed":1682641821457,"used":1682641819201,"created":1682641819201,"remoteIdentityKey":"BXLGTp/PPtzwIgZBp99GLNkC+A8Y8XARdeWYCXKpHNAs"},"_chains":{"BVTp+xtadzMEppYSW3MPfSvwKM/IPMlHFOU6yRh1tANQ":{"chainKey":{"counter":0,"key":"pfX0CqbndI5F0OOR7jpWHSFY3ulQ7HnbTztxTNisFw8="},"chainType":1,"messageKeys":{}}},"pendingPreKey":{"signedKeyId":0,"baseKey":"BTfXbimAJ/p42HlRKwRBeqPiMYNc3dl0n5IpIq85GXIy"}},"BcIHqBGLvdAt+NjEdc9c2EOzdP3zTqVlDAxEDfTY6k5z":{"registrationId":1670928094,"currentRatchet":{"ephemeralKeyPair":{"pubKey":"BTvRonEeEqiCNcEHoU9SB3/H7QNSOLoOH7LX1VOzfxN1","privKey":"INh9e0rd3fW73wbq+1SXAnOQumGKbM45BD8OTbekXE8="},"lastRemoteEphemeralKey":"BbTwADlL+tpn2XrCIBV6WxyPLVxkqWRbIlByzpGYaqtg","previousCounter":0,"rootKey":"XNuYQOn516Ch6DdQ9OwhYTItY6Y8VwoWfe5E3/7dP34="},"indexInfo":{"baseKey":"BcIHqBGLvdAt+NjEdc9c2EOzdP3zTqVlDAxEDfTY6k5z","baseKeyType":1,"closed":1682641823426,"used":1682641821447,"created":1682641821447,"remoteIdentityKey":"BXLGTp/PPtzwIgZBp99GLNkC+A8Y8XARdeWYCXKpHNAs"},"_chains":{"BTvRonEeEqiCNcEHoU9SB3/H7QNSOLoOH7LX1VOzfxN1":{"chainKey":{"counter":0,"key":"pSLqoksP/fw8vsl9s/FT3gguh6UAbU8qmYbUi2zRJ4Y="},"chainType":1,"messageKeys":{}}},"pendingPreKey":{"signedKeyId":0,"baseKey":"BcIHqBGLvdAt+NjEdc9c2EOzdP3zTqVlDAxEDfTY6k5z"}},"BaBEryZxODAcu1B+X/fS2tFHmkhcUnrFadCMGRWTT6R3":{"registrationId":1670928094,"currentRatchet":{"ephemeralKeyPair":{"pubKey":"BaY6UJgWHgVuvZY2SkxIe2zhAy0Uin+k5o6rd2UriV0G","privKey":"UCR+xeqQ8p0c19CkMrQt0dWDJ5vr/Ec6fgYI5/mCN1Q="},"lastRemoteEphemeralKey":"BbTwADlL+tpn2XrCIBV6WxyPLVxkqWRbIlByzpGYaqtg","previousCounter":0,"rootKey":"tSHbREqRTseKme3w2cCnnDu1qfEDaee0hyFrLgsknyQ="},"indexInfo":{"baseKey":"BaBEryZxODAcu1B+X/fS2tFHmkhcUnrFadCMGRWTT6R3","baseKeyType":1,"closed":1682641825581,"used":1682641823409,"created":1682641823409,"remoteIdentityKey":"BXLGTp/PPtzwIgZBp99GLNkC+A8Y8XARdeWYCXKpHNAs"},"_chains":{"BaY6UJgWHgVuvZY2SkxIe2zhAy0Uin+k5o6rd2UriV0G":{"chainKey":{"counter":0,"key":"iBfVsqgUEgpUfx3Qib/dP9ooemfGEHDM7mEFHfnQ5Uk="},"chainType":1,"messageKeys":{}}},"pendingPreKey":{"signedKeyId":0,"baseKey":"BaBEryZxODAcu1B+X/fS2tFHmkhcUnrFadCMGRWTT6R3"}},"BTApvX9LsP/UTcwLHtpZNFtzD4UCN3wI4xnzEAcgJjhe":{"registrationId":1670928094,"currentRatchet":{"ephemeralKeyPair":{"pubKey":"BaEFwBsiQCQ91zNiPE0xCnKI0Ve74ARG1EQzZP6gwm9g","privKey":"oNSA0iQp3gOA5Vc6cU2s8XROYdf+FyQ5f3acv1fJQmQ="},"lastRemoteEphemeralKey":"BbTwADlL+tpn2XrCIBV6WxyPLVxkqWRbIlByzpGYaqtg","previousCounter":0,"rootKey":"nc4AeIAvH1Op99SZy3XHdMiJNc5jRET85/YyT18QeZg="},"indexInfo":{"baseKey":"BTApvX9LsP/UTcwLHtpZNFtzD4UCN3wI4xnzEAcgJjhe","baseKeyType":1,"closed":1682641827805,"used":1682641825574,"created":1682641825574,"remoteIdentityKey":"BXLGTp/PPtzwIgZBp99GLNkC+A8Y8XARdeWYCXKpHNAs"},"_chains":{"BaEFwBsiQCQ91zNiPE0xCnKI0Ve74ARG1EQzZP6gwm9g":{"chainKey":{"counter":0,"key":"XVPshz/5FB/GGbgNzw9QyPa83QgDC3/G6FUUzVA7fPo="},"chainType":1,"messageKeys":{}}},"pendingPreKey":{"signedKeyId":0,"baseKey":"BTApvX9LsP/UTcwLHtpZNFtzD4UCN3wI4xnzEAcgJjhe"}},"BYkZoembeGtHyRgu+jUYOhxZtuQZOV3APEeGR6Bs2bp6":{"registrationId":1670928094,"currentRatchet":{"ephemeralKeyPair":{"pubKey":"BQQ0IcT6RV+RSTstbSQstXjHWznJy6OgP00IqtQ8viw4","privKey":"sKZfPQgxacXo/TKOc6n1bcl80ZcVnMbsr6miobh0EUQ="},"lastRemoteEphemeralKey":"BbTwADlL+tpn2XrCIBV6WxyPLVxkqWRbIlByzpGYaqtg","previousCounter":0,"rootKey":"gMDIVq4H30Cpwq8Dsn3Y09X5uI6iq+M2Pm9qA0itXDU="},"indexInfo":{"baseKey":"BYkZoembeGtHyRgu+jUYOhxZtuQZOV3APEeGR6Bs2bp6","baseKeyType":1,"closed":1682641830780,"used":1682641827799,"created":1682641827799,"remoteIdentityKey":"BXLGTp/PPtzwIgZBp99GLNkC+A8Y8XARdeWYCXKpHNAs"},"_chains":{"BQQ0IcT6RV+RSTstbSQstXjHWznJy6OgP00IqtQ8viw4":{"chainKey":{"counter":0,"key":"hUlNsmz9GF95hqu/UmwDWOAi4zQxVA0KcGEnXZA2pW8="},"chainType":1,"messageKeys":{}}},"pendingPreKey":{"signedKeyId":0,"baseKey":"BYkZoembeGtHyRgu+jUYOhxZtuQZOV3APEeGR6Bs2bp6"}},"BZM31W4c0f7Drt+ICWfH/RkV0gmO3S5hppf+A0FsI/Bo":{"registrationId":1670928094,"currentRatchet":{"ephemeralKeyPair":{"pubKey":"BfVHTPQSq8MmHic+OZpnG7+kTIbakYbPC1tqJkfUA8o1","privKey":"QA3s+1y2KBdjUpKY0+sZh4eg3bRzVqmzbAAsshAQYWI="},"lastRemoteEphemeralKey":"BbTwADlL+tpn2XrCIBV6WxyPLVxkqWRbIlByzpGYaqtg","previousCounter":0,"rootKey":"ASqI/Qkl6X3escHp+xOS0gdwCGF2b1UwkBPT6ypFQ2E="},"indexInfo":{"baseKey":"BZM31W4c0f7Drt+ICWfH/RkV0gmO3S5hppf+A0FsI/Bo","baseKeyType":1,"closed":1682641833487,"used":1682641830759,"created":1682641830759,"remoteIdentityKey":"BXLGTp/PPtzwIgZBp99GLNkC+A8Y8XARdeWYCXKpHNAs"},"_chains":{"BfVHTPQSq8MmHic+OZpnG7+kTIbakYbPC1tqJkfUA8o1":{"chainKey":{"counter":0,"key":"1MlO03NFNQrJRD7PfuIsUbhKiA2Hx+JSVrZ4g6DtSp0="},"chainType":1,"messageKeys":{}}},"pendingPreKey":{"signedKeyId":0,"baseKey":"BZM31W4c0f7Drt+ICWfH/RkV0gmO3S5hppf+A0FsI/Bo"}},"BbCbPbqHgIrC3mGO2kxTMDu8SogcSz3jSbflYsyFrfFZ":{"registrationId":1670928094,"currentRatchet":{"ephemeralKeyPair":{"pubKey":"Bevv2nl44QNkOPcgXc18INZtF/hArDpO8BDiF3uyjPtB","privKey":"wFfVJX2xLcoTKUQFBk5ShBEzeM8RzIcc+FGwA0JzmnA="},"lastRemoteEphemeralKey":"BbTwADlL+tpn2XrCIBV6WxyPLVxkqWRbIlByzpGYaqtg","previousCounter":0,"rootKey":"9Qcht9VWKbBM0gAmmk8rQnAMr/ECWPdhuSnf0bWg7dA="},"indexInfo":{"baseKey":"BbCbPbqHgIrC3mGO2kxTMDu8SogcSz3jSbflYsyFrfFZ","baseKeyType":1,"closed":1682641836508,"used":1682641833479,"created":1682641833479,"remoteIdentityKey":"BXLGTp/PPtzwIgZBp99GLNkC+A8Y8XARdeWYCXKpHNAs"},"_chains":{"Bevv2nl44QNkOPcgXc18INZtF/hArDpO8BDiF3uyjPtB":{"chainKey":{"counter":0,"key":"0AmERlpeS47cfzUYK+qAO6uzyGx+i5EiQel333+24pI="},"chainType":1,"messageKeys":{}}},"pendingPreKey":{"signedKeyId":0,"baseKey":"BbCbPbqHgIrC3mGO2kxTMDu8SogcSz3jSbflYsyFrfFZ"}},"BTno2MFwlKoCJGKLZP0PWsPIeYDFXc6hlie4Q0EuHPkQ":{"registrationId":1670928094,"currentRatchet":{"ephemeralKeyPair":{"pubKey":"BZ0FU09cn5PzqUp1QdH/mV850HCjz96xgd+GLwz/7FEU","privKey":"KHmSZnXY2tqhqWj/FG45LgZrv5OUTa1ZYAyLyO6vsl4="},"lastRemoteEphemeralKey":"BbTwADlL+tpn2XrCIBV6WxyPLVxkqWRbIlByzpGYaqtg","previousCounter":0,"rootKey":"LXTvEMwhIhyMAFo46jNlYb+BNBeAlQRPJ58QnxdWQLs="},"indexInfo":{"baseKey":"BTno2MFwlKoCJGKLZP0PWsPIeYDFXc6hlie4Q0EuHPkQ","baseKeyType":1,"closed":1682641838952,"used":1682641836463,"created":1682641836463,"remoteIdentityKey":"BXLGTp/PPtzwIgZBp99GLNkC+A8Y8XARdeWYCXKpHNAs"},"_chains":{"BZ0FU09cn5PzqUp1QdH/mV850HCjz96xgd+GLwz/7FEU":{"chainKey":{"counter":0,"key":"WvMbc6hc9/rilvyRpLUyedt6pbVHshjXfTlaZyqjAIg="},"chainType":1,"messageKeys":{}}},"pendingPreKey":{"signedKeyId":0,"baseKey":"BTno2MFwlKoCJGKLZP0PWsPIeYDFXc6hlie4Q0EuHPkQ"}},"Bb7XkRLDFpbgltDZVjRvG52TkCQyzVLj2B570JeN3BkW":{"registrationId":1670928094,"currentRatchet":{"ephemeralKeyPair":{"pubKey":"BRsMPAQ2EqJ1KEaVuegqG2OOCd7ezPQ8RMJeMw4WW05o","privKey":"WFQpyVL3MefGf/2XKYCQYBICNue012InzaiqlyFTLno="},"lastRemoteEphemeralKey":"BbTwADlL+tpn2XrCIBV6WxyPLVxkqWRbIlByzpGYaqtg","previousCounter":0,"rootKey":"ILlZcOgjh4WPr3kA4iUrtyFlJIAEF0X44s6KzH3wgrk="},"indexInfo":{"baseKey":"Bb7XkRLDFpbgltDZVjRvG52TkCQyzVLj2B570JeN3BkW","baseKeyType":1,"closed":1682641841334,"used":1682641838929,"created":1682641838929,"remoteIdentityKey":"BXLGTp/PPtzwIgZBp99GLNkC+A8Y8XARdeWYCXKpHNAs"},"_chains":{"BRsMPAQ2EqJ1KEaVuegqG2OOCd7ezPQ8RMJeMw4WW05o":{"chainKey":{"counter":0,"key":"I6qgGT0qNAwIGJ+i6xpw8OEfR141Pp77CYYtlQOtzWg="},"chainType":1,"messageKeys":{}}},"pendingPreKey":{"signedKeyId":0,"baseKey":"Bb7XkRLDFpbgltDZVjRvG52TkCQyzVLj2B570JeN3BkW"}},"BdX5mvCrG+ipR3kS07P52bxvBU0wjhe98owEDMtxRWUu":{"registrationId":1670928094,"currentRatchet":{"ephemeralKeyPair":{"pubKey":"BWIEH1qN9FXcDHPqMJaewdnEOlGmXKbTeU1ISyqeaoZO","privKey":"UJvg8vgPzXb+rh808tJM8S1IrOGcEzbCP0z0Zma3XUg="},"lastRemoteEphemeralKey":"BbTwADlL+tpn2XrCIBV6WxyPLVxkqWRbIlByzpGYaqtg","previousCounter":0,"rootKey":"f2BSNMpxy5NEzJb6DfaiIYT3AofOUCS+Ho7hBax7kBI="},"indexInfo":{"baseKey":"BdX5mvCrG+ipR3kS07P52bxvBU0wjhe98owEDMtxRWUu","baseKeyType":1,"closed":1682641843519,"used":1682641841228,"created":1682641841228,"remoteIdentityKey":"BXLGTp/PPtzwIgZBp99GLNkC+A8Y8XARdeWYCXKpHNAs"},"_chains":{"BWIEH1qN9FXcDHPqMJaewdnEOlGmXKbTeU1ISyqeaoZO":{"chainKey":{"counter":0,"key":"9BOiuIhxRHiBaL8ADsD8rAcQQP0Pzleq65QzC5IVZbE="},"chainType":1,"messageKeys":{}}},"pendingPreKey":{"signedKeyId":0,"baseKey":"BdX5mvCrG+ipR3kS07P52bxvBU0wjhe98owEDMtxRWUu"}},"BUG8rewGEO2ahbmZgtNpiiHFCEx2OmIdYxD6CHDOCF5j":{"registrationId":1670928094,"currentRatchet":{"ephemeralKeyPair":{"pubKey":"Bc5Mckhv0YdNZZi1TJ3eQzqIMeTevZ6SCml4Qrj06tg/","privKey":"oCiRROas0tWqWxtonr7deARMref5GXkPjIb/6uO8SEk="},"lastRemoteEphemeralKey":"BbTwADlL+tpn2XrCIBV6WxyPLVxkqWRbIlByzpGYaqtg","previousCounter":0,"rootKey":"WYmSWl74rZWcm6hMmAHRZtEzyJoAvCMNWQXVSSnT7eo="},"indexInfo":{"baseKey":"BUG8rewGEO2ahbmZgtNpiiHFCEx2OmIdYxD6CHDOCF5j","baseKeyType":1,"closed":1682641845906,"used":1682641843511,"created":1682641843511,"remoteIdentityKey":"BXLGTp/PPtzwIgZBp99GLNkC+A8Y8XARdeWYCXKpHNAs"},"_chains":{"Bc5Mckhv0YdNZZi1TJ3eQzqIMeTevZ6SCml4Qrj06tg/":{"chainKey":{"counter":0,"key":"tiSxRFIkE8qfH4iKSSSiZ3P/TFFsto3BQHOdCfoVnTI="},"chainType":1,"messageKeys":{}}},"pendingPreKey":{"signedKeyId":0,"baseKey":"BUG8rewGEO2ahbmZgtNpiiHFCEx2OmIdYxD6CHDOCF5j"}},"BTqBrAgYroET7pDwwx1kbK6oM/+XgXWkDm+vThn1IpZ2":{"registrationId":1670928094,"currentRatchet":{"ephemeralKeyPair":{"pubKey":"BXPOs1nfgJqL/DgfnsQOFu9M6iX41KR0mYiOtvNKieVS","privKey":"eKQ1bTUrRUd+/8S3Wk7Z2vtVbTS3OUIyqiB0CFuvvUw="},"lastRemoteEphemeralKey":"BbTwADlL+tpn2XrCIBV6WxyPLVxkqWRbIlByzpGYaqtg","previousCounter":0,"rootKey":"yFH20ly8+KyMKPFPQUJ0M9u9xZWKoJFnPLeHcxQe0xg="},"indexInfo":{"baseKey":"BTqBrAgYroET7pDwwx1kbK6oM/+XgXWkDm+vThn1IpZ2","baseKeyType":1,"closed":1682641847673,"used":1682641845902,"created":1682641845902,"remoteIdentityKey":"BXLGTp/PPtzwIgZBp99GLNkC+A8Y8XARdeWYCXKpHNAs"},"_chains":{"BXPOs1nfgJqL/DgfnsQOFu9M6iX41KR0mYiOtvNKieVS":{"chainKey":{"counter":0,"key":"ruJ5/bOhvFtW/ghtX1wJzD37DNpnMkjukBpjfbMXtRs="},"chainType":1,"messageKeys":{}}},"pendingPreKey":{"signedKeyId":0,"baseKey":"BTqBrAgYroET7pDwwx1kbK6oM/+XgXWkDm+vThn1IpZ2"}},"BaOd+CG856Jy+EWmk+ZfPN8M3ajeCL+pVOWkYMDYEj85":{"registrationId":1670928094,"currentRatchet":{"ephemeralKeyPair":{"pubKey":"BfXQerf/X7bbyXaNibdB3cJ5FNywVGq/XY1H2SEfOGIn","privKey":"MMDXK2lQpPlywWrKVeEySajzezf3scwUg/GH1nVVYHI="},"lastRemoteEphemeralKey":"BbTwADlL+tpn2XrCIBV6WxyPLVxkqWRbIlByzpGYaqtg","previousCounter":0,"rootKey":"Hg3GgPU5j6OS/Lc3K1IqPz4qUS9TCByTVhu4zcGRIOc="},"indexInfo":{"baseKey":"BaOd+CG856Jy+EWmk+ZfPN8M3ajeCL+pVOWkYMDYEj85","baseKeyType":1,"closed":1682641849600,"used":1682641847669,"created":1682641847669,"remoteIdentityKey":"BXLGTp/PPtzwIgZBp99GLNkC+A8Y8XARdeWYCXKpHNAs"},"_chains":{"BfXQerf/X7bbyXaNibdB3cJ5FNywVGq/XY1H2SEfOGIn":{"chainKey":{"counter":0,"key":"7fMs0h1mekIfTDWKNKk7+0pCP8IZ0MtxGYq4csXwKoM="},"chainType":1,"messageKeys":{}}},"pendingPreKey":{"signedKeyId":0,"baseKey":"BaOd+CG856Jy+EWmk+ZfPN8M3ajeCL+pVOWkYMDYEj85"}},"Bcly4UHSuuwye9Htr+o1cS2Vwd/MW+rgq6B6sBQ85d0E":{"registrationId":1670928094,"currentRatchet":{"ephemeralKeyPair":{"pubKey":"BZVngGXR7j53UrfKy103+nj+FfKyqZhz97NvGnzMaSRL","privKey":"+L+4UCU2Qtt73pye5+3t6ujC8j0dphFq2FGnyqqiPks="},"lastRemoteEphemeralKey":"BbTwADlL+tpn2XrCIBV6WxyPLVxkqWRbIlByzpGYaqtg","previousCounter":0,"rootKey":"6gyOcRbVngLtqgcNLY7yZ56Ds7IFQbhGT1/+RsdXdDI="},"indexInfo":{"baseKey":"Bcly4UHSuuwye9Htr+o1cS2Vwd/MW+rgq6B6sBQ85d0E","baseKeyType":1,"closed":1682641851676,"used":1682641849593,"created":1682641849593,"remoteIdentityKey":"BXLGTp/PPtzwIgZBp99GLNkC+A8Y8XARdeWYCXKpHNAs"},"_chains":{"BZVngGXR7j53UrfKy103+nj+FfKyqZhz97NvGnzMaSRL":{"chainKey":{"counter":0,"key":"31sy3oRMB/bKW+WfWipl/Jfml7lvGizDCTXQd2jC7Rg="},"chainType":1,"messageKeys":{}}},"pendingPreKey":{"signedKeyId":0,"baseKey":"Bcly4UHSuuwye9Htr+o1cS2Vwd/MW+rgq6B6sBQ85d0E"}},"BRvGJ8qRqM3WNqVFy8D2+vlMEZkLdez3tzT/mZ6aPP4T":{"registrationId":1670928094,"currentRatchet":{"ephemeralKeyPair":{"pubKey":"BSDsCAdR5/dGnWK6isrxHuaAXfezk3+mOGnlkRMx7Q1c","privKey":"gOXyIe8EyHvRvpjGahE1f9HUWGpchgdMfrboiWzEeXA="},"lastRemoteEphemeralKey":"BbTwADlL+tpn2XrCIBV6WxyPLVxkqWRbIlByzpGYaqtg","previousCounter":0,"rootKey":"mRTBby9aPSqzd7GhGekruh71cjqJY/abXf/XRf4EGTg="},"indexInfo":{"baseKey":"BRvGJ8qRqM3WNqVFy8D2+vlMEZkLdez3tzT/mZ6aPP4T","baseKeyType":1,"closed":1682641854404,"used":1682641851667,"created":1682641851667,"remoteIdentityKey":"BXLGTp/PPtzwIgZBp99GLNkC+A8Y8XARdeWYCXKpHNAs"},"_chains":{"BSDsCAdR5/dGnWK6isrxHuaAXfezk3+mOGnlkRMx7Q1c":{"chainKey":{"counter":0,"key":"ma0G9+15wRVjmTM30jZ2JGrFctREmkH7t5YYHM04ggc="},"chainType":1,"messageKeys":{}}},"pendingPreKey":{"signedKeyId":0,"baseKey":"BRvGJ8qRqM3WNqVFy8D2+vlMEZkLdez3tzT/mZ6aPP4T"}},"BUvoGkALeUCNBY+uPz2P2BsYl8OnOp4x5c+qEEBOXnZI":{"registrationId":1670928094,"currentRatchet":{"ephemeralKeyPair":{"pubKey":"BR82MjVtnPUYsmZcbA4V23FCniBmLFmF9M3bNEcuOu4R","privKey":"2O+i63UQa84J/GaIoxZu4rxyL56J9fc9An7pgY+DNX4="},"lastRemoteEphemeralKey":"BbTwADlL+tpn2XrCIBV6WxyPLVxkqWRbIlByzpGYaqtg","previousCounter":0,"rootKey":"KqbmU7DYxhJrH1DhrFct7E762K9uV4ZRGOXEpvxHR38="},"indexInfo":{"baseKey":"BUvoGkALeUCNBY+uPz2P2BsYl8OnOp4x5c+qEEBOXnZI","baseKeyType":1,"closed":1682641856345,"used":1682641854395,"created":1682641854395,"remoteIdentityKey":"BXLGTp/PPtzwIgZBp99GLNkC+A8Y8XARdeWYCXKpHNAs"},"_chains":{"BR82MjVtnPUYsmZcbA4V23FCniBmLFmF9M3bNEcuOu4R":{"chainKey":{"counter":0,"key":"C+AZ72petVnhClW0H/soDoMUE8M2elzyJ51cL094Ruk="},"chainType":1,"messageKeys":{}}},"pendingPreKey":{"signedKeyId":0,"baseKey":"BUvoGkALeUCNBY+uPz2P2BsYl8OnOp4x5c+qEEBOXnZI"}},"BanPj+EsV+rccGZtpCcMPseF185IyBl2zzf4UiMAVoko":{"registrationId":1670928094,"currentRatchet":{"ephemeralKeyPair":{"pubKey":"BV+cQqkSri6q61b+bZ5krRoI7tY4LhUCHYhm7CEAdodd","privKey":"GD5sHKjRVDLYr5BJieLiWYhuf94zj/D1nJuO4+Hjd2E="},"lastRemoteEphemeralKey":"BbTwADlL+tpn2XrCIBV6WxyPLVxkqWRbIlByzpGYaqtg","previousCounter":0,"rootKey":"ouQCu6aw05HZKWrPvF+Vk1Fos0LIhiSOrPD38HAT7qc="},"indexInfo":{"baseKey":"BanPj+EsV+rccGZtpCcMPseF185IyBl2zzf4UiMAVoko","baseKeyType":1,"closed":1682641858435,"used":1682641856340,"created":1682641856340,"remoteIdentityKey":"BXLGTp/PPtzwIgZBp99GLNkC+A8Y8XARdeWYCXKpHNAs"},"_chains":{"BV+cQqkSri6q61b+bZ5krRoI7tY4LhUCHYhm7CEAdodd":{"chainKey":{"counter":0,"key":"QdmOPlE9X8D95jUC0/3s9X2H+72BggkyO2u2wHJukds="},"chainType":1,"messageKeys":{}}},"pendingPreKey":{"signedKeyId":0,"baseKey":"BanPj+EsV+rccGZtpCcMPseF185IyBl2zzf4UiMAVoko"}},"BSO6NhsgARR09R43AT5QdxEBT8HlMGN23svY5dmHr1sN":{"registrationId":1670928094,"currentRatchet":{"ephemeralKeyPair":{"pubKey":"BU2CQSk3+3aqEyh0Qj5MFPIhmFeLX+hQ9AOUyPsGmW55","privKey":"KF084D/zpJt5zjrO0eYHrDSztTVmAA6NcDQsZtZsAkE="},"lastRemoteEphemeralKey":"BbTwADlL+tpn2XrCIBV6WxyPLVxkqWRbIlByzpGYaqtg","previousCounter":0,"rootKey":"/SULr48S2NPQQMtuwzwZE4HM6UUJAmT1/f3qKhyLwbg="},"indexInfo":{"baseKey":"BSO6NhsgARR09R43AT5QdxEBT8HlMGN23svY5dmHr1sN","baseKeyType":1,"closed":1682641860478,"used":1682641858323,"created":1682641858323,"remoteIdentityKey":"BXLGTp/PPtzwIgZBp99GLNkC+A8Y8XARdeWYCXKpHNAs"},"_chains":{"BU2CQSk3+3aqEyh0Qj5MFPIhmFeLX+hQ9AOUyPsGmW55":{"chainKey":{"counter":0,"key":"XUEFnLMver/TsFb24SLQu4KRM2UJy0ygJhgl2X/h/sI="},"chainType":1,"messageKeys":{}}},"pendingPreKey":{"signedKeyId":0,"baseKey":"BSO6NhsgARR09R43AT5QdxEBT8HlMGN23svY5dmHr1sN"}},"BWHTqcPbK/xxQgUeBOLt/txddC7pzXODkyMOzOR2/uAX":{"registrationId":1670928094,"currentRatchet":{"ephemeralKeyPair":{"pubKey":"BQnEq1rDp2uGUSbF0uJ/P9jmy7y2WTp1+aU/Wg+PJ+EH","privKey":"6F3x0SgBmL2aQwsIAi4SoqX2qJ7zITFPaG/VegEsLlo="},"lastRemoteEphemeralKey":"BbTwADlL+tpn2XrCIBV6WxyPLVxkqWRbIlByzpGYaqtg","previousCounter":0,"rootKey":"flSdwkeQ+o6ULHJzPV5CBmITAaOndqD9DFWLJsjCyMY="},"indexInfo":{"baseKey":"BWHTqcPbK/xxQgUeBOLt/txddC7pzXODkyMOzOR2/uAX","baseKeyType":1,"closed":1682641863065,"used":1682641860475,"created":1682641860475,"remoteIdentityKey":"BXLGTp/PPtzwIgZBp99GLNkC+A8Y8XARdeWYCXKpHNAs"},"_chains":{"BQnEq1rDp2uGUSbF0uJ/P9jmy7y2WTp1+aU/Wg+PJ+EH":{"chainKey":{"counter":0,"key":"ObLx2TRLTy9XKLVF0USd9pBBcjlrifX6oWyOB5sNeVM="},"chainType":1,"messageKeys":{}}},"pendingPreKey":{"signedKeyId":0,"baseKey":"BWHTqcPbK/xxQgUeBOLt/txddC7pzXODkyMOzOR2/uAX"}},"BZn2FpKXqjLaHyPRuD8ySohoCEBQdnPajnfaBcOfnvd6":{"registrationId":1670928094,"currentRatchet":{"ephemeralKeyPair":{"pubKey":"BcUpxSZ+Ac5Tp/JTvrEZIAnqFOJ9N9w5M2u0xk0/Hws3","privKey":"YAUAwvdoX7cAwf65HAft5hvrloeAew/f6sgyfF5dUFQ="},"lastRemoteEphemeralKey":"BbTwADlL+tpn2XrCIBV6WxyPLVxkqWRbIlByzpGYaqtg","previousCounter":0,"rootKey":"zg06Ai060eACZ/Ou+d76aKsCEgpquuz5J0/GUyOlbqA="},"indexInfo":{"baseKey":"BZn2FpKXqjLaHyPRuD8ySohoCEBQdnPajnfaBcOfnvd6","baseKeyType":1,"closed":1682641865725,"used":1682641863056,"created":1682641863056,"remoteIdentityKey":"BXLGTp/PPtzwIgZBp99GLNkC+A8Y8XARdeWYCXKpHNAs"},"_chains":{"BcUpxSZ+Ac5Tp/JTvrEZIAnqFOJ9N9w5M2u0xk0/Hws3":{"chainKey":{"counter":0,"key":"pKVD6oUXgK+mzNHeYuUxAlOQ9HZdzPW9+OEUJLKvwuI="},"chainType":1,"messageKeys":{}}},"pendingPreKey":{"signedKeyId":0,"baseKey":"BZn2FpKXqjLaHyPRuD8ySohoCEBQdnPajnfaBcOfnvd6"}},"Bap7PXXVUVXarGR85HW5zOa6cQsHeP51PQ/9RcONnI5M":{"registrationId":1670928094,"currentRatchet":{"ephemeralKeyPair":{"pubKey":"BZGpvWGtiNfiLN8FvT955mcMrtTesNKs5M5Z2NL5PlJ5","privKey":"ANmOKIxKrPY5dj99Ezb//BzDu5riFTEdTrszEYgFZmU="},"lastRemoteEphemeralKey":"BbTwADlL+tpn2XrCIBV6WxyPLVxkqWRbIlByzpGYaqtg","previousCounter":0,"rootKey":"5hixbBpGM4ae+LjsX4y6CFyNNL+aZKLISYco42NbpxY="},"indexInfo":{"baseKey":"Bap7PXXVUVXarGR85HW5zOa6cQsHeP51PQ/9RcONnI5M","baseKeyType":1,"closed":1682641869544,"used":1682641865721,"created":1682641865721,"remoteIdentityKey":"BXLGTp/PPtzwIgZBp99GLNkC+A8Y8XARdeWYCXKpHNAs"},"_chains":{"BZGpvWGtiNfiLN8FvT955mcMrtTesNKs5M5Z2NL5PlJ5":{"chainKey":{"counter":0,"key":"OlcVxy7dYufdMDQW/Mo9dPLFq1ySlipmBsMHTGcuS/k="},"chainType":1,"messageKeys":{}}},"pendingPreKey":{"signedKeyId":0,"baseKey":"Bap7PXXVUVXarGR85HW5zOa6cQsHeP51PQ/9RcONnI5M"}},"BSMqdphuvUVGOeEOXpFcH9FpTS/XSlM8bOIEoCrPOYog":{"registrationId":1670928094,"currentRatchet":{"ephemeralKeyPair":{"pubKey":"BSqbSsQDiRtpuawHANxt0AdoYe+T3puHuSk3Gb1rriBI","privKey":"YPwdibho62E5sQpaoipVkgYzENPLlhUAfihjjUxJX08="},"lastRemoteEphemeralKey":"BbTwADlL+tpn2XrCIBV6WxyPLVxkqWRbIlByzpGYaqtg","previousCounter":0,"rootKey":"WQt5ssJGdG7F/8DMnTXEd+sXII8N7vaB/ocmb8RnKlM="},"indexInfo":{"baseKey":"BSMqdphuvUVGOeEOXpFcH9FpTS/XSlM8bOIEoCrPOYog","baseKeyType":1,"closed":1682641872869,"used":1682641869527,"created":1682641869527,"remoteIdentityKey":"BXLGTp/PPtzwIgZBp99GLNkC+A8Y8XARdeWYCXKpHNAs"},"_chains":{"BSqbSsQDiRtpuawHANxt0AdoYe+T3puHuSk3Gb1rriBI":{"chainKey":{"counter":0,"key":"VASo3NqzA6Q6UlVqrKdddHA9VcVmvnuD4fAJwzR0zqA="},"chainType":1,"messageKeys":{}}},"pendingPreKey":{"signedKeyId":0,"baseKey":"BSMqdphuvUVGOeEOXpFcH9FpTS/XSlM8bOIEoCrPOYog"}},"BWhWadMf6G7DYawJanoCeNhFx6ryj+r4PUVZl+sBStVx":{"registrationId":1670928094,"currentRatchet":{"ephemeralKeyPair":{"pubKey":"BdUyLjqnS/ZytEiM95AosceBnohVBRhbayvUpHAFLSsd","privKey":"QGIgnNpmjbg/nQHIiCjJsnmJJDsDzfHfWWo63Y4FUWk="},"lastRemoteEphemeralKey":"BbTwADlL+tpn2XrCIBV6WxyPLVxkqWRbIlByzpGYaqtg","previousCounter":0,"rootKey":"fzT9EH3VX9FTuWHfmuUueWIZWU0L6wYBYzR6DF6UH7Y="},"indexInfo":{"baseKey":"BWhWadMf6G7DYawJanoCeNhFx6ryj+r4PUVZl+sBStVx","baseKeyType":1,"closed":1682641878370,"used":1682641872856,"created":1682641872856,"remoteIdentityKey":"BXLGTp/PPtzwIgZBp99GLNkC+A8Y8XARdeWYCXKpHNAs"},"_chains":{"BdUyLjqnS/ZytEiM95AosceBnohVBRhbayvUpHAFLSsd":{"chainKey":{"counter":0,"key":"fK4xg4+rUeoFohfGfnOWfxx6baUoQBNZ5l7+/VLyH0k="},"chainType":1,"messageKeys":{}}},"pendingPreKey":{"signedKeyId":0,"baseKey":"BWhWadMf6G7DYawJanoCeNhFx6ryj+r4PUVZl+sBStVx"}},"BZpEK7beqlAt9gHPs8UZNOt5RPYdxHmtL/tkpJ2+oQ8I":{"registrationId":1670928094,"currentRatchet":{"ephemeralKeyPair":{"pubKey":"BQWNwADnCSqd20Lj3fwiWiDmRYUpo1Vtu+NkWm60Tq1v","privKey":"4I9zN8R9RBnZLXoHNnYOoiYmEHYR5fh2os34m0zeaXQ="},"lastRemoteEphemeralKey":"BbTwADlL+tpn2XrCIBV6WxyPLVxkqWRbIlByzpGYaqtg","previousCounter":0,"rootKey":"ujiBzJ1HuIpNTgw6DdDrQ9J71ILLW1VBDznMKrSDiOs="},"indexInfo":{"baseKey":"BZpEK7beqlAt9gHPs8UZNOt5RPYdxHmtL/tkpJ2+oQ8I","baseKeyType":1,"closed":1682641880786,"used":1682641878329,"created":1682641878329,"remoteIdentityKey":"BXLGTp/PPtzwIgZBp99GLNkC+A8Y8XARdeWYCXKpHNAs"},"_chains":{"BQWNwADnCSqd20Lj3fwiWiDmRYUpo1Vtu+NkWm60Tq1v":{"chainKey":{"counter":0,"key":"wVr9KvEPdO12n8L9BL2pkEPml6uwoug3U5A9xZYOMAM="},"chainType":1,"messageKeys":{}}},"pendingPreKey":{"signedKeyId":0,"baseKey":"BZpEK7beqlAt9gHPs8UZNOt5RPYdxHmtL/tkpJ2+oQ8I"}},"BcUJLRrnNnptM12d4soS0sq3ti/LATWm1w+hrPpjH6pC":{"registrationId":1670928094,"currentRatchet":{"ephemeralKeyPair":{"pubKey":"BftA35mYUBLMNQrhfHDlmrweuJdltZbZ3+yrjOfcPsQe","privKey":"KMnwTXMQ6rDx5CnLUzEOGfs2KTDqMDXlPZxuax6bLFQ="},"lastRemoteEphemeralKey":"BbTwADlL+tpn2XrCIBV6WxyPLVxkqWRbIlByzpGYaqtg","previousCounter":0,"rootKey":"eFuHpCM5uKMfZgL3tb1aRGXrgiFXZOMUyeI+7srLDzk="},"indexInfo":{"baseKey":"BcUJLRrnNnptM12d4soS0sq3ti/LATWm1w+hrPpjH6pC","baseKeyType":1,"closed":1682641883540,"used":1682641880779,"created":1682641880779,"remoteIdentityKey":"BXLGTp/PPtzwIgZBp99GLNkC+A8Y8XARdeWYCXKpHNAs"},"_chains":{"BftA35mYUBLMNQrhfHDlmrweuJdltZbZ3+yrjOfcPsQe":{"chainKey":{"counter":0,"key":"VA3J0TWm094eKXr/S14gWoW9MFRkAuoj3PgfIU5dfYI="},"chainType":1,"messageKeys":{}}},"pendingPreKey":{"signedKeyId":0,"baseKey":"BcUJLRrnNnptM12d4soS0sq3ti/LATWm1w+hrPpjH6pC"}},"BVxD+kp1swePNBDet/i7Fc3+MgOBXhCVchm+CyVlLsRE":{"registrationId":1670928094,"currentRatchet":{"ephemeralKeyPair":{"pubKey":"BbXOGBEsCFD/rseShAZ9fn2+a48ABbFOi9imeJJ1IKMZ","privKey":"GLvaMGf5ABZvjEUirUCPgK8pssjt+KoIn2Txq2y3ZkM="},"lastRemoteEphemeralKey":"BbTwADlL+tpn2XrCIBV6WxyPLVxkqWRbIlByzpGYaqtg","previousCounter":0,"rootKey":"XopFvgufCGNiwejGkIheHTnZkNnQfpHbq93H0W3YxVg="},"indexInfo":{"baseKey":"BVxD+kp1swePNBDet/i7Fc3+MgOBXhCVchm+CyVlLsRE","baseKeyType":1,"closed":1682641887179,"used":1682641883515,"created":1682641883515,"remoteIdentityKey":"BXLGTp/PPtzwIgZBp99GLNkC+A8Y8XARdeWYCXKpHNAs"},"_chains":{"BbXOGBEsCFD/rseShAZ9fn2+a48ABbFOi9imeJJ1IKMZ":{"chainKey":{"counter":0,"key":"z0SbXdVh4kpH3CeaHoAK2RkMro/gN4QV8iMHDIyn32Y="},"chainType":1,"messageKeys":{}}},"pendingPreKey":{"signedKeyId":0,"baseKey":"BVxD+kp1swePNBDet/i7Fc3+MgOBXhCVchm+CyVlLsRE"}},"BVVH+L9fiZNvjDWjItOBH6frAZvhVGfPNbVGOBseME0q":{"registrationId":1670928094,"currentRatchet":{"ephemeralKeyPair":{"pubKey":"BV6sBViiU0Jy23z4NWSzLdOvQjxlt6xOZqGYkqyogZ4z","privKey":"MGkE7Qpx3OcxBhkSGSPYBGzHlQ9+GQG53e0eeh38xXA="},"lastRemoteEphemeralKey":"BbTwADlL+tpn2XrCIBV6WxyPLVxkqWRbIlByzpGYaqtg","previousCounter":0,"rootKey":"aqgAy3vBGckFr3Qj5CRw2v7w8Q5KfNY2w2at2RUPDEU="},"indexInfo":{"baseKey":"BVVH+L9fiZNvjDWjItOBH6frAZvhVGfPNbVGOBseME0q","baseKeyType":1,"closed":1682641889755,"used":1682641887170,"created":1682641887170,"remoteIdentityKey":"BXLGTp/PPtzwIgZBp99GLNkC+A8Y8XARdeWYCXKpHNAs"},"_chains":{"BV6sBViiU0Jy23z4NWSzLdOvQjxlt6xOZqGYkqyogZ4z":{"chainKey":{"counter":0,"key":"cJeAmyQTFwHA5jDWa6zlPupRGzVlYfji1jUcbJsdzjM="},"chainType":1,"messageKeys":{}}},"pendingPreKey":{"signedKeyId":0,"baseKey":"BVVH+L9fiZNvjDWjItOBH6frAZvhVGfPNbVGOBseME0q"}},"BROAkwBf+DCOJw7CI517O9BpkhifAV+Qr/3sua+wqqsr":{"registrationId":1670928094,"currentRatchet":{"ephemeralKeyPair":{"pubKey":"BdmTJYy/gA4R23rZNkm+4hFJbFxKhsXI2dnTh3sOrCtp","privKey":"aGdaEv7nXPB+pLtrdasVl6vixvzLaVta4oQj4SJ552Y="},"lastRemoteEphemeralKey":"BbTwADlL+tpn2XrCIBV6WxyPLVxkqWRbIlByzpGYaqtg","previousCounter":0,"rootKey":"JekMFaOMl5RnaAviBBa3WWTnDZNW6cQqwJ+LCXXvdR4="},"indexInfo":{"baseKey":"BROAkwBf+DCOJw7CI517O9BpkhifAV+Qr/3sua+wqqsr","baseKeyType":1,"closed":1682641893725,"used":1682641889617,"created":1682641889617,"remoteIdentityKey":"BXLGTp/PPtzwIgZBp99GLNkC+A8Y8XARdeWYCXKpHNAs"},"_chains":{"BdmTJYy/gA4R23rZNkm+4hFJbFxKhsXI2dnTh3sOrCtp":{"chainKey":{"counter":0,"key":"jFPAIgDunCwY00GnKyuxQOD49tQM2YnuutPDCQgfGAI="},"chainType":1,"messageKeys":{}}},"pendingPreKey":{"signedKeyId":0,"baseKey":"BROAkwBf+DCOJw7CI517O9BpkhifAV+Qr/3sua+wqqsr"}},"BbHttyeEENGjDNnRUgqFUKwC01b3/iGTea7kL6tt9LMp":{"registrationId":1670928094,"currentRatchet":{"ephemeralKeyPair":{"pubKey":"BawmUSdpV+0AL/Kd6fLiLuUgKYGLBHTb6ld3Ekn2wvle","privKey":"EAbEK66ZXfKLbbmS71F0Xq6t4HfdmHg0l+qHOIEQHWM="},"lastRemoteEphemeralKey":"BbTwADlL+tpn2XrCIBV6WxyPLVxkqWRbIlByzpGYaqtg","previousCounter":0,"rootKey":"kSsejOJZQ7aPAG3ZI4uEtUwtcHqVf92gid7yWL6vdF4="},"indexInfo":{"baseKey":"BbHttyeEENGjDNnRUgqFUKwC01b3/iGTea7kL6tt9LMp","baseKeyType":1,"closed":1682641896817,"used":1682641893717,"created":1682641893717,"remoteIdentityKey":"BXLGTp/PPtzwIgZBp99GLNkC+A8Y8XARdeWYCXKpHNAs"},"_chains":{"BawmUSdpV+0AL/Kd6fLiLuUgKYGLBHTb6ld3Ekn2wvle":{"chainKey":{"counter":0,"key":"inZNHyKRE3+gKmyl/FkbBb8du8vnMf1csFZV+cW3JVw="},"chainType":1,"messageKeys":{}}},"pendingPreKey":{"signedKeyId":0,"baseKey":"BbHttyeEENGjDNnRUgqFUKwC01b3/iGTea7kL6tt9LMp"}},"BXWAA8tlqkkm7CHfSd5wtTT6ae/1M1uEk20AUOcjCjY2":{"registrationId":1670928094,"currentRatchet":{"ephemeralKeyPair":{"pubKey":"BXKb63xBSsCkNG2uZAMqADTZWOJAU2waq3OD10CVUeEq","privKey":"YOIjWcwQDRET+/WHJESZ5JvOS3LnNBa+5j8t9NBfb0k="},"lastRemoteEphemeralKey":"BbTwADlL+tpn2XrCIBV6WxyPLVxkqWRbIlByzpGYaqtg","previousCounter":0,"rootKey":"Sw/+xxeWWbYA1Co3hN/bDZdPNbF7kR1E9Xne5kwNxpA="},"indexInfo":{"baseKey":"BXWAA8tlqkkm7CHfSd5wtTT6ae/1M1uEk20AUOcjCjY2","baseKeyType":1,"closed":1682641899605,"used":1682641896811,"created":1682641896811,"remoteIdentityKey":"BXLGTp/PPtzwIgZBp99GLNkC+A8Y8XARdeWYCXKpHNAs"},"_chains":{"BXKb63xBSsCkNG2uZAMqADTZWOJAU2waq3OD10CVUeEq":{"chainKey":{"counter":0,"key":"7PnTCKJJnYaNHjS8Zgi+BdKhhXnac3ILRxl8GIJuayI="},"chainType":1,"messageKeys":{}}},"pendingPreKey":{"signedKeyId":0,"baseKey":"BXWAA8tlqkkm7CHfSd5wtTT6ae/1M1uEk20AUOcjCjY2"}},"BY5ygsmn0UkW+oOnBR8Wd8LhW3vV4UrKnkeCnqGjTlRD":{"registrationId":1670928094,"currentRatchet":{"ephemeralKeyPair":{"pubKey":"BSW5wkFF/L/KaQc63zSo9UjrYbBc7kYQqphR9OP/w+FH","privKey":"4OApUFu5QGKHH+GlhpGFuLzUy4pfVC1YYI7tAl+aXFs="},"lastRemoteEphemeralKey":"BbTwADlL+tpn2XrCIBV6WxyPLVxkqWRbIlByzpGYaqtg","previousCounter":0,"rootKey":"iCJVlhXNbGOYDXcrhGFbFlsE4kJAVykbvwSs9X9WmYg="},"indexInfo":{"baseKey":"BY5ygsmn0UkW+oOnBR8Wd8LhW3vV4UrKnkeCnqGjTlRD","baseKeyType":1,"closed":1682641902553,"used":1682641899601,"created":1682641899601,"remoteIdentityKey":"BXLGTp/PPtzwIgZBp99GLNkC+A8Y8XARdeWYCXKpHNAs"},"_chains":{"BSW5wkFF/L/KaQc63zSo9UjrYbBc7kYQqphR9OP/w+FH":{"chainKey":{"counter":0,"key":"CzlcU11OglkxIOZrqDSD6V8QGAgGreQ7MW2ky935mQA="},"chainType":1,"messageKeys":{}}},"pendingPreKey":{"signedKeyId":0,"baseKey":"BY5ygsmn0UkW+oOnBR8Wd8LhW3vV4UrKnkeCnqGjTlRD"}},"Bc6QC9S2ar1VCEQ3JDdNh+xwRuedniTh+0RtKD7leOVK":{"registrationId":1670928094,"currentRatchet":{"ephemeralKeyPair":{"pubKey":"BW3/gtWzX/c0J9mhNbMyhiUQeU/ZsIvuAo4Jqq2vsBJz","privKey":"2HJPARsO1wYmjGK8e3NUBUOCNay8QdRBUaeeeoLF10U="},"lastRemoteEphemeralKey":"BbTwADlL+tpn2XrCIBV6WxyPLVxkqWRbIlByzpGYaqtg","previousCounter":0,"rootKey":"vK8QDWNmOFyx6hh8boRrY+lOoul0yFIjXOM/HxyOT74="},"indexInfo":{"baseKey":"Bc6QC9S2ar1VCEQ3JDdNh+xwRuedniTh+0RtKD7leOVK","baseKeyType":1,"closed":1682641904975,"used":1682641902548,"created":1682641902548,"remoteIdentityKey":"BXLGTp/PPtzwIgZBp99GLNkC+A8Y8XARdeWYCXKpHNAs"},"_chains":{"BW3/gtWzX/c0J9mhNbMyhiUQeU/ZsIvuAo4Jqq2vsBJz":{"chainKey":{"counter":0,"key":"+P4WN4Zhx1Xm93MBN8gFB3dWKcl31lTl2tdlfCWBoHI="},"chainType":1,"messageKeys":{}}},"pendingPreKey":{"signedKeyId":0,"baseKey":"Bc6QC9S2ar1VCEQ3JDdNh+xwRuedniTh+0RtKD7leOVK"}},"BZwsEaoMmb5YmXPg4L371fnm629QK+1nDefI+D7+cZRs":{"registrationId":1670928094,"currentRatchet":{"ephemeralKeyPair":{"pubKey":"BYFo9DpR9Kfrn46qEtsZJZ3fzlnx8kQGIf4VERCghfI4","privKey":"WN2HEVhQf4ebl58FlbCQ50ogKOsT5DMbmENysJTw+XA="},"lastRemoteEphemeralKey":"BbTwADlL+tpn2XrCIBV6WxyPLVxkqWRbIlByzpGYaqtg","previousCounter":0,"rootKey":"19B4MtW5rfsnTX9nTpfjkZ9IV7mm9Y8kdmbwY/Xsyj8="},"indexInfo":{"baseKey":"BZwsEaoMmb5YmXPg4L371fnm629QK+1nDefI+D7+cZRs","baseKeyType":1,"closed":1682641908355,"used":1682641904960,"created":1682641904960,"remoteIdentityKey":"BXLGTp/PPtzwIgZBp99GLNkC+A8Y8XARdeWYCXKpHNAs"},"_chains":{"BYFo9DpR9Kfrn46qEtsZJZ3fzlnx8kQGIf4VERCghfI4":{"chainKey":{"counter":0,"key":"D5pGHkqDuB42+Z7n3FoEkJ9t4AALoTPL4/q3iUSFKJA="},"chainType":1,"messageKeys":{}}},"pendingPreKey":{"signedKeyId":0,"baseKey":"BZwsEaoMmb5YmXPg4L371fnm629QK+1nDefI+D7+cZRs"}},"BXy/6Wmm5k0Jy62cznQZK2naBB0KtvggV8EFGiT00g5h":{"registrationId":1670928094,"currentRatchet":{"ephemeralKeyPair":{"pubKey":"BThLqdVD2M7SQ+gvn/K7AoleH68D+UEQ1uTmZ/irUoJ7","privKey":"ANzhHbQgihUrzSuuYitcvbkBGNADfDp/qReoEKXdVUw="},"lastRemoteEphemeralKey":"BbTwADlL+tpn2XrCIBV6WxyPLVxkqWRbIlByzpGYaqtg","previousCounter":0,"rootKey":"MmbkKNeOL8AdpDAsiL9XklxOD/cOxMD5tSEQ4fySQPE="},"indexInfo":{"baseKey":"BXy/6Wmm5k0Jy62cznQZK2naBB0KtvggV8EFGiT00g5h","baseKeyType":1,"closed":1682641910358,"used":1682641908349,"created":1682641908349,"remoteIdentityKey":"BXLGTp/PPtzwIgZBp99GLNkC+A8Y8XARdeWYCXKpHNAs"},"_chains":{"BThLqdVD2M7SQ+gvn/K7AoleH68D+UEQ1uTmZ/irUoJ7":{"chainKey":{"counter":0,"key":"6WzVHSzseU4QSxVKpnlC1oTMDo0pfvxgHWYUlLeUFS4="},"chainType":1,"messageKeys":{}}},"pendingPreKey":{"signedKeyId":0,"baseKey":"BXy/6Wmm5k0Jy62cznQZK2naBB0KtvggV8EFGiT00g5h"}},"BejEn/VhKM8bo463cyduhbDnyjibeNzATNLrGCk1Kmcq":{"registrationId":1670928094,"currentRatchet":{"ephemeralKeyPair":{"pubKey":"BRuPVo7kwq7O0JBUTyhwTbPr3E57OfyDgGAcwCESmZxu","privKey":"yNQMPxGFjWL25k0HK0TblMNmrcjizLxRRgvroitWsX4="},"lastRemoteEphemeralKey":"BdqFdv/Hq2gP8UFpv0SCN3deuUDjqbRgQAlObzZmKJ4A","previousCounter":0,"rootKey":"kBapzHCVq4bXLvnPRsert19fWFmYZhimgavH1RkPxGA="},"indexInfo":{"baseKey":"BejEn/VhKM8bo463cyduhbDnyjibeNzATNLrGCk1Kmcq","baseKeyType":1,"closed":-1,"used":1682642696658,"created":1682641910356,"remoteIdentityKey":"BXLGTp/PPtzwIgZBp99GLNkC+A8Y8XARdeWYCXKpHNAs"},"_chains":{"BdqFdv/Hq2gP8UFpv0SCN3deuUDjqbRgQAlObzZmKJ4A":{"chainKey":{"counter":8,"key":"dSEmae1RFm4MHMdZ8nhhIdxQE3Y3VyJ2hMrlmh/mW7E="},"chainType":2,"messageKeys":{}},"BRuPVo7kwq7O0JBUTyhwTbPr3E57OfyDgGAcwCESmZxu":{"chainKey":{"counter":0,"key":"TzXwp356NARaj7ypW5KzjjMMgAS4cxnu/qQsBkLmx6o="},"chainType":1,"messageKeys":{}}}}},"version":"v1"}