{"_sessions":{"BZH0+IMLDu7NoOKcGl1Ycnt9WjiICUkkkCaZsY2qJ79V":{"registrationId":1716689243,"currentRatchet":{"ephemeralKeyPair":{"pubKey":"BVigQxTZFOC8y1Vu/Q7sVder/GmHW/BHL3lHpj3izUcZ","privKey":"iHneHDffXdHyUinpR4kh6hRyKjxPMV0qrwAx3p9Mclk="},"lastRemoteEphemeralKey":"Bc7z7CmHQyQCkajWeQf46pPgVSdcE7rQYiCcCHj2fDwd","previousCounter":0,"rootKey":"BUaUZ9px3hW3o1ASZSIV6lB34uMZVzUq/AmUoXNZBfY="},"indexInfo":{"baseKey":"BZH0+IMLDu7NoOKcGl1Ycnt9WjiICUkkkCaZsY2qJ79V","baseKeyType":1,"closed":-1,"used":1682603061043,"created":1682603061043,"remoteIdentityKey":"BTsZ9yPyzS81LPgEWn9uco/2EjMH8DlUNgKPNJwD5cVH"},"_chains":{"BVigQxTZFOC8y1Vu/Q7sVder/GmHW/BHL3lHpj3izUcZ":{"chainKey":{"counter":360,"key":"L60VzBdmttR0zRH3XAmy04jO2AfejDMQnKsoJzj0h/k="},"chainType":1,"messageKeys":{}}},"pendingPreKey":{"signedKeyId":0,"baseKey":"BZH0+IMLDu7NoOKcGl1Ycnt9WjiICUkkkCaZsY2qJ79V","preKeyId":13195188}}},"version":"v1"}