{"_sessions":{"BbtYhkGLIBtZy9RPHCA75NrEtINJ7OY1uNnphOufg9Vq":{"registrationId":1958266105,"currentRatchet":{"ephemeralKeyPair":{"pubKey":"BWTl53YpWhwimkg+hP5SZdfM6sUt+j/Bdfa5XmUUE8wC","privKey":"AEmJg/514C0Jj+XtuDGa6pSTqaCiQKC6m/HVfG37UVs="},"lastRemoteEphemeralKey":"BQxzKtPmpkcCjLBp8UStHLye4A4HF+cf5lSNFZF17lAP","previousCounter":0,"rootKey":"UOx2ytBFpbHBH8ifw3Z/1Wqq91KLj9pq36iKaBwD17A="},"indexInfo":{"baseKey":"BbtYhkGLIBtZy9RPHCA75NrEtINJ7OY1uNnphOufg9Vq","baseKeyType":1,"closed":-1,"used":1682619373922,"created":1682619373922,"remoteIdentityKey":"BUBJel8U/g/NBhPc8FSJOr2UiztaaJNdIH4qM2gAT/sI"},"_chains":{"BWTl53YpWhwimkg+hP5SZdfM6sUt+j/Bdfa5XmUUE8wC":{"chainKey":{"counter":3,"key":"0tzC54RYcy4wKixjXt55Mx4OL+VMegRIo1NQfGnPCq4="},"chainType":1,"messageKeys":{}}},"pendingPreKey":{"signedKeyId":1,"baseKey":"BbtYhkGLIBtZy9RPHCA75NrEtINJ7OY1uNnphOufg9Vq","preKeyId":3132602}}},"version":"v1"}