{"_sessions":{"BQviP2Y/8yhD5RtoqHq1mfewfAZ64ABEkyvRjwREVTM4":{"registrationId":1102257135,"currentRatchet":{"ephemeralKeyPair":{"pubKey":"BVaZH+dI73qDOY1SlCwuC4Tnu8Zt+jKo+ZeE7QxFx745","privKey":"cIAxgjAFlqoHG1UjXtNjB0Y1oSzd/PlIrst8v9ljyHQ="},"lastRemoteEphemeralKey":"BXZnuT0cZzdnZ8LYZvH92dQOIz5t02yoBX+Ejtv3LcUP","previousCounter":0,"rootKey":"RQ1wK1VQwYMFNikvlZa59P/8326vhO5FKgvkjqxC7qY="},"indexInfo":{"baseKey":"BQviP2Y/8yhD5RtoqHq1mfewfAZ64ABEkyvRjwREVTM4","baseKeyType":1,"closed":-1,"used":1682603060756,"created":1682603060756,"remoteIdentityKey":"BW4LDy4AmhwMqlj66tY+DCbRklmOli6X0eR8Nq2tcpMp"},"_chains":{"BVaZH+dI73qDOY1SlCwuC4Tnu8Zt+jKo+ZeE7QxFx745":{"chainKey":{"counter":360,"key":"pPdJUlrRMSl+qsceOxO4UOgwLqT4or1oAqccTw9sh1Q="},"chainType":1,"messageKeys":{}}},"pendingPreKey":{"signedKeyId":1,"baseKey":"BQviP2Y/8yhD5RtoqHq1mfewfAZ64ABEkyvRjwREVTM4"}}},"version":"v1"}