{"_sessions":{"BUU0h36cxz1SPQkv8B2lBooXIIQD4piabHpzJ7L6lX9x":{"registrationId":1897667622,"currentRatchet":{"ephemeralKeyPair":{"pubKey":"BeDdoEZHWy50/25M46SiN4dSdCNs7LlgCul0SNUrUFMa","privKey":"+KFVtFUxxh79Avsgg3gKYHR8LYu6jBeqw8xZzRdFo3s="},"lastRemoteEphemeralKey":"BcvhTccpYU7C5JEPb1//E1B2IRXEIRojddn2hp4iSs95","previousCounter":0,"rootKey":"Uj+gOcHpJaYHer2CpB7KlxlIPVMgw5cfvuLxEpOdI78="},"indexInfo":{"baseKey":"BUU0h36cxz1SPQkv8B2lBooXIIQD4piabHpzJ7L6lX9x","baseKeyType":1,"closed":-1,"used":1682619373852,"created":1682619373852,"remoteIdentityKey":"BY0bhYmqsfGl5KNucyD4NHY+1Ip6TEc0qRlyyuLUpZJl"},"_chains":{"BeDdoEZHWy50/25M46SiN4dSdCNs7LlgCul0SNUrUFMa":{"chainKey":{"counter":3,"key":"DuEsvvKMUeTJdxa8kXqu/ayQAUJjp2XA6Z9/xUsD9WI="},"chainType":1,"messageKeys":{}}},"pendingPreKey":{"signedKeyId":14,"baseKey":"BUU0h36cxz1SPQkv8B2lBooXIIQD4piabHpzJ7L6lX9x","preKeyId":11407956}}},"version":"v1"}