{"_sessions":{"BVbaQNEjexhOSYTKYsEbF729Fu3lwKtyfAbgAWEd7WRp":{"registrationId":2011364104,"currentRatchet":{"ephemeralKeyPair":{"pubKey":"BcZmGDrHpuh0kiuvKmEjFV06lMfkiJaJnRYg/RExh2sl","privKey":"aO2YNqEAKP/XMEtrR5gyEuYectN9aJ4JAC628XhHKkU="},"lastRemoteEphemeralKey":"BdQ+3eYh4r/T9MYgpDOSwahNXQ9NJ87eElHMXoYyqDhI","previousCounter":0,"rootKey":"EdLmFTAs3NtADUg2d5lp/Sda1mou3U8rde+UHFdHDXk="},"indexInfo":{"baseKey":"BVbaQNEjexhOSYTKYsEbF729Fu3lwKtyfAbgAWEd7WRp","baseKeyType":1,"closed":-1,"used":1682619374059,"created":1682619374059,"remoteIdentityKey":"Bc7BqGQRKx7ZzxjDQeWi7HxI27Be5L93XGoKnxn98C0d"},"_chains":{"BcZmGDrHpuh0kiuvKmEjFV06lMfkiJaJnRYg/RExh2sl":{"chainKey":{"counter":3,"key":"rCArpn3j95YW3Mo+jLhgC1lT0rAyu6DGQGbtDWond3s="},"chainType":1,"messageKeys":{}}},"pendingPreKey":{"signedKeyId":0,"baseKey":"BVbaQNEjexhOSYTKYsEbF729Fu3lwKtyfAbgAWEd7WRp","preKeyId":23197}}},"version":"v1"}