{"_sessions":{"BQNVofjQ+ARpIEMeuLYpuyIhAa3HsDFfyU3PbJ1cElMg":{"registrationId":1091358101,"currentRatchet":{"ephemeralKeyPair":{"pubKey":"BXkAI90M/21xMAiMLwHThZTxpv5QriYJybRlY8WuBsdy","privKey":"mIs9ELD0xVTWJjXbqp01INscr/KG8SMIkJbSGHd2+Xs="},"lastRemoteEphemeralKey":"BUr1YR61spLUtYEzkqX7RA+sAEijnh0EfbLksiciJKkN","previousCounter":1,"rootKey":"Qq0ZFgbxoutRyat31+9bYQrnd5BfjQ2tFCsFQL9QI5U="},"indexInfo":{"baseKey":"BQNVofjQ+ARpIEMeuLYpuyIhAa3HsDFfyU3PbJ1cElMg","baseKeyType":1,"closed":-1,"used":1682638491730,"created":1682603060954,"remoteIdentityKey":"BRMmwmqi7GxtNjwVj6DgYqcXjC0wQ1gKYoUqryAUa/ED"},"_chains":{"Bc5Ffho3z/fjq0zG52tEi0dWY5eTqvk9zZhqsoHP7ZUO":{"chainKey":{"counter":0},"chainType":2,"messageKeys":{}},"BUr1YR61spLUtYEzkqX7RA+sAEijnh0EfbLksiciJKkN":{"chainKey":{"counter":0,"key":"J74O69Ir5eXDl4mFTHtGZr91yrvBsbKpPHVSMLmYOtI="},"chainType":2,"messageKeys":{}},"BXkAI90M/21xMAiMLwHThZTxpv5QriYJybRlY8WuBsdy":{"chainKey":{"counter":235,"key":"6CW77CM5VbG/j35ATUbnHQEM8AbHdzVL/GcLRjzzF20="},"chainType":1,"messageKeys":{}}}}},"version":"v1"}