{"_sessions":{"BZ1cWpJVA0li0APx4X+6LUi+5h5UtyuRzOMl8FzzcK8D":{"registrationId":15,"currentRatchet":{"ephemeralKeyPair":{"pubKey":"BQpyfKmfc7FulGYKx41eTRcmD3AceQDPYtsWTKgGu8Nq","privKey":"CF6SM8J8/9GkFHhl36K3AkJYMp5sanpcvSxjgTVfRX4="},"lastRemoteEphemeralKey":"BfmzmKneeGDuS4SPp0KVq10mz29eF3/dGW051f34hZVd","previousCounter":0,"rootKey":"KyeiZJZ9luH6vsrLUTmvh/bx5Mdjc7GPy/8sAnqikps="},"indexInfo":{"baseKey":"BZ1cWpJVA0li0APx4X+6LUi+5h5UtyuRzOMl8FzzcK8D","baseKeyType":1,"closed":-1,"used":1682603060757,"created":1682603060757,"remoteIdentityKey":"BZGcBw9Zg5qN427x8j153uQCvU50ZNg+JPL1BFXhc0Vz"},"_chains":{"BQpyfKmfc7FulGYKx41eTRcmD3AceQDPYtsWTKgGu8Nq":{"chainKey":{"counter":360,"key":"mw9hitecA8jtB7e1TMoq/IUPha9iHU6KU+FXT9aYGlo="},"chainType":1,"messageKeys":{}}},"pendingPreKey":{"signedKeyId":1,"baseKey":"BZ1cWpJVA0li0APx4X+6LUi+5h5UtyuRzOMl8FzzcK8D"}}},"version":"v1"}