{"_sessions":{"BV6EfaRkjzQMIY1KPuI/xRvLaHoe64v5N4KC6XlyhGM6":{"registrationId":20335611,"currentRatchet":{"ephemeralKeyPair":{"pubKey":"BW7tPMVj9x38EtbZFW43z7dVa/5Mhx7OPkcJ41M1750f","privKey":"UMAB7cNxYuYid4JVS3w+UdIbNxU9JWoKpVrTMUazQ1s="},"lastRemoteEphemeralKey":"BUHstYn3jXMh/6ZrRImyUjy3Dc3burCa4AtZv0S3+DZM","previousCounter":35,"rootKey":"2E0JvefeJRniGnefi/l428FPf6/MMeUhmx7GETKfWcs="},"indexInfo":{"baseKey":"BV6EfaRkjzQMIY1KPuI/xRvLaHoe64v5N4KC6XlyhGM6","baseKeyType":1,"closed":-1,"used":1682607050456,"created":1682603061408,"remoteIdentityKey":"BfDAFdE1OHjc+CPvindC9h2kPfJ/JoiCgOtlL5PSDDE/"},"_chains":{"BUHstYn3jXMh/6ZrRImyUjy3Dc3burCa4AtZv0S3+DZM":{"chainKey":{"counter":1,"key":"v/UdKYW4Q698DiN7MvpSivDPQpIRKOWVA/KbxszuqkE="},"chainType":2,"messageKeys":{"0":"RtJsYXDd9ZvPymiZroqGZmiSE4Bzr2P8DwpJBNmmF+s="}},"BW7tPMVj9x38EtbZFW43z7dVa/5Mhx7OPkcJ41M1750f":{"chainKey":{"counter":324,"key":"lMD18CE3U/7iqHbpJ+/oE/4RFWo2sioYvr15Qmer9fY="},"chainType":1,"messageKeys":{}}}}},"version":"v1"}