{"_sessions":{"BU6zCCcwc8hiRCoX+o9oPE1yKLZlBGnvvZzBorBrikwb":{"registrationId":9834,"currentRatchet":{"ephemeralKeyPair":{"pubKey":"BQCoar85c+895sbq08e+ZGjg4RIZnPhrxj8rQ5B7c98B","privKey":"OC6jQZlklyLtfn8jtMH1JPcaoi7cVAvg5SONA2vVA00="},"lastRemoteEphemeralKey":"BaLEdTYng+MonPYQ/OsNlC4/RepOBcKZTHD2fCafiTJr","previousCounter":0,"rootKey":"O13U1bjeIOqbk2wuRxbvM9z/hbFpHS0eWWUNwVU/+ek="},"indexInfo":{"baseKey":"BU6zCCcwc8hiRCoX+o9oPE1yKLZlBGnvvZzBorBrikwb","baseKeyType":1,"closed":-1,"used":1682619373837,"created":1682619373837,"remoteIdentityKey":"Bcb7qZN5vK6H6dBpSL70dwjV6yXLDYHZ6OdUCAWl4rYG"},"_chains":{"BQCoar85c+895sbq08e+ZGjg4RIZnPhrxj8rQ5B7c98B":{"chainKey":{"counter":3,"key":"/H48RViFT4IyadbeEzBn4DzouZI2mm9pS6U59P3U9cE="},"chainType":1,"messageKeys":{}}},"pendingPreKey":{"signedKeyId":1,"baseKey":"BU6zCCcwc8hiRCoX+o9oPE1yKLZlBGnvvZzBorBrikwb","preKeyId":1093}}},"version":"v1"}