{"_sessions":{"BWQbfCkc4sijgyxx9KD3Q6dvVpzXq9IWUAkG9RJCEM8/":{"registrationId":1349957855,"currentRatchet":{"ephemeralKeyPair":{"pubKey":"BRqCm1T82H7syR1NDybzviuEc6Z6Nk3xLI2YkXwuOqkx","privKey":"qPiZnDseuVdUIQtSlGPh8jR1l/ZEUaVAAxKbEM3DQ1M="},"lastRemoteEphemeralKey":"Bb6pkwFPz3pUdnga8AhgQ5wQchCXXpLD/1lQVJ6bJGYd","previousCounter":0,"rootKey":"EykNbpgjnVTdupqgTKIqulr1GiKbOodePTnLTJtr4QI="},"indexInfo":{"baseKey":"BWQbfCkc4sijgyxx9KD3Q6dvVpzXq9IWUAkG9RJCEM8/","baseKeyType":1,"closed":-1,"used":1682619374212,"created":1682619374212,"remoteIdentityKey":"BYRn8NR0Mkbu19RrUsKeoUaWvD80zX1SwRVymhu0XJBc"},"_chains":{"BRqCm1T82H7syR1NDybzviuEc6Z6Nk3xLI2YkXwuOqkx":{"chainKey":{"counter":3,"key":"EhWCm1AIebXC2HnsblmitbQGMCip2p+CnUCOZm03LLs="},"chainType":1,"messageKeys":{}}},"pendingPreKey":{"signedKeyId":0,"baseKey":"BWQbfCkc4sijgyxx9KD3Q6dvVpzXq9IWUAkG9RJCEM8/","preKeyId":85559}}},"version":"v1"}