{"_sessions":{"BW30dBKzWdi7EnG4whatDcvtKZyWVaiqOCdFpysv2t9W":{"registrationId":1290030384,"currentRatchet":{"ephemeralKeyPair":{"pubKey":"BTunlF0LzoLWMpk0LI218bV1kcdZtmKJpbjloGeFjjQu","privKey":"SOYohnzRApGRQHq2JDeHzRfznx7uDZ7ldCkd8afy/lI="},"lastRemoteEphemeralKey":"BWBzAFgdqff5+I2NpgJjuEHMmOGk29uECzsz+npgxus+","previousCounter":0,"rootKey":"bE3w59FUPQ0kUkQ6l4iCX7zF08nN+gAa8Xlqm9M1/7w="},"indexInfo":{"baseKey":"BW30dBKzWdi7EnG4whatDcvtKZyWVaiqOCdFpysv2t9W","baseKeyType":1,"closed":-1,"used":1682603060955,"created":1682603060955,"remoteIdentityKey":"BZcrVMPR6u5sBF76J15Cw37sAhbqK7lc15RSa0upaZdL"},"_chains":{"BTunlF0LzoLWMpk0LI218bV1kcdZtmKJpbjloGeFjjQu":{"chainKey":{"counter":360,"key":"tABaAjFq/Qssp6RsQgjDvRNOgmJ12KpcPOLGGKvWHxM="},"chainType":1,"messageKeys":{}}},"pendingPreKey":{"signedKeyId":1,"baseKey":"BW30dBKzWdi7EnG4whatDcvtKZyWVaiqOCdFpysv2t9W","preKeyId":9295316}}},"version":"v1"}