{"_sessions":{"BYAq90kKc4iOWEMOZtgIx4iZ6ovesGo2FATxCsz55qsw":{"registrationId":1949526149,"currentRatchet":{"ephemeralKeyPair":{"pubKey":"BcuhYrzUgNh+Lfgfo0czjxa9cr6MIt/hyU9rshl8jLdT","privKey":"QCRMSH5edTWC/2XyvIb/y12rUGl89+9pJJ6onhfwWEM="},"lastRemoteEphemeralKey":"BcGs2gbe0Mj/Gp+sC1seVOxXkKkjbcT2MUCAurNbdMFL","previousCounter":35,"rootKey":"QG49ZJosld9F2fuBmQJCNa+rFskmrZDnV5aqjcEAEq8="},"indexInfo":{"baseKey":"BYAq90kKc4iOWEMOZtgIx4iZ6ovesGo2FATxCsz55qsw","baseKeyType":1,"closed":-1,"used":1682605951134,"created":1682603061088,"remoteIdentityKey":"BbgYrZW2ux+b44r6DGA6TFMlpyl7ATAK7FRHnyLOyc0y"},"_chains":{"BcGs2gbe0Mj/Gp+sC1seVOxXkKkjbcT2MUCAurNbdMFL":{"chainKey":{"counter":0,"key":"m7aB4VZ2NOM3d5NhH44dJhNxqeeFFhpKNsATNm55Y30="},"chainType":2,"messageKeys":{}},"BcuhYrzUgNh+Lfgfo0czjxa9cr6MIt/hyU9rshl8jLdT":{"chainKey":{"counter":324,"key":"pg/Anusfzhqo7qu/NEtppGJcb5YDrPnF0PAWRAEO3UA="},"chainType":1,"messageKeys":{}}}}},"version":"v1"}