{"_sessions":{"BbBmQSx+dqTd4NV1ZIJvbunzBOPyyzL1F20zFWF5HEo1":{"registrationId":1635530178,"currentRatchet":{"ephemeralKeyPair":{"pubKey":"BY2WGzS837fMkNkE7iw+Z0BcIMY+zjAgmT917WFYDkFD","privKey":"eHoUf0tKbYmIThek4v/sXEx1y0ck6qo9LvfE/+pXtGM="},"lastRemoteEphemeralKey":"BYq6/8jDTyyWDoyYvFE94rGmleLXtzsbVK2wa+ajDZpP","previousCounter":0,"rootKey":"9fuinlEeuGJyPcc3Iw8OPJZzApiCNMZ1MT0HZOoRh0k="},"indexInfo":{"baseKey":"BbBmQSx+dqTd4NV1ZIJvbunzBOPyyzL1F20zFWF5HEo1","baseKeyType":1,"closed":-1,"used":1682603060972,"created":1682603060972,"remoteIdentityKey":"BTXK3WqURTUmpv6qztBVYyMrnh30ZxEJ57rRFcut4lJ1"},"_chains":{"BY2WGzS837fMkNkE7iw+Z0BcIMY+zjAgmT917WFYDkFD":{"chainKey":{"counter":360,"key":"rTZfb7R7AHoGpKxGdAWEyq/i8kudTR4+j9K37leT0qQ="},"chainType":1,"messageKeys":{}}},"pendingPreKey":{"signedKeyId":5,"baseKey":"BbBmQSx+dqTd4NV1ZIJvbunzBOPyyzL1F20zFWF5HEo1","preKeyId":2198329}}},"version":"v1"}