{"_sessions":{"BfUF8UpMABZB4tfT2sdk5HEE+beUU5LscgEluUCxR7cx":{"registrationId":376330142,"currentRatchet":{"ephemeralKeyPair":{"pubKey":"BbILbs7mJJifWoWqDhsod9G0o/vLDVJK33X2CeIUDwlX","privKey":"sOov5aEgK3TMRpbK/bO3hv8YjJ7iwo/fn3545MUT7Uc="},"lastRemoteEphemeralKey":"BS1NeQdg9M6+VUpFLf7fl7pbgUQuPu9yTjrnjY9ULf5P","previousCounter":0,"rootKey":"SPufp+zDZmPIW62SY1Nkx4uW71Hj0xWuwdIucqd1nbo="},"indexInfo":{"baseKey":"BfUF8UpMABZB4tfT2sdk5HEE+beUU5LscgEluUCxR7cx","baseKeyType":1,"closed":-1,"used":1682619374235,"created":1682619374235,"remoteIdentityKey":"BXhLPjwAmTsVTn1R11l1qMmnlxOOaShKyKiBjsTZFIkk"},"_chains":{"BbILbs7mJJifWoWqDhsod9G0o/vLDVJK33X2CeIUDwlX":{"chainKey":{"counter":3,"key":"gaYZvbi8RaJdTZAPtLxc3+apbCgI3CH/JdTVduGhiHY="},"chainType":1,"messageKeys":{}}},"pendingPreKey":{"signedKeyId":2,"baseKey":"BfUF8UpMABZB4tfT2sdk5HEE+beUU5LscgEluUCxR7cx","preKeyId":14461052}}},"version":"v1"}