{"_sessions":{"BcijkwE1gvP6iQqZblhgGmwTPIR1hcz9GOu8UwyybQcN":{"registrationId":1289689113,"currentRatchet":{"ephemeralKeyPair":{"pubKey":"Bb0dwacAyrjt2JytktQ+PFP0NP0hUbhC9r2fkv/VBhg6","privKey":"yDzH3TTx26tyLeJ+AERHLX1/57ZZgjdxfCKkJxxQvks="},"lastRemoteEphemeralKey":"BXJBr+wkdJdubBTFDp/Qi31XxZ+xVFudUaNY/HQXkOM+","previousCounter":0,"rootKey":"3LJ9OG6jARUdZl/pWgyw+iirXLAZSxibU0rHwadEm0A="},"indexInfo":{"baseKey":"BcijkwE1gvP6iQqZblhgGmwTPIR1hcz9GOu8UwyybQcN","baseKeyType":1,"closed":-1,"used":1682603061006,"created":1682603061006,"remoteIdentityKey":"BWgKWdmg8xwwWtVIQL6BKRt/4idZlHLxkJRASIFBiz8W"},"_chains":{"Bb0dwacAyrjt2JytktQ+PFP0NP0hUbhC9r2fkv/VBhg6":{"chainKey":{"counter":364,"key":"JHJy5HHB0jvAx+AvuWCyax4N9X391l91ij8dlBW8P7Q="},"chainType":1,"messageKeys":{}}},"pendingPreKey":{"signedKeyId":1,"baseKey":"BcijkwE1gvP6iQqZblhgGmwTPIR1hcz9GOu8UwyybQcN"}}},"version":"v1"}