{"_sessions":{"BXKzREfZccTSL/eC1eo6w5K3kcZxKO5He5ajqF7i1lBr":{"registrationId":75375414,"currentRatchet":{"ephemeralKeyPair":{"pubKey":"BZTMZ3HFtDq4LQ9epF2vP70qAN8LY2y6xoqrA97JPF47","privKey":"eDvSj97m0bkr9fpn+lSs6+r6RIuhSm6FEdkJqIKLwFw="},"lastRemoteEphemeralKey":"BdRGwKWyJuRK7N2VBLQ1ij57jnGLBekZuPgqURX9RTxn","previousCounter":0,"rootKey":"iVjm2rd783GQUg9k47KAM7OKu2o9UlWFc+a9yrPmCr8="},"indexInfo":{"baseKey":"BXKzREfZccTSL/eC1eo6w5K3kcZxKO5He5ajqF7i1lBr","baseKeyType":1,"closed":-1,"used":1682603060908,"created":1682603060908,"remoteIdentityKey":"BbLaEEwccFbJjB0VpqH+ulciWSg4aNyGRg+Q1+v8x1pv"},"_chains":{"BZTMZ3HFtDq4LQ9epF2vP70qAN8LY2y6xoqrA97JPF47":{"chainKey":{"counter":360,"key":"sSrgJ0ellOlWOYAbZQLcDsCjicXD9JbozlVUPy7JdVc="},"chainType":1,"messageKeys":{}}},"pendingPreKey":{"signedKeyId":3555141,"baseKey":"BXKzREfZccTSL/eC1eo6w5K3kcZxKO5He5ajqF7i1lBr","preKeyId":6810}}},"version":"v1"}