{"_sessions":{"BSEXwP/KrZUgUVpC7N+uNQ+7MvzOQfWQWV3PgtKeBadQ":{"registrationId":1255465150,"currentRatchet":{"ephemeralKeyPair":{"pubKey":"BbLkR8jSYferIoSVf3+hDKkD1FsydUN8gcy0jbqesNBz","privKey":"mC9WeA1eh/z9XeAAnQeIMgGYEpOCuKhIH1XHgROVKkI="},"lastRemoteEphemeralKey":"BS4FEcE0sAad6zrm/x8vS0Ju70rHDs6bOBvo+TxPzSoM","previousCounter":0,"rootKey":"ymhdLU6X4fO9KLCEolVZsWDTpq1ZeIjzmAWBOqBxJrc="},"indexInfo":{"baseKey":"BSEXwP/KrZUgUVpC7N+uNQ+7MvzOQfWQWV3PgtKeBadQ","baseKeyType":1,"closed":-1,"used":1682619374234,"created":1682619374234,"remoteIdentityKey":"BZa5LU7YBLI8JAVVTmzCFSlS2ljm/paACy6h+SCiq4cb"},"_chains":{"BbLkR8jSYferIoSVf3+hDKkD1FsydUN8gcy0jbqesNBz":{"chainKey":{"counter":3,"key":"MgCkN6a6muMu9ps8qJzxRR1h+9DifCOb8Dt7uEhMQ1U="},"chainType":1,"messageKeys":{}}},"pendingPreKey":{"signedKeyId":2,"baseKey":"BSEXwP/KrZUgUVpC7N+uNQ+7MvzOQfWQWV3PgtKeBadQ"}}},"version":"v1"}