{"_sessions":{"BfqY3ESxnm/55fV6HQjuAF7CI+T41vYW/2dVhsB3pYh8":{"registrationId":376139220,"currentRatchet":{"ephemeralKeyPair":{"pubKey":"BRonwBGoULB6KhS7OMAqDtGc8iZPk/LNf3hcDIyUfJ4J","privKey":"GCS2lNqBCRJeRwqAONEVadAjFwnG+wNL7Ur6BLubMX0="},"lastRemoteEphemeralKey":"Baze5eiOjIHUqPEexc9oj/UhwoKXSWS3VsNPzrEsGq0c","previousCounter":0,"rootKey":"nZZhsFdTgVgEk4Iq5DFdipL4iRKtzOFBuf5tO6wQx+Y="},"indexInfo":{"baseKey":"BfqY3ESxnm/55fV6HQjuAF7CI+T41vYW/2dVhsB3pYh8","baseKeyType":1,"closed":-1,"used":1682619373869,"created":1682619373869,"remoteIdentityKey":"BVyEGK2p1c532gmVy4CRf+/LuDzo7Vw462i/3AxWfHhL"},"_chains":{"BRonwBGoULB6KhS7OMAqDtGc8iZPk/LNf3hcDIyUfJ4J":{"chainKey":{"counter":3,"key":"6S8tlcteMLhOttFByMTjk9qAwzFjCGjJoNunypdwLt4="},"chainType":1,"messageKeys":{}}},"pendingPreKey":{"signedKeyId":17,"baseKey":"BfqY3ESxnm/55fV6HQjuAF7CI+T41vYW/2dVhsB3pYh8","preKeyId":3870620}}},"version":"v1"}