{"_sessions":{"BSbE9Qr1J8LwEH6pIKW6h5qw18U/g6kaSF9nuDUx1QEI":{"registrationId":9087,"currentRatchet":{"ephemeralKeyPair":{"pubKey":"BUg1bQkDldzGRNXBwpwaMi8+PkzmX313GXg2jc21Sxk2","privKey":"EEeKDHf9q5tFnyi6HzrV88raHr8kLfbaUnwsIqVH+FM="},"lastRemoteEphemeralKey":"BeLBea1qTBg+CCLNf1M4OU4srgg3dQHZPgHof4cIYI8o","previousCounter":0,"rootKey":"+KA4uIKoyZrrGRBhJpAyAX2Ttj7r/jvae6jMnIhfDu0="},"indexInfo":{"baseKey":"BSbE9Qr1J8LwEH6pIKW6h5qw18U/g6kaSF9nuDUx1QEI","baseKeyType":1,"closed":-1,"used":1682619373763,"created":1682619373763,"remoteIdentityKey":"BfoNtTkL/zia2F9OOtOif3LnoIPtCpubxlh5xAEN/lx6"},"_chains":{"BUg1bQkDldzGRNXBwpwaMi8+PkzmX313GXg2jc21Sxk2":{"chainKey":{"counter":3,"key":"BhEiwQMOb1qW8F02m2SqLVXTvxZAoUNlRqp+GRS5fhc="},"chainType":1,"messageKeys":{}}},"pendingPreKey":{"signedKeyId":1,"baseKey":"BSbE9Qr1J8LwEH6pIKW6h5qw18U/g6kaSF9nuDUx1QEI","preKeyId":3330}}},"version":"v1"}