{"_sessions":{"BWC6b6rHLi/YbJ/rml3pmE4GSGBOa/b/e+S0PpM2xTZj":{"registrationId":1883779279,"currentRatchet":{"ephemeralKeyPair":{"pubKey":"Be3fXmIT17NR0qNZK8kqbsb8tfboSIdNjnfGc0iL8FJT","privKey":"8O+7yq3KjRXX6GEJwjj8695yg4Qb6/4HRFigPJjKrX8="},"lastRemoteEphemeralKey":"Bdl24NNBpLfnUT9Udm3GaZ48EuGNl9MMyYdbqma6dC0b","previousCounter":0,"rootKey":"iO7AERiQRKzszgp/PEFA1N0fNqLf+lYqFZ2wYU99PX4="},"indexInfo":{"baseKey":"BWC6b6rHLi/YbJ/rml3pmE4GSGBOa/b/e+S0PpM2xTZj","baseKeyType":1,"closed":-1,"used":1682619374125,"created":1682619374125,"remoteIdentityKey":"BQEp/KNoXR0mrqTWVMT6TxYplY1/64uoDyvyrOUfjwwS"},"_chains":{"Be3fXmIT17NR0qNZK8kqbsb8tfboSIdNjnfGc0iL8FJT":{"chainKey":{"counter":3,"key":"a+prOPtHVzLiIOG5PnUMQsaQXLqRHT6+iKXeJZ4EOXE="},"chainType":1,"messageKeys":{}}},"pendingPreKey":{"signedKeyId":7,"baseKey":"BWC6b6rHLi/YbJ/rml3pmE4GSGBOa/b/e+S0PpM2xTZj","preKeyId":11680435}}},"version":"v1"}