{"_sessions":{"BV5hVZREM3GO7ifu2mOb7sRIY9dYLO5bbYFnbRITKog2":{"registrationId":1771485083,"currentRatchet":{"ephemeralKeyPair":{"pubKey":"BVcPvghwJo1nuyeXWtmNgrXF3PF9+0dPaCbeUO8U8VpE","privKey":"6NWLOi+EUdmGgNsn3g+yGJiyyeUHUjOSM78ZgPSEm24="},"lastRemoteEphemeralKey":"BWgeVX67kwCy0J6Qurxq4mKDmG1RU/kQvhQxrfq4tZFt","previousCounter":0,"rootKey":"lQiMVPHy5tD/mRD5pd9daWKh3jUqUQ3Sb1HF/++6eXs="},"indexInfo":{"baseKey":"BV5hVZREM3GO7ifu2mOb7sRIY9dYLO5bbYFnbRITKog2","baseKeyType":1,"closed":-1,"used":1682619374189,"created":1682619374189,"remoteIdentityKey":"BVEv/i9pQ8oFXSgZmlVFVQ47xgc4SCeZH2Rk5+9P4AN8"},"_chains":{"BVcPvghwJo1nuyeXWtmNgrXF3PF9+0dPaCbeUO8U8VpE":{"chainKey":{"counter":3,"key":"/zWTbKfL0/+PZX29kjR3l9OGNO8muz74x+OY+Xei7H4="},"chainType":1,"messageKeys":{}}},"pendingPreKey":{"signedKeyId":0,"baseKey":"BV5hVZREM3GO7ifu2mOb7sRIY9dYLO5bbYFnbRITKog2"}}},"version":"v1"}