{"_sessions":{"BXG+sGjt7KK9eyqsgMT/MXxruukTmm4dbXT3uPnl2VlS":{"registrationId":1424631577,"currentRatchet":{"ephemeralKeyPair":{"pubKey":"BXhedimLLTQVYuVsyl3wJO/kbsRcu8NMLSiAy07nNe1V","privKey":"ODUw8fSXsE2YQc5zi/VmD5tUeK/JsF1PLefv1I4upFk="},"lastRemoteEphemeralKey":"BbLkG6MDzDgZ9/NPWNJLCh0T7brxExmVTyj+LUj4Rv5B","previousCounter":0,"rootKey":"iIJKSD7zE8SkOHkPY2VVlJy2E7a/bHdyJH9Qz61cPj8="},"indexInfo":{"baseKey":"BXG+sGjt7KK9eyqsgMT/MXxruukTmm4dbXT3uPnl2VlS","baseKeyType":1,"closed":-1,"used":1682619374227,"created":1682619374227,"remoteIdentityKey":"BeIMZNhFh0JRTeshSMzU2fWgD5g4eyDdBOHAxzYkHdVV"},"_chains":{"BXhedimLLTQVYuVsyl3wJO/kbsRcu8NMLSiAy07nNe1V":{"chainKey":{"counter":3,"key":"8t1pjxxn4eUNrOCQELZeHJudfU2v3bXV7xEWm0uAOcY="},"chainType":1,"messageKeys":{}}},"pendingPreKey":{"signedKeyId":0,"baseKey":"BXG+sGjt7KK9eyqsgMT/MXxruukTmm4dbXT3uPnl2VlS"}}},"version":"v1"}