{"_sessions":{"BYPVLewalhEO5mw9VuCQgBsXWPPQp0pCIpvwd/NWIV44":{"registrationId":12747,"currentRatchet":{"ephemeralKeyPair":{"pubKey":"BScsh9yr7mW6vX0yQeY7i+3Bl4qBtRF2KdxR/sZBdb4d","privKey":"6PAOryOzeW1/9znjOA0YYeKEmQdAcxuGF0IPcVEwOHY="},"lastRemoteEphemeralKey":"Bab9B8Rqjyrm7PxMCOjXPVEY1rIn3WCCiWQMVysxIdwm","previousCounter":0,"rootKey":"gEgRkHMtkz70oWL1K3nsCC4BJXSnCanRcK4RJgiSxnY="},"indexInfo":{"baseKey":"BYPVLewalhEO5mw9VuCQgBsXWPPQp0pCIpvwd/NWIV44","baseKeyType":1,"closed":-1,"used":1682619373844,"created":1682619373844,"remoteIdentityKey":"BUlyWfCkt/txkaoIR1L1VEAP05S5fFwHQun3Zj3pHxYv"},"_chains":{"BScsh9yr7mW6vX0yQeY7i+3Bl4qBtRF2KdxR/sZBdb4d":{"chainKey":{"counter":3,"key":"k8WG3ydF745ew9spOShKOSeTzZ9Gj+s744bAzdU74fI="},"chainType":1,"messageKeys":{}}},"pendingPreKey":{"signedKeyId":1,"baseKey":"BYPVLewalhEO5mw9VuCQgBsXWPPQp0pCIpvwd/NWIV44"}}},"version":"v1"}