{"_sessions":{"BVvdNfwMg/uiNqWUSpVN9akNXF4aQMjjEJ/KQxwGjVok":{"registrationId":1936091216,"currentRatchet":{"ephemeralKeyPair":{"pubKey":"BSRo4mRfTLCKYFGZ8xrBN6kMLJJ3WWgMVSKqG0XBzcc6","privKey":"qKeQFWC8e/aDykn9iFQC/zx+wh4hbPI6LSj3GB2EHEM="},"lastRemoteEphemeralKey":"BXAIS1uY3Wuk8oIUalIKA7EXGmR4YhVVZAnNAeNVkcZR","previousCounter":0,"rootKey":"kzdPnV3JZmhoPK41jYIO8ih58AURRljddQvk1t/PY+M="},"indexInfo":{"baseKey":"BVvdNfwMg/uiNqWUSpVN9akNXF4aQMjjEJ/KQxwGjVok","baseKeyType":1,"closed":-1,"used":1682603061118,"created":1682603061118,"remoteIdentityKey":"BX0QDKbXinj8GB43mlIvqyJ/e5XqnoTbbHsQwqDC5R8X"},"_chains":{"BSRo4mRfTLCKYFGZ8xrBN6kMLJJ3WWgMVSKqG0XBzcc6":{"chainKey":{"counter":360,"key":"Q8GjR7LBTcJnLp2oDxPzR86/dCFtj80VePsEJplAPtM="},"chainType":1,"messageKeys":{}}},"pendingPreKey":{"signedKeyId":4,"baseKey":"BVvdNfwMg/uiNqWUSpVN9akNXF4aQMjjEJ/KQxwGjVok","preKeyId":12763702}}},"version":"v1"}