{"_sessions":{"BZ5NQKos+MFQySRXUjspdDaLGnTJSRxIci+5g9+WpTt7":{"registrationId":377551137,"currentRatchet":{"ephemeralKeyPair":{"pubKey":"Bb8qb5W54UsQeq6fuuWaTv1GH8HUTFzBuw6enOTcBzNZ","privKey":"iAsI3n9I0idaEiqf/FSQAB5h1RIOsSyQwvz4m3CGb3s="},"lastRemoteEphemeralKey":"Bb9+XO4u5JHHG6Z7Nw39UFXYsZytPC8HhHRZWWTkzm5U","previousCounter":0,"rootKey":"asdb8M1fuME8HnTNQ6+s5rq8pkiwhsPkTggzX3BoOcU="},"indexInfo":{"baseKey":"BZ5NQKos+MFQySRXUjspdDaLGnTJSRxIci+5g9+WpTt7","baseKeyType":1,"closed":-1,"used":1682619374219,"created":1682619374219,"remoteIdentityKey":"BYsuzgI1mKbnPHK/+NOGGyG0nkOR0RyW/UJgydjizqx8"},"_chains":{"Bb8qb5W54UsQeq6fuuWaTv1GH8HUTFzBuw6enOTcBzNZ":{"chainKey":{"counter":3,"key":"uF/sQ5Ptu1n+qV/pAwd/RceMpS4pqkQp9C8vKbmOPZw="},"chainType":1,"messageKeys":{}}},"pendingPreKey":{"signedKeyId":1,"baseKey":"BZ5NQKos+MFQySRXUjspdDaLGnTJSRxIci+5g9+WpTt7","preKeyId":3088128}}},"version":"v1"}