{"_sessions":{"BXlak7gfFcoGVe2u5rSTuTfh7O63/ZM8EKuwZoqyc8lf":{"registrationId":12763,"currentRatchet":{"ephemeralKeyPair":{"pubKey":"BdVinABA4j7lHVmB7I8SAs04CZCvr8a3PHC1mkmHBdY9","privKey":"qGRDKOCi4khyqpRbiCFUWEPW1x+ms/dIjGPHQwy1W20="},"lastRemoteEphemeralKey":"BU0d9wRo9eza5I/hXZXhnpPdGWLlmda8A9m/NVAp6ns0","previousCounter":0,"rootKey":"cdRM8xzs8taJhUjwY2vtOQW1BnubqYTm5GaZd89MLVM="},"indexInfo":{"baseKey":"BXlak7gfFcoGVe2u5rSTuTfh7O63/ZM8EKuwZoqyc8lf","baseKeyType":1,"closed":-1,"used":1682619373739,"created":1682619373739,"remoteIdentityKey":"BXSVsPaHQ/BKgvs/jR/kfo4g5GqKLuTpGJYJcBY367wR"},"_chains":{"BdVinABA4j7lHVmB7I8SAs04CZCvr8a3PHC1mkmHBdY9":{"chainKey":{"counter":3,"key":"uSzWu1LJoHQJhivCX99lNVGBuWsNzgx3psULPWX2YH4="},"chainType":1,"messageKeys":{}}},"pendingPreKey":{"signedKeyId":1,"baseKey":"BXlak7gfFcoGVe2u5rSTuTfh7O63/ZM8EKuwZoqyc8lf"}}},"version":"v1"}