{"_sessions":{"BVDg3gbhJyd62CHEL1rTIjQm05tqsrhh1nR1q30dJQdN":{"registrationId":1234903097,"currentRatchet":{"ephemeralKeyPair":{"pubKey":"BWlEwio65z8G249AigwMTS+kUwXdTTo9pTpq5k283xJx","privKey":"2OEw5cWwNWtzuhOwomAeDmt7VZ3jqj/CnLmni+N3THQ="},"lastRemoteEphemeralKey":"BYfBKUs0N4ouxYtVVrjIclWAtGSQu/bC0KaBK7UKcgxl","previousCounter":0,"rootKey":"li4+2KtvAfM12I0frFZR6zQEwI8xfUNJF6FIidVnIMY="},"indexInfo":{"baseKey":"BVDg3gbhJyd62CHEL1rTIjQm05tqsrhh1nR1q30dJQdN","baseKeyType":1,"closed":-1,"used":1682603061226,"created":1682603061226,"remoteIdentityKey":"BS/YbaukBdKYNrgK1gvy64zUmMWIibx2SfQRlxO1Bxcv"},"_chains":{"BWlEwio65z8G249AigwMTS+kUwXdTTo9pTpq5k283xJx":{"chainKey":{"counter":360,"key":"ndAMxsUudBJ0+yICUEFv9h/sFHFTrxTaGdDl/QaWO6Y="},"chainType":1,"messageKeys":{}}},"pendingPreKey":{"signedKeyId":1,"baseKey":"BVDg3gbhJyd62CHEL1rTIjQm05tqsrhh1nR1q30dJQdN","preKeyId":14683663}}},"version":"v1"}