{"_sessions":{"BaSagj1kp8WAgCNYwBrmS65PLFbTVXYufLgbv71xhQcn":{"registrationId":882077936,"currentRatchet":{"ephemeralKeyPair":{"pubKey":"BW4QwzJbnWtePcFyDXQOauLnvI/9IUbIHT3CuIe6Dqgx","privKey":"OGLAyQUlT1ZkuIukkkm6X6WA0v/fXxX8homsB5S3jk0="},"lastRemoteEphemeralKey":"Bb/Ya/hk0J1ACVw+X0EHEmOL/DLCUNJH7lDhy947VnxJ","previousCounter":0,"rootKey":"xd/G+YSiFNjK6GIK/UE09fhHdPmYaTJBHpudUxeqPuA="},"indexInfo":{"baseKey":"BaSagj1kp8WAgCNYwBrmS65PLFbTVXYufLgbv71xhQcn","baseKeyType":1,"closed":-1,"used":1682619374220,"created":1682619374220,"remoteIdentityKey":"BV4Y4kWPQ9FqKgPMYqH9EBS7PX7nJqFwaqaOnBvj/DEo"},"_chains":{"BW4QwzJbnWtePcFyDXQOauLnvI/9IUbIHT3CuIe6Dqgx":{"chainKey":{"counter":3,"key":"rAIJALSymOrdFJTJPNYSvyEePIKDQRRDzaJKbe+7YAA="},"chainType":1,"messageKeys":{}}},"pendingPreKey":{"signedKeyId":1,"baseKey":"BaSagj1kp8WAgCNYwBrmS65PLFbTVXYufLgbv71xhQcn","preKeyId":11977399}}},"version":"v1"}