{"_sessions":{"BcM3JVUPmU/IDJkh9ha3RlEtCyU1cprSbNLsZeGclklP":{"registrationId":996789933,"currentRatchet":{"ephemeralKeyPair":{"pubKey":"BSrqa6wvrZxMmeEGD8yTnbJjiortRTjrBIondZ7T7eYu","privKey":"uCQQaMkw9SOiCAzGYts9gCM5Josm9x++AsVFbetyw0s="},"lastRemoteEphemeralKey":"Bd4tcFTcuvnbKN3jfeDy0lCvynSEFFgXXJM4cq1Xoj5a","previousCounter":0,"rootKey":"DX5IiU7CgcvR2fN9kNXeT4KH1wk/TmIb6wjJE7yD0hw="},"indexInfo":{"baseKey":"BcM3JVUPmU/IDJkh9ha3RlEtCyU1cprSbNLsZeGclklP","baseKeyType":1,"closed":-1,"used":1682603061405,"created":1682603061405,"remoteIdentityKey":"BZjcY8r2dTg0KiQMNFeZxN40SZN5ZZEpCkwGSc+rL2Is"},"_chains":{"BSrqa6wvrZxMmeEGD8yTnbJjiortRTjrBIondZ7T7eYu":{"chainKey":{"counter":360,"key":"5Jt1M4jI/uVUoLA/QZBLOaOMDSojjNtZ19PTi/ejJeo="},"chainType":1,"messageKeys":{}}},"pendingPreKey":{"signedKeyId":0,"baseKey":"BcM3JVUPmU/IDJkh9ha3RlEtCyU1cprSbNLsZeGclklP"}}},"version":"v1"}