{"_sessions":{"BWm5bkR6gPOxRSQlwiFn+sWHJFzE7GTYS7UXfionY4Ys":{"registrationId":2007049732,"currentRatchet":{"ephemeralKeyPair":{"pubKey":"BepKQZjx1sMIMaNxf0Abk43uUYfdoHxNjF/WTFaFRj55","privKey":"UC3QgQE5RslzjoQlYvhLPnb1/jfnXtwe5KCWEuhZ13Q="},"lastRemoteEphemeralKey":"Beqsf7X7uZVgWoGdOkjBv2CvA0YaDmTADhdtfDmNLTAf","previousCounter":0,"rootKey":"QsHRs1MwP/jMm52/m08rV2LTwBTKJiEhOOitawW4siQ="},"indexInfo":{"baseKey":"BWm5bkR6gPOxRSQlwiFn+sWHJFzE7GTYS7UXfionY4Ys","baseKeyType":1,"closed":-1,"used":1682619373894,"created":1682619373894,"remoteIdentityKey":"BYUlCd9RmEd2gzM3HrOqeKVRlBrmHahpKHIQHdqpr+04"},"_chains":{"BepKQZjx1sMIMaNxf0Abk43uUYfdoHxNjF/WTFaFRj55":{"chainKey":{"counter":3,"key":"65L5DvqxjWjRSvWqdBbcnAbVz+BvMrurxsx+oC0Kxx0="},"chainType":1,"messageKeys":{}}},"pendingPreKey":{"signedKeyId":0,"baseKey":"BWm5bkR6gPOxRSQlwiFn+sWHJFzE7GTYS7UXfionY4Ys"}}},"version":"v1"}