{"_sessions":{"Bb1ywimT+MqjRYjZ4gFK+ZGnSW5Wb3KIGT9ZTjjUDT0s":{"registrationId":703352170,"currentRatchet":{"ephemeralKeyPair":{"pubKey":"BfI8nhGn6hCng108OLIDl/jw1AcmqNggXSdrkGbvvt0I","privKey":"kFWr952Q9PvIPATVqTq92Wl1TaWSDlI7T3VwGOi/p1o="},"lastRemoteEphemeralKey":"Be42cNhKPt4Dt5bukMiPAHYMUbgy87v1FASCbBUqpv9G","previousCounter":0,"rootKey":"V13iPwxlTLUvu46VquaEip426OaGNSFELV5KZkKhwFo="},"indexInfo":{"baseKey":"Bb1ywimT+MqjRYjZ4gFK+ZGnSW5Wb3KIGT9ZTjjUDT0s","baseKeyType":1,"closed":-1,"used":1682619373972,"created":1682619373972,"remoteIdentityKey":"BUnVYnp/6bXloQHcIFZoFr1uNY9WzSfw/F57xnu/i8Z/"},"_chains":{"BfI8nhGn6hCng108OLIDl/jw1AcmqNggXSdrkGbvvt0I":{"chainKey":{"counter":3,"key":"zG0E0mYP3oVxnHEwmj/NQ0jv3S0+n+ov/j67A6K+w94="},"chainType":1,"messageKeys":{}}},"pendingPreKey":{"signedKeyId":12,"baseKey":"Bb1ywimT+MqjRYjZ4gFK+ZGnSW5Wb3KIGT9ZTjjUDT0s","preKeyId":3923318}}},"version":"v1"}