{"_sessions":{"BeQRoaG0kRIdH2Rs38r0ff4d+k/INMR2CnstrfagiP4w":{"registrationId":1315684674,"currentRatchet":{"ephemeralKeyPair":{"pubKey":"BYYtYVbaNYXz+r7xVn8UzQwWMDUf+NZogyzyuqx7MO5O","privKey":"2ETAR3eMvD5LajCHvOLl54YqfX3eSTRt7hm7D8oWg2Q="},"lastRemoteEphemeralKey":"BcJypHyx6BP/yBz0i0LCYRcPDQ0RQRPgwer+od5jiU4b","previousCounter":0,"rootKey":"/T7OQuZ56a7xzgBPzvajtZBVL+5gJV61yIC/qaDqfa0="},"indexInfo":{"baseKey":"BeQRoaG0kRIdH2Rs38r0ff4d+k/INMR2CnstrfagiP4w","baseKeyType":1,"closed":-1,"used":1682619374240,"created":1682619374240,"remoteIdentityKey":"BaIXpcQ2s20tk4zN3dBLIWMVBdX5+I+bJNYpIV+0nQpJ"},"_chains":{"BYYtYVbaNYXz+r7xVn8UzQwWMDUf+NZogyzyuqx7MO5O":{"chainKey":{"counter":3,"key":"ybqyfwqWdPlHOPOubZybuCVWud7qYGGvlARhzr/uxxI="},"chainType":1,"messageKeys":{}}},"pendingPreKey":{"signedKeyId":11,"baseKey":"BeQRoaG0kRIdH2Rs38r0ff4d+k/INMR2CnstrfagiP4w","preKeyId":10404377}}},"version":"v1"}