{"_sessions":{"BVZGca8bOTAeuWR1ac1LOgURQtvF3o6Cy5kqFgm5DwdX":{"registrationId":1246222918,"currentRatchet":{"ephemeralKeyPair":{"pubKey":"Baaqy1rXF7espD1tJxvZFFNh1QWO/siUT4iNu5gLojMR","privKey":"kE/8Kwt2jcy32GWo1pYuet2FwonBrbOf6UTAGs8RIWg="},"lastRemoteEphemeralKey":"BVFmQVwNv2dg2UgdPrcnnLvvFr8ESBFpoQQctV3/xgoJ","previousCounter":0,"rootKey":"Cbi7KXus8InGUZQvtG963YBu2pFXM7w4jed/r+Sf3K8="},"indexInfo":{"baseKey":"BVZGca8bOTAeuWR1ac1LOgURQtvF3o6Cy5kqFgm5DwdX","baseKeyType":1,"closed":-1,"used":1682619374039,"created":1682619374039,"remoteIdentityKey":"BblYMfbPVCnpHgXbOQp6iFmyduqK9SHfGl3Wks0Gv4ZN"},"_chains":{"Baaqy1rXF7espD1tJxvZFFNh1QWO/siUT4iNu5gLojMR":{"chainKey":{"counter":3,"key":"XKJ4LfWJJGVcA51+JIasBkRxeCEQxJdvcc57UrKmQR8="},"chainType":1,"messageKeys":{}}},"pendingPreKey":{"signedKeyId":0,"baseKey":"BVZGca8bOTAeuWR1ac1LOgURQtvF3o6Cy5kqFgm5DwdX","preKeyId":12560750}}},"version":"v1"}