{"_sessions":{"BV+SZN276z9W2b40zqERvnPwzn5dMfZbvH1fyFY9+7RJ":{"registrationId":1635701506,"currentRatchet":{"ephemeralKeyPair":{"pubKey":"BWoqRnqWCPUfgKxyyKzDsivMNKCvjG/vZS3a0+jzVHM1","privKey":"+I8WpclY3soo6LsC1jFC8Kzk6f1b3XbGeCNUA7ePWmg="},"lastRemoteEphemeralKey":"BfeUH+9+big1pTmPZgkhHrJzVsNAcX8lhUMCE02kPnIb","previousCounter":0,"rootKey":"r4FHHzNI2hidwsPJeG8m7/ogfVFVMwEyqxne/U9upz0="},"indexInfo":{"baseKey":"BV+SZN276z9W2b40zqERvnPwzn5dMfZbvH1fyFY9+7RJ","baseKeyType":1,"closed":-1,"used":1682603060871,"created":1682603060871,"remoteIdentityKey":"BQZJXl8ZKw+2CVTdaV5zPGOThMzZXZTB+GuTz1bi7ddA"},"_chains":{"BWoqRnqWCPUfgKxyyKzDsivMNKCvjG/vZS3a0+jzVHM1":{"chainKey":{"counter":360,"key":"ZghpPD2mIfpooT58df7PKJXtbo4Ga/7u33tDcK+c6r4="},"chainType":1,"messageKeys":{}}},"pendingPreKey":{"signedKeyId":1,"baseKey":"BV+SZN276z9W2b40zqERvnPwzn5dMfZbvH1fyFY9+7RJ","preKeyId":3480391}}},"version":"v1"}