{"_sessions":{"BclZXc7DtxPJ9yYhLHdnY5Iyx07I6+uA7HSjY78OnDYu":{"registrationId":2055521765,"currentRatchet":{"ephemeralKeyPair":{"pubKey":"BQYOPV40ettZx7MFqEGFLU06xgu7Jnuzb29777QdDjQl","privKey":"6F9vJzGUaybVDYbM3N8pynnd5+1yqFTsLWRa7/QQE3U="},"lastRemoteEphemeralKey":"BV5FKXcAVnp3f42Dxk2/4FGu1Ar0JzSzrFhTypCzJLkk","previousCounter":0,"rootKey":"ijCYyTHy1L3GjF7bA/yimlAeUH5wz6dT1gG4Txyg+a0="},"indexInfo":{"baseKey":"BclZXc7DtxPJ9yYhLHdnY5Iyx07I6+uA7HSjY78OnDYu","baseKeyType":1,"closed":-1,"used":1682619374271,"created":1682619374271,"remoteIdentityKey":"BcCKOURAYglt3vYFghPtq2mXmTDrjdYM1JBvvTwk6ORv"},"_chains":{"BQYOPV40ettZx7MFqEGFLU06xgu7Jnuzb29777QdDjQl":{"chainKey":{"counter":3,"key":"EQCE7kh1rR5JZVvIGtrN0dnGp0IFFPp6e6775PvwsNc="},"chainType":1,"messageKeys":{}}},"pendingPreKey":{"signedKeyId":3,"baseKey":"BclZXc7DtxPJ9yYhLHdnY5Iyx07I6+uA7HSjY78OnDYu","preKeyId":6952770}}},"version":"v1"}