{"_sessions":{"BV+4OEBSUM8GnhatM8Z/cdVMG7WR37dpXlHcT36zjLhj":{"registrationId":925906613,"currentRatchet":{"ephemeralKeyPair":{"pubKey":"BQExic5V8EVn7tnOVuoy8Fg0X4BXMvfPmPaiS+83f3JE","privKey":"SC+wH9fszR3lPgFYJJKZhbax5Ejq3ws7vQ1DrTp74nY="},"lastRemoteEphemeralKey":"Bc8wjWvquNKZy8h1P3Rr5nonAAZ4NAXxpQl6h+i3hMRI","previousCounter":0,"rootKey":"4TRwXJbu84i4jkLMHlj+EFE+QJ1oqdFEFVyd1KdtHkM="},"indexInfo":{"baseKey":"BV+4OEBSUM8GnhatM8Z/cdVMG7WR37dpXlHcT36zjLhj","baseKeyType":1,"closed":-1,"used":1682603061355,"created":1682603061355,"remoteIdentityKey":"BUQd9ojvLzJxFU5Z2zy85YamZBNCQH43mA0vOsjiEb1x"},"_chains":{"BQExic5V8EVn7tnOVuoy8Fg0X4BXMvfPmPaiS+83f3JE":{"chainKey":{"counter":360,"key":"JlYD7ldSBQGB6i4sPnJGG2lKGRmGoKvxS8Q3AHX2ZSs="},"chainType":1,"messageKeys":{}}},"pendingPreKey":{"signedKeyId":0,"baseKey":"BV+4OEBSUM8GnhatM8Z/cdVMG7WR37dpXlHcT36zjLhj"}}},"version":"v1"}