{"_sessions":{"BZpvkDbao+rK7P68qGC+y2VYmqxeCTh/UajH42FjsLIQ":{"registrationId":1280691939,"currentRatchet":{"ephemeralKeyPair":{"pubKey":"BWzO69Z5sBfHWMNl7gPeXyv09yv482P80rZS0wPELlQX","privKey":"wIfS525VxRyiQz7FnY6oTLJxW4dOoOM+B9vWNUMOQWA="},"lastRemoteEphemeralKey":"BcA42zdMddp9UN3gRx6hVsxr92Qkh2UOlq9STrgoEOYq","previousCounter":0,"rootKey":"JXfH021U7bFxWIhyNTZYaqA68REfbHUAXZhdn6+nAkc="},"indexInfo":{"baseKey":"BZpvkDbao+rK7P68qGC+y2VYmqxeCTh/UajH42FjsLIQ","baseKeyType":1,"closed":-1,"used":1682619373871,"created":1682619373871,"remoteIdentityKey":"BagFL9M8BKJet4ffXcwWUGj7jz+a/7qnzP+xYa8ntlRQ"},"_chains":{"BWzO69Z5sBfHWMNl7gPeXyv09yv482P80rZS0wPELlQX":{"chainKey":{"counter":3,"key":"73NCev6870lH9HXXGzcr52pNBTRQ7mVXhu9WmBQtU8s="},"chainType":1,"messageKeys":{}}},"pendingPreKey":{"signedKeyId":3,"baseKey":"BZpvkDbao+rK7P68qGC+y2VYmqxeCTh/UajH42FjsLIQ","preKeyId":2761218}}},"version":"v1"}