{"_sessions":{"BZRM3KCA1vg6elsBeng+oZpWn7Xe2+hcbYuB1rF+kdUA":{"registrationId":1044495351,"currentRatchet":{"ephemeralKeyPair":{"pubKey":"BSCqjDGEv3T/XwGRsiu/R+ob+gW7HL+xZZnHmySgU7gx","privKey":"wBelc8NTsoeKl+BIaZjbnyj661hdSl84mLSMPb2RdFM="},"lastRemoteEphemeralKey":"Bf+y0JIoyAexqmAE/VzuHAYlynJvVuyPkulMdjwhiQ8Y","previousCounter":0,"rootKey":"dMb2N1S8JI9Y9fVP7A2vOpHDE9Cz9E/8+G3vjardrzA="},"indexInfo":{"baseKey":"BZRM3KCA1vg6elsBeng+oZpWn7Xe2+hcbYuB1rF+kdUA","baseKeyType":1,"closed":-1,"used":1682619374203,"created":1682619374203,"remoteIdentityKey":"BdE/NlyXHW9nHvtFOp2mVRHwWhK96wpUe0cJiySXg6tF"},"_chains":{"BSCqjDGEv3T/XwGRsiu/R+ob+gW7HL+xZZnHmySgU7gx":{"chainKey":{"counter":3,"key":"T6YcoHy3E07OwopicVQLeiTU006h7M1JHm5/r5soysc="},"chainType":1,"messageKeys":{}}},"pendingPreKey":{"signedKeyId":0,"baseKey":"BZRM3KCA1vg6elsBeng+oZpWn7Xe2+hcbYuB1rF+kdUA"}}},"version":"v1"}