{"_sessions":{"BWLgUBied603aRNlr2LeKKD9KBMxC7yyPh//WzDrqakp":{"registrationId":125847847,"currentRatchet":{"ephemeralKeyPair":{"pubKey":"BSBg9PFprrEPgMvRaGS3EHcljE2zUFRBDeWOSG8Hs75s","privKey":"OJto2DInyjVzUx4nDeg0VFdIOVrns4tIZIoCVupF+kI="},"lastRemoteEphemeralKey":"BdOhbu8oizGHIUQ208QMpfOpAaZ9J7SkbQgPU9HoPUYk","previousCounter":0,"rootKey":"wl/QjcBK60SVSR79CKP91G4+6ed9hR8CpV7hGyEq76U="},"indexInfo":{"baseKey":"BWLgUBied603aRNlr2LeKKD9KBMxC7yyPh//WzDrqakp","baseKeyType":1,"closed":-1,"used":1682603061266,"created":1682603061266,"remoteIdentityKey":"BXbImgBy/PmYso5m7KsQ1G/EP6pMaZIZhGr2QPWM+nkd"},"_chains":{"BSBg9PFprrEPgMvRaGS3EHcljE2zUFRBDeWOSG8Hs75s":{"chainKey":{"counter":360,"key":"ddkkQv1jCzu8kTlkaH/WsDTnFxQRNQ4GlDKbmUOFvfY="},"chainType":1,"messageKeys":{}}},"pendingPreKey":{"signedKeyId":7,"baseKey":"BWLgUBied603aRNlr2LeKKD9KBMxC7yyPh//WzDrqakp","preKeyId":9846820}}},"version":"v1"}