{"_sessions":{"Bejebh7OUBCiUyPZuKYSGXLkzfwsXSSS8nFoJidhA2NJ":{"registrationId":12354,"currentRatchet":{"ephemeralKeyPair":{"pubKey":"BdQwxMpLW6pWj0Zl58FE0XI9jBIrwP7LjGvj9uTuYsgg","privKey":"CFP6aGew5Dd24T8/WWo5SxUQAQWNh7XkxEB1Tr7ljX8="},"lastRemoteEphemeralKey":"BemnLQv327gFmER4jXHOy3trk6GjF99b1IRTxM+VI9Rn","previousCounter":0,"rootKey":"aljzlq69QlC9h7idnYLGVm6H9jWGpeNIgUzcE5cKvHs="},"indexInfo":{"baseKey":"Bejebh7OUBCiUyPZuKYSGXLkzfwsXSSS8nFoJidhA2NJ","baseKeyType":1,"closed":-1,"used":1682603060790,"created":1682603060790,"remoteIdentityKey":"Ba3C47ek9dUM/Db4GigPcwrPcfBIX7wyz3wBym4XGkkT"},"_chains":{"BdQwxMpLW6pWj0Zl58FE0XI9jBIrwP7LjGvj9uTuYsgg":{"chainKey":{"counter":360,"key":"ZK9GFzEiu47p3J6XqoDPxACC5Vi9MVONWX2ASdWLats="},"chainType":1,"messageKeys":{}}},"pendingPreKey":{"signedKeyId":1,"baseKey":"Bejebh7OUBCiUyPZuKYSGXLkzfwsXSSS8nFoJidhA2NJ"}}},"version":"v1"}