{"_sessions":{"BU/NMD9f7oSGti1yHkJ1R7O8iBEHTrfIiWSSd+8QUKtR":{"registrationId":117582920,"currentRatchet":{"ephemeralKeyPair":{"pubKey":"BXIsGNcvLM6Vawlqarj6GiDS5xxFp8k3BBaF+BCC/Rgi","privKey":"AJEKLAfs9a+rum6uMxnXrzMgg2H6wHjLvAndZmsCbX8="},"lastRemoteEphemeralKey":"BRABaXigQw4bxoJYAv4DRPq6+oMVehLLnqXwW2mXHIY4","previousCounter":1,"rootKey":"kZs9CxJnRjdiJMdP4dhw63tc1IgK7gyL+/ABdQZm/0c="},"indexInfo":{"baseKey":"BU/NMD9f7oSGti1yHkJ1R7O8iBEHTrfIiWSSd+8QUKtR","baseKeyType":1,"closed":-1,"used":1682603113245,"created":1682603061039,"remoteIdentityKey":"BfiyZjB1Fcj8kZrAEiB04s/CatMhxw+sLVOk+6IvG2Na"},"_chains":{"BVCsmwepSIZOUpDF/7girRVHA/tVNM14ZuWp1/FQP806":{"chainKey":{"counter":0},"chainType":2,"messageKeys":{}},"BRABaXigQw4bxoJYAv4DRPq6+oMVehLLnqXwW2mXHIY4":{"chainKey":{"counter":0,"key":"kyEtxFwWDmRSwO3/Rc0pgVAbRKGm96BUHdwdNNFY6tM="},"chainType":2,"messageKeys":{}},"BXIsGNcvLM6Vawlqarj6GiDS5xxFp8k3BBaF+BCC/Rgi":{"chainKey":{"counter":356,"key":"seZO1ICkUyJFaSudr8Oh0uvfWT0sTe6bar5Md1HhYuI="},"chainType":1,"messageKeys":{}}}}},"version":"v1"}