{"_sessions":{"BYTQEluH5WJs0QvJvdo+lR3TPpqAqjzW0Zzu8twTR4Y5":{"registrationId":625363564,"currentRatchet":{"ephemeralKeyPair":{"pubKey":"BdbyJgIuTJ7eDdpq2SIqbRufO97stfEXqiZSCaYMU3Uv","privKey":"+GlE+kQ8VNRowxkxNfMfaelLBZAuoj8dNdCX9HKD5Eo="},"lastRemoteEphemeralKey":"BSJ01PXalt7x5K7iabzvxeH8wgwGm/wQq7qeLmxz8Ew3","previousCounter":0,"rootKey":"P8ajYuRJJm6QydfzAKMsrCFHC7ZoByfP4khYceWvX/Q="},"indexInfo":{"baseKey":"BYTQEluH5WJs0QvJvdo+lR3TPpqAqjzW0Zzu8twTR4Y5","baseKeyType":1,"closed":-1,"used":1682619373736,"created":1682619373736,"remoteIdentityKey":"BVrYgGIj+8Youfzw6yiGFbIh+cNNZ0UqbDEVSysKOxwd"},"_chains":{"BdbyJgIuTJ7eDdpq2SIqbRufO97stfEXqiZSCaYMU3Uv":{"chainKey":{"counter":3,"key":"+HFVral7JuiR7u3xIxV0sggQRyzcs6di2IyQvjk2hs8="},"chainType":1,"messageKeys":{}}},"pendingPreKey":{"signedKeyId":1,"baseKey":"BYTQEluH5WJs0QvJvdo+lR3TPpqAqjzW0Zzu8twTR4Y5","preKeyId":15571672}}},"version":"v1"}