{"_sessions":{"BZ+5hPWvdIu9/AOjSQTTTUZaluKjONFJjMXQGvfqTv8H":{"registrationId":910831472,"currentRatchet":{"ephemeralKeyPair":{"pubKey":"BRJVSceKm6bwS1rQc7XmgDuMqkBo/GSIjYLNHopPabZT","privKey":"4GoOy46eLq+W4ti9LB7i5rkHRWt9NF8Mwz+w2/Hkimg="},"lastRemoteEphemeralKey":"BehsCA/4i46ae3v5GxVeGc83WOmg4ZPtKfUBJBVTF8Za","previousCounter":0,"rootKey":"FFRgUbCGrjbv3gVINwpVT3ORjCG6cqr6eu8KL34w6EY="},"indexInfo":{"baseKey":"BZ+5hPWvdIu9/AOjSQTTTUZaluKjONFJjMXQGvfqTv8H","baseKeyType":1,"closed":-1,"used":1682603061004,"created":1682603061004,"remoteIdentityKey":"BSfmOxvvJL06mG+F5g9zdqcECHEVQedcWOYtIQihljEW"},"_chains":{"BRJVSceKm6bwS1rQc7XmgDuMqkBo/GSIjYLNHopPabZT":{"chainKey":{"counter":360,"key":"e8bqOUZOmfsyuAVtWqwrTSaBEFpY8NjyuBECMhq0eVc="},"chainType":1,"messageKeys":{}}},"pendingPreKey":{"signedKeyId":1,"baseKey":"BZ+5hPWvdIu9/AOjSQTTTUZaluKjONFJjMXQGvfqTv8H","preKeyId":5140629}}},"version":"v1"}