{"_sessions":{"Ba729JciBl+WgNzUUXYM9VaVRNSPxZ1UmDcxlxH10ihU":{"registrationId":8758,"currentRatchet":{"ephemeralKeyPair":{"pubKey":"BSSUtW0uIislVoArSmy2wNTxsxKkWxOVtzvqjuKhHrIu","privKey":"MKQZn0IUjlKzsl+KnZvUsJNd+ui+x1DhA4CFFb87fHY="},"lastRemoteEphemeralKey":"BQ3/U6+ZQgg1zVfUyfrLauyLjv2o9kDqf4dnFLTlqDoM","previousCounter":0,"rootKey":"ncHAMHzd4Fc+PhdLOO4hKCl10D2yi31xHH3LjG2ANH0="},"indexInfo":{"baseKey":"Ba729JciBl+WgNzUUXYM9VaVRNSPxZ1UmDcxlxH10ihU","baseKeyType":1,"closed":-1,"used":1682603060758,"created":1682603060758,"remoteIdentityKey":"BRVD/W8SqeWg1B//7EuWkA1Xkmy0FXSClAbleTlg0q8s"},"_chains":{"BSSUtW0uIislVoArSmy2wNTxsxKkWxOVtzvqjuKhHrIu":{"chainKey":{"counter":360,"key":"78aa28mNuaZVMdauAWpmoJYLS2TiiouX0G7vrUR8TtU="},"chainType":1,"messageKeys":{}}},"pendingPreKey":{"signedKeyId":1,"baseKey":"Ba729JciBl+WgNzUUXYM9VaVRNSPxZ1UmDcxlxH10ihU"}}},"version":"v1"}