{"_sessions":{"BShXmPU5mNGZU6AqD4lgrAO2XxuEiidgEYHRZVXMH/xU":{"registrationId":2,"currentRatchet":{"ephemeralKeyPair":{"pubKey":"Bf3EO+UtG0J35H1IdrP8YSfKvcmtNwjIeENBet5SAMQe","privKey":"GNDbfoXSRNBZCqC+eyKedrluC8sDRNufUNAyh79eWFU="},"lastRemoteEphemeralKey":"BdpQKIzLlXEkDWZbu/8s16UD/Gfs3WqosQ2EE3YwpRR+","previousCounter":0,"rootKey":"SffL0XTinUht+J11eBDU+i2bY5gEvZoHJra+Xhc+HWc="},"indexInfo":{"baseKey":"BShXmPU5mNGZU6AqD4lgrAO2XxuEiidgEYHRZVXMH/xU","baseKeyType":1,"closed":-1,"used":1682603060778,"created":1682603060778,"remoteIdentityKey":"BXR5z92EZrXS0Q2u8Cm5+cIfpw9Espunxn6PakRjMZFE"},"_chains":{"Bf3EO+UtG0J35H1IdrP8YSfKvcmtNwjIeENBet5SAMQe":{"chainKey":{"counter":360,"key":"8OvbS0uxVfzdDfADef0sHkyXJumHRQpbxNqb0/C7gGA="},"chainType":1,"messageKeys":{}}},"pendingPreKey":{"signedKeyId":1,"baseKey":"BShXmPU5mNGZU6AqD4lgrAO2XxuEiidgEYHRZVXMH/xU"}}},"version":"v1"}