{"_sessions":{"BUUFnyAQBQmKj9CKezvU7z2XizVSmDXBTae2uPoaLZoH":{"registrationId":270262565,"currentRatchet":{"ephemeralKeyPair":{"pubKey":"Badcb/XE/Ho9t8VeCiwO5vMgXNujUCkn0ZYKmN60GKAS","privKey":"aCUo43zPjo4721kVnNHUUzLIRxuu/27WfTa2n5ifoXk="},"lastRemoteEphemeralKey":"BXfs+MU+vOlnw1/ziRGHeXjIJd0Ecg4gxGP5svUXrixd","previousCounter":0,"rootKey":"c0JN6kK6+vKuChWzZiSGggoWSQnHGdAWqGBz8Y4/CjI="},"indexInfo":{"baseKey":"BUUFnyAQBQmKj9CKezvU7z2XizVSmDXBTae2uPoaLZoH","baseKeyType":1,"closed":-1,"used":1682619374210,"created":1682619374210,"remoteIdentityKey":"BSCDY5a0ML8Wa4MrCqiueptttNNNQbrVTnL3/6swRLgG"},"_chains":{"Badcb/XE/Ho9t8VeCiwO5vMgXNujUCkn0ZYKmN60GKAS":{"chainKey":{"counter":3,"key":"ljPclwOdZkNuqx5k6UZ24f//KhHYB2emKyUFiVSM2EU="},"chainType":1,"messageKeys":{}}},"pendingPreKey":{"signedKeyId":1,"baseKey":"BUUFnyAQBQmKj9CKezvU7z2XizVSmDXBTae2uPoaLZoH","preKeyId":9514912}}},"version":"v1"}