{"_sessions":{"BQevLv076XE93ee0jMQU+PvBXWLFefjOPkEM6Ga9g20L":{"registrationId":841508062,"currentRatchet":{"ephemeralKeyPair":{"pubKey":"BYhdlQGTPmgudxzA5C1FMV0LAkyo7QH2IkwdVScV16oI","privKey":"0HFpV3jEKBpOl3ZdaLUKlT9w7iB8hoixCbcBKJZ8dlY="},"lastRemoteEphemeralKey":"BcQC6hSo8aoxHQXXknUO/3iIGozrj9frnkJalmtbAw9w","previousCounter":0,"rootKey":"mfrAHAwheqCzN0M109eyFbCDzG6mlsqDnNDOcYwzI0U="},"indexInfo":{"baseKey":"BQevLv076XE93ee0jMQU+PvBXWLFefjOPkEM6Ga9g20L","baseKeyType":1,"closed":-1,"used":1682619373905,"created":1682619373905,"remoteIdentityKey":"BbSopxfuPYZzlTwjZ18ePW8AGwVj+kORUbrV8rfdefsi"},"_chains":{"BYhdlQGTPmgudxzA5C1FMV0LAkyo7QH2IkwdVScV16oI":{"chainKey":{"counter":3,"key":"OvWf/cZ0ga4km4jY0pY8apw/65V3+tn/dZaGXDLnzmE="},"chainType":1,"messageKeys":{}}},"pendingPreKey":{"signedKeyId":2,"baseKey":"BQevLv076XE93ee0jMQU+PvBXWLFefjOPkEM6Ga9g20L"}}},"version":"v1"}