{"_sessions":{"BTaC+VWIfC0RX5iS/hwWgJFFCZFmEL5ZCHipuEPxR68y":{"registrationId":1279314866,"currentRatchet":{"ephemeralKeyPair":{"pubKey":"Bezi7SEt6loPy6EwVzsu2WjllfARCHQepTeLA8OGxjdj","privKey":"aEGu8d112IIBoXLmX+x8FZtCogzGs1F/BbM8Ei2xB1A="},"lastRemoteEphemeralKey":"BTR30gjE6APlE2l6gTHcZo2L0yOqJEUxazZ9jKhnvGQF","previousCounter":0,"rootKey":"vVX6+Q4aYxCMsjcwGcI8ALdsprQYlTiQ+mWo+JjzVD8="},"indexInfo":{"baseKey":"BTaC+VWIfC0RX5iS/hwWgJFFCZFmEL5ZCHipuEPxR68y","baseKeyType":1,"closed":-1,"used":1682603060982,"created":1682603060982,"remoteIdentityKey":"BQdm54ytjN0/0ajqU7YHgVitXHI5njnYAS24CblF3ncn"},"_chains":{"Bezi7SEt6loPy6EwVzsu2WjllfARCHQepTeLA8OGxjdj":{"chainKey":{"counter":360,"key":"8nocq/YB3bP30QzJLvxqCGKPmV7f+MceO5q8vxn6r6o="},"chainType":1,"messageKeys":{}}},"pendingPreKey":{"signedKeyId":0,"baseKey":"BTaC+VWIfC0RX5iS/hwWgJFFCZFmEL5ZCHipuEPxR68y"}}},"version":"v1"}