{"_sessions":{"Bff0UlkjlP1EwDQFJAfPtLHwfxhnjfxmGNMczYh/HhZm":{"registrationId":1296886883,"currentRatchet":{"ephemeralKeyPair":{"pubKey":"BZCZ57RXQYaUR0ysHEEMOPClAhudHoeRmI1E9EXUAE1X","privKey":"+B1qoz7rxXGEPSb75YhARYXTzMw7FkGR5f3LASK/Z00="},"lastRemoteEphemeralKey":"BZ0WUXQK8vRTU8c/XHzDsrDBOvSN0XL38YexiBQoIRUp","previousCounter":0,"rootKey":"a6A5ijkDeEhpp0dCsl9T1/7P4HoQPAGzvMIvDViXOEg="},"indexInfo":{"baseKey":"Bff0UlkjlP1EwDQFJAfPtLHwfxhnjfxmGNMczYh/HhZm","baseKeyType":1,"closed":-1,"used":1682603060984,"created":1682603060984,"remoteIdentityKey":"BT/reArToR3rKHYKvMHpy3EqXewPgvXJ+tpXUmK4I6ZW"},"_chains":{"BZCZ57RXQYaUR0ysHEEMOPClAhudHoeRmI1E9EXUAE1X":{"chainKey":{"counter":360,"key":"Ui7hZyxbCUzYiMmK3LWr1I+Tj1sx52ZSLD/h69E3aBg="},"chainType":1,"messageKeys":{}}},"pendingPreKey":{"signedKeyId":0,"baseKey":"Bff0UlkjlP1EwDQFJAfPtLHwfxhnjfxmGNMczYh/HhZm"}}},"version":"v1"}