{"_sessions":{"BT88rJantBRJnJoHq+0KwhnQzkds9ZGoUck8XGrrS1Mc":{"registrationId":1165362373,"currentRatchet":{"ephemeralKeyPair":{"pubKey":"Be4/yH+8k+dZ84S/QMX7mWXnIIBIvRnBlR/dBg0Cznwu","privKey":"uA/o21TP6XsMd6NE2c1Igb/c/4Yt79hl8KIlY8a+PlA="},"lastRemoteEphemeralKey":"BWHCNJY3wrkUCoH8JXEUwgIOoaBDV1TwGZqzklZrZtBv","previousCounter":0,"rootKey":"B68R8BsWS1Vhfni3b1/QSCz1C08qOR3PEY1a1ST2Lg0="},"indexInfo":{"baseKey":"BT88rJantBRJnJoHq+0KwhnQzkds9ZGoUck8XGrrS1Mc","baseKeyType":1,"closed":-1,"used":1682603061415,"created":1682603061415,"remoteIdentityKey":"BUlMDiv8fYhl4EBkSxUnvZRPYpwg1Dc73slVjuH8dAc1"},"_chains":{"Be4/yH+8k+dZ84S/QMX7mWXnIIBIvRnBlR/dBg0Cznwu":{"chainKey":{"counter":360,"key":"ecPja+gCTNYhFk6uAhQ6MxwgehnmqyKS5h7g1YJqC8o="},"chainType":1,"messageKeys":{}}},"pendingPreKey":{"signedKeyId":29,"baseKey":"BT88rJantBRJnJoHq+0KwhnQzkds9ZGoUck8XGrrS1Mc","preKeyId":7697906}}},"version":"v1"}