{"_sessions":{"Bc3XJuDenBk2LP8BXTLt9OIAuDfW8jKzSutzQzKuCGk1":{"registrationId":1948408370,"currentRatchet":{"ephemeralKeyPair":{"pubKey":"BXhLfhhbpMuq9ZrlpxrHODCcCUmt/LGs7kjxMVlJKSMa","privKey":"MDIIq54/ConcOx68a8cafqp7U26xio9UIJhDLlAmrF8="},"lastRemoteEphemeralKey":"BWjvjY26NW9YiJEbJJM6Ms3iZU/tluIAcF/KFGPUMIw7","previousCounter":0,"rootKey":"29c2CQuMSkvZOzqxaXDmjVdK4LSuW6BPW09Ub9f79XI="},"indexInfo":{"baseKey":"Bc3XJuDenBk2LP8BXTLt9OIAuDfW8jKzSutzQzKuCGk1","baseKeyType":1,"closed":-1,"used":1682619373991,"created":1682619373991,"remoteIdentityKey":"BdceLfMKV3E05ka2XwmP/puH1Xj7qljLhfPj0YSlSmJB"},"_chains":{"BXhLfhhbpMuq9ZrlpxrHODCcCUmt/LGs7kjxMVlJKSMa":{"chainKey":{"counter":3,"key":"s7OF4icV88W4ViOVIeHQviU389NJcAo832a0FWGyI5k="},"chainType":1,"messageKeys":{}}},"pendingPreKey":{"signedKeyId":2,"baseKey":"Bc3XJuDenBk2LP8BXTLt9OIAuDfW8jKzSutzQzKuCGk1","preKeyId":15536843}}},"version":"v1"}