{"_sessions":{"BQr/t8AfAZiRE8hTMq5ske8zjiL1gnvgKOHST7WxDUpd":{"registrationId":1836903623,"currentRatchet":{"ephemeralKeyPair":{"pubKey":"BVpuSpzl9LUxR+fS1bWOCEx1HKjDtzqgCaY/jrzKFEwR","privKey":"QOwg2VJ/+AoP9+epw1IC45Z5rbWpHHIZwvnPKKswgWI="},"lastRemoteEphemeralKey":"BZtPyygPhu18nZMAuNdGUvEi9W2DiA7nw7Os+caG5utY","previousCounter":0,"rootKey":"ShL/Dqd2US+7OHErUCXCyC0AYJmXArt5J0EDCU6f1es="},"indexInfo":{"baseKey":"BQr/t8AfAZiRE8hTMq5ske8zjiL1gnvgKOHST7WxDUpd","baseKeyType":1,"closed":-1,"used":1682619374044,"created":1682619374044,"remoteIdentityKey":"BXKZBZ1rqzpDbhIjPx51lBLtNMEeIceN0kbDPggx2AZH"},"_chains":{"BVpuSpzl9LUxR+fS1bWOCEx1HKjDtzqgCaY/jrzKFEwR":{"chainKey":{"counter":3,"key":"4s9ETgnQCtXZ0xm5aft0jqNXDCU1f0DqOecilbs1jcU="},"chainType":1,"messageKeys":{}}},"pendingPreKey":{"signedKeyId":6,"baseKey":"BQr/t8AfAZiRE8hTMq5ske8zjiL1gnvgKOHST7WxDUpd","preKeyId":14597914}}},"version":"v1"}