{"_sessions":{"BQjwMlTFqXkfYBmyl4hbZBo3bmDsI13CMhuHRkeL4u1n":{"registrationId":1055714231,"currentRatchet":{"ephemeralKeyPair":{"pubKey":"BT4PIkqcBoy95sMo4jBwdK8DvTgjELANx3JUKCWvBdtE","privKey":"6AFCpUZ0VFM+WS2ZyFVOsB78O9gju3ezmfsN6TSilVE="},"lastRemoteEphemeralKey":"BZ4uXC7rwcszL+PxWgV3mjWwFGOBAwf+cN1DLn2ut6Vy","previousCounter":0,"rootKey":"vY10s3K/athHwsMr3qvEqdnHDGtsH+Wa0lkkH3/SeKA="},"indexInfo":{"baseKey":"BQjwMlTFqXkfYBmyl4hbZBo3bmDsI13CMhuHRkeL4u1n","baseKeyType":1,"closed":-1,"used":1682619374207,"created":1682619374207,"remoteIdentityKey":"BRoJc1EgjIEG20q2PDNcd2fJ/ZtAW+d53xXX5/ZwL1Qs"},"_chains":{"BT4PIkqcBoy95sMo4jBwdK8DvTgjELANx3JUKCWvBdtE":{"chainKey":{"counter":3,"key":"V7BYUnC9MARDUO+i66jyo4nBL/xxj4CNNCwmvigfsc0="},"chainType":1,"messageKeys":{}}},"pendingPreKey":{"signedKeyId":17,"baseKey":"BQjwMlTFqXkfYBmyl4hbZBo3bmDsI13CMhuHRkeL4u1n"}}},"version":"v1"}