{"_sessions":{"BTokjhtSvA5AHo1cFZjzbh1YLeBscM1Yv1oM5Ezph79d":{"registrationId":1037284032,"currentRatchet":{"ephemeralKeyPair":{"pubKey":"BYVTkFcvsAf5c2edlFKyr7m4ivBUuKdPJ6zRy6XIUFVP","privKey":"IP4OeDjxixCRrG7uysNrnaC9bvBNF6PBmtR6Nmp7zXQ="},"lastRemoteEphemeralKey":"BacgM+yJM/0lvp+GPjQw5LoV4YyDH7MBtL0B0QRNZgpp","previousCounter":0,"rootKey":"lJpX4LVL+s03azu9h5fdETarECYqdxnBPKiZEXwvc1w="},"indexInfo":{"baseKey":"BTokjhtSvA5AHo1cFZjzbh1YLeBscM1Yv1oM5Ezph79d","baseKeyType":1,"closed":-1,"used":1682603060957,"created":1682603060957,"remoteIdentityKey":"BSrTrEuQJKOM4Yk48rJh5dDYMSyaCnmv5pZMNl6oUWB3"},"_chains":{"BYVTkFcvsAf5c2edlFKyr7m4ivBUuKdPJ6zRy6XIUFVP":{"chainKey":{"counter":360,"key":"m8TPW784KrY8Dq1RMWrlR+CatmLhJYk2VOA0AmN4NSE="},"chainType":1,"messageKeys":{}}},"pendingPreKey":{"signedKeyId":1,"baseKey":"BTokjhtSvA5AHo1cFZjzbh1YLeBscM1Yv1oM5Ezph79d","preKeyId":6129790}}},"version":"v1"}