{"_sessions":{"Ba1Ex1nbM8mEG61nqO/X3j3YFYyfYegrPom45/NU4ydk":{"registrationId":5009,"currentRatchet":{"ephemeralKeyPair":{"pubKey":"BTkEN6UO06joZ4umKdIlhF1lb3CDmDdXB4uSqm9wmBQB","privKey":"QNXOQTNU+aheg+W+7lydS/e22XBpyaVc0Klzxrh2/mQ="},"lastRemoteEphemeralKey":"BQfsd6ct07chuSkRFDY+wHv9Z+Wy7xUCHy+PIdsQ6Ut+","previousCounter":0,"rootKey":"StADjgUxNrykz9pOQRYMBId47BCrLwMxpF06u5m93bg="},"indexInfo":{"baseKey":"Ba1Ex1nbM8mEG61nqO/X3j3YFYyfYegrPom45/NU4ydk","baseKeyType":1,"closed":-1,"used":1682619373791,"created":1682619373791,"remoteIdentityKey":"BTsWo/3gBvGs+Wa5yYxJDYL2yBlL0UGmIUUqnAOy9SVY"},"_chains":{"BTkEN6UO06joZ4umKdIlhF1lb3CDmDdXB4uSqm9wmBQB":{"chainKey":{"counter":3,"key":"Sog+dI5oPthSTEwDmmUWD9Alkc0MQIM5eW0xN8lKvc8="},"chainType":1,"messageKeys":{}}},"pendingPreKey":{"signedKeyId":1,"baseKey":"Ba1Ex1nbM8mEG61nqO/X3j3YFYyfYegrPom45/NU4ydk"}}},"version":"v1"}