{"_sessions":{"BRgqF9ZHUSeN7bV2jL1gTVTAsNZ+1rSjASFaAVUaCTtw":{"registrationId":558549409,"currentRatchet":{"ephemeralKeyPair":{"pubKey":"BVLKEFbwTjGFQgQ5R8Vp920/bMgA7e73NxyD5tkiRItk","privKey":"UPi9u1d5BcsmlBAfO1IDUghUV31CGM9zfzEMLAWEHmA="},"lastRemoteEphemeralKey":"BdP+RgclWVFtAx2krNvL6NiJaw8seH91zaeozboE9yF6","previousCounter":0,"rootKey":"ipdCmK9Mqzw+VP4oCzzRhMJ6CQA4APgKKxNzTw3UH+4="},"indexInfo":{"baseKey":"BRgqF9ZHUSeN7bV2jL1gTVTAsNZ+1rSjASFaAVUaCTtw","baseKeyType":1,"closed":-1,"used":1682603061174,"created":1682603061174,"remoteIdentityKey":"BeE75tYldKgDVMahCOFuAGwkbxhTmNmYTGp5AGa1WmEi"},"_chains":{"BVLKEFbwTjGFQgQ5R8Vp920/bMgA7e73NxyD5tkiRItk":{"chainKey":{"counter":360,"key":"+QdyNJ2XHzijXeRbeN0NeBp/KChvAMlvy0yae5yqlvk="},"chainType":1,"messageKeys":{}}},"pendingPreKey":{"signedKeyId":2,"baseKey":"BRgqF9ZHUSeN7bV2jL1gTVTAsNZ+1rSjASFaAVUaCTtw","preKeyId":13558365}}},"version":"v1"}