{"_sessions":{"BcWkwyY4i1Whp+chwqQZAGf89J2LgLCLrrMVTIF0+jRn":{"registrationId":2019317224,"currentRatchet":{"ephemeralKeyPair":{"pubKey":"BYpnishyMYVjNRuQ2nK36ajzXOVhoNah/hZbr5/ecaFr","privKey":"CM6Q3zp5mYIIV7LpCpErufKgr3QHFwK028LFo67BLGQ="},"lastRemoteEphemeralKey":"BRlMPjg4/Puv9sHF4FBncEjj74PoeGJGOhmOEECPF8Vb","previousCounter":0,"rootKey":"fha+OFG1NvuTH1+CrNGAK/UJXRVRpGyvJ1DKBp8c5f4="},"indexInfo":{"baseKey":"BcWkwyY4i1Whp+chwqQZAGf89J2LgLCLrrMVTIF0+jRn","baseKeyType":1,"closed":1682621690380,"used":1682603060944,"created":1682603060944,"remoteIdentityKey":"BXMjp4OFBJ/GN4JYqRPkmajWh2/uxqODO5NOsJmfkskj"},"_chains":{"BYpnishyMYVjNRuQ2nK36ajzXOVhoNah/hZbr5/ecaFr":{"chainKey":{"counter":35,"key":"f/poTuV/N4nZAW5IajKDQRZMQ0NEPYVPiJDtLX2OJT0="},"chainType":1,"messageKeys":{}}},"pendingPreKey":{"signedKeyId":0,"baseKey":"BcWkwyY4i1Whp+chwqQZAGf89J2LgLCLrrMVTIF0+jRn"}},"Bfc9qFJwCINX4U44WmiG678fjl0RvAulIMTp7uEK7HMQ":{"registrationId":2019317224,"currentRatchet":{"ephemeralKeyPair":{"pubKey":"BSB8RANsGPOxOv2xIXMJ7eagGJCSjp2mjxLQeOGe+n5n","privKey":"mHr08gMk4r6/LLd/3L4AQ9BLybCB9aDCovcj3j6yfmE="},"lastRemoteEphemeralKey":"BRlMPjg4/Puv9sHF4FBncEjj74PoeGJGOhmOEECPF8Vb","previousCounter":0,"rootKey":"wBoXftfXU1EcbG526Q+tbN/AOHMXe6OpAtFJMWo+6ZE="},"indexInfo":{"baseKey":"Bfc9qFJwCINX4U44WmiG678fjl0RvAulIMTp7uEK7HMQ","baseKeyType":1,"closed":1682621694695,"used":1682621690369,"created":1682621690369,"remoteIdentityKey":"BXMjp4OFBJ/GN4JYqRPkmajWh2/uxqODO5NOsJmfkskj"},"_chains":{"BSB8RANsGPOxOv2xIXMJ7eagGJCSjp2mjxLQeOGe+n5n":{"chainKey":{"counter":2,"key":"yGeHGHYSnTdCsjvoYtCS7kTvhmHpEbR54rpataHGXXs="},"chainType":1,"messageKeys":{}}},"pendingPreKey":{"signedKeyId":0,"baseKey":"Bfc9qFJwCINX4U44WmiG678fjl0RvAulIMTp7uEK7HMQ"}},"BUnUBnUvwQfAwgw42T3RQtNIL6/zI/hKaFmSZ3LpiWZR":{"registrationId":2019317224,"currentRatchet":{"ephemeralKeyPair":{"pubKey":"BfR0wFlJbZ5w2DyxK7tSnanXkeIJo35TdewJMj2DrVl6","privKey":"ED2PXSfH7AD7BUa1Yc9HZVXGTEra1Dhb5jnBs5YsU1o="},"lastRemoteEphemeralKey":"BRlMPjg4/Puv9sHF4FBncEjj74PoeGJGOhmOEECPF8Vb","previousCounter":0,"rootKey":"b9koSrGbkKXQ+/G5UvrnFsoVsVHrc8GyO5ylKfrJapY="},"indexInfo":{"baseKey":"BUnUBnUvwQfAwgw42T3RQtNIL6/zI/hKaFmSZ3LpiWZR","baseKeyType":1,"closed":1682621732434,"used":1682621694693,"created":1682621694693,"remoteIdentityKey":"BXMjp4OFBJ/GN4JYqRPkmajWh2/uxqODO5NOsJmfkskj"},"_chains":{"BfR0wFlJbZ5w2DyxK7tSnanXkeIJo35TdewJMj2DrVl6":{"chainKey":{"counter":8,"key":"xrSnNn+DKqSi8BrDxhsYbsfG6T+l6XPL2neGoAJEjaA="},"chainType":1,"messageKeys":{}}},"pendingPreKey":{"signedKeyId":0,"baseKey":"BUnUBnUvwQfAwgw42T3RQtNIL6/zI/hKaFmSZ3LpiWZR"}},"BSlP9C5SizMyK2Pi6Q1ktGTSwCfvIBhRuvA9pLk5KbJ2":{"registrationId":2019317224,"currentRatchet":{"ephemeralKeyPair":{"pubKey":"BZkqKUJsoAALmBDWHl6RUpwFYNHZzr85A1colkM12M9/","privKey":"UMW01KzBOErJ+H1pOluyhjyA0vikT08wxDAIvkE+cFM="},"lastRemoteEphemeralKey":"BRlMPjg4/Puv9sHF4FBncEjj74PoeGJGOhmOEECPF8Vb","previousCounter":0,"rootKey":"CfEu7eCMs4o27gJU53SaoRNkkkOAHbTYWPp8B8iYIH8="},"indexInfo":{"baseKey":"BSlP9C5SizMyK2Pi6Q1ktGTSwCfvIBhRuvA9pLk5KbJ2","baseKeyType":1,"closed":1682621733765,"used":1682621732428,"created":1682621732428,"remoteIdentityKey":"BXMjp4OFBJ/GN4JYqRPkmajWh2/uxqODO5NOsJmfkskj"},"_chains":{"BZkqKUJsoAALmBDWHl6RUpwFYNHZzr85A1colkM12M9/":{"chainKey":{"counter":0,"key":"1refNtv6xBTvulLd2dcyr82hWhHyV6D8KxcO7mNFZ1k="},"chainType":1,"messageKeys":{}}},"pendingPreKey":{"signedKeyId":0,"baseKey":"BSlP9C5SizMyK2Pi6Q1ktGTSwCfvIBhRuvA9pLk5KbJ2"}},"BbjD/kj2V9Z1OhtRYQGvDbZ/vEZ8JeL8tzqs9clHraxZ":{"registrationId":2019317224,"currentRatchet":{"ephemeralKeyPair":{"pubKey":"BQOqyYIPHq4Q2oiOOohUISzRth/6xKk+Mg+N+LgYyvQJ","privKey":"0L4ObUskrmJMi8M55s932jGOwWEnYEuXlOp4//xkF0I="},"lastRemoteEphemeralKey":"BRlMPjg4/Puv9sHF4FBncEjj74PoeGJGOhmOEECPF8Vb","previousCounter":0,"rootKey":"MvLjWRjGKefBt/pBFQ8EpzFjVx9Hkw80nPSP/6ZkOPc="},"indexInfo":{"baseKey":"BbjD/kj2V9Z1OhtRYQGvDbZ/vEZ8JeL8tzqs9clHraxZ","baseKeyType":1,"closed":1682621818371,"used":1682621733762,"created":1682621733762,"remoteIdentityKey":"BXMjp4OFBJ/GN4JYqRPkmajWh2/uxqODO5NOsJmfkskj"},"_chains":{"BQOqyYIPHq4Q2oiOOohUISzRth/6xKk+Mg+N+LgYyvQJ":{"chainKey":{"counter":5,"key":"w//gauoPbLpFQ209d2gjY/FT3R55MYKVHeqGnstkLaM="},"chainType":1,"messageKeys":{}}},"pendingPreKey":{"signedKeyId":0,"baseKey":"BbjD/kj2V9Z1OhtRYQGvDbZ/vEZ8JeL8tzqs9clHraxZ"}},"BR2qWcoj5MddKYJNYhOMpAO0tNersPZKg9/hqcFFMFca":{"registrationId":2019317224,"currentRatchet":{"ephemeralKeyPair":{"pubKey":"BRc+UJ8gb0s6LKVLaEgi0N2JUnBcplv5ughukr6+1TRV","privKey":"SLc997kYG1vTXxMk3vwj7yPKWsO2jk8BtqmKdu7TcVs="},"lastRemoteEphemeralKey":"BRlMPjg4/Puv9sHF4FBncEjj74PoeGJGOhmOEECPF8Vb","previousCounter":0,"rootKey":"2qk2PmULuoE2frOJxhTnKsR/hUph02DP8R+KMmEOhnA="},"indexInfo":{"baseKey":"BR2qWcoj5MddKYJNYhOMpAO0tNersPZKg9/hqcFFMFca","baseKeyType":1,"closed":1682621821088,"used":1682621818369,"created":1682621818369,"remoteIdentityKey":"BXMjp4OFBJ/GN4JYqRPkmajWh2/uxqODO5NOsJmfkskj"},"_chains":{"BRc+UJ8gb0s6LKVLaEgi0N2JUnBcplv5ughukr6+1TRV":{"chainKey":{"counter":1,"key":"+UbLpgOrgr/U1D3Rb0+iwkpJUL5JdXsnh/pJ/RymTsY="},"chainType":1,"messageKeys":{}}},"pendingPreKey":{"signedKeyId":0,"baseKey":"BR2qWcoj5MddKYJNYhOMpAO0tNersPZKg9/hqcFFMFca"}},"Bb5ANp8zfoMeBhEn9kg2W0Cy8VXYn5GgUevz14c5spYB":{"registrationId":2019317224,"currentRatchet":{"ephemeralKeyPair":{"pubKey":"BfxCwCzOs7QYWYu0mr5w67UxqlvAdi8yjVslwGxZMMUU","privKey":"+HvQBvyzsKxSa4uOJUSVWSUA9qe2upIal+4nw0OK7V4="},"lastRemoteEphemeralKey":"BRlMPjg4/Puv9sHF4FBncEjj74PoeGJGOhmOEECPF8Vb","previousCounter":0,"rootKey":"cjogKHZMuyWIzloMPgQc/SLOe78gn/+WsyIj0zTQ95A="},"indexInfo":{"baseKey":"Bb5ANp8zfoMeBhEn9kg2W0Cy8VXYn5GgUevz14c5spYB","baseKeyType":1,"closed":1682621826857,"used":1682621821082,"created":1682621821082,"remoteIdentityKey":"BXMjp4OFBJ/GN4JYqRPkmajWh2/uxqODO5NOsJmfkskj"},"_chains":{"BfxCwCzOs7QYWYu0mr5w67UxqlvAdi8yjVslwGxZMMUU":{"chainKey":{"counter":4,"key":"15UO9XPQg+BwZ3ZGKw6zuoHVHVjVqLbjdWWao9cq+Sc="},"chainType":1,"messageKeys":{}}},"pendingPreKey":{"signedKeyId":0,"baseKey":"Bb5ANp8zfoMeBhEn9kg2W0Cy8VXYn5GgUevz14c5spYB"}},"BYadoZ7H4tr9+adNKKSnEjnPiE3uSSuzdFuX3mZNOMRP":{"registrationId":2019317224,"currentRatchet":{"ephemeralKeyPair":{"pubKey":"BUlOosFG8kiYp8217Xn9QkNjjbZrP5p/1p3Aicd5vsZi","privKey":"yJy4hJnjcMwtOsoIyTYEthLmf0lS+gpiX36qDAI142A="},"lastRemoteEphemeralKey":"BRlMPjg4/Puv9sHF4FBncEjj74PoeGJGOhmOEECPF8Vb","previousCounter":0,"rootKey":"HMFuGfoEtW6glFh9jUJY99qFf4izjFwUo7MPXQltg6o="},"indexInfo":{"baseKey":"BYadoZ7H4tr9+adNKKSnEjnPiE3uSSuzdFuX3mZNOMRP","baseKeyType":1,"closed":1682621829395,"used":1682621826855,"created":1682621826855,"remoteIdentityKey":"BXMjp4OFBJ/GN4JYqRPkmajWh2/uxqODO5NOsJmfkskj"},"_chains":{"BUlOosFG8kiYp8217Xn9QkNjjbZrP5p/1p3Aicd5vsZi":{"chainKey":{"counter":0,"key":"HcAaWdjGSc0MI/9c8m4zl+JAodg4S+esJUPQiN92NrI="},"chainType":1,"messageKeys":{}}},"pendingPreKey":{"signedKeyId":0,"baseKey":"BYadoZ7H4tr9+adNKKSnEjnPiE3uSSuzdFuX3mZNOMRP"}},"BX6LaP6qQVwTx1tTGzCOCSaz6flnvr1W1Tae5nLgVxFJ":{"registrationId":2019317224,"currentRatchet":{"ephemeralKeyPair":{"pubKey":"BXG0ERe/2XxabE/pfPacD+rqzs4qM9HZVQBTsRHcXNpP","privKey":"QBAx3slUM4XuhVFVo3l1UtpeZYCt2F7mP7gcIfdyNlo="},"lastRemoteEphemeralKey":"BRlMPjg4/Puv9sHF4FBncEjj74PoeGJGOhmOEECPF8Vb","previousCounter":0,"rootKey":"gYzzoCW2XGMe/qM4IMDMJsZvUJfzySP+3D9uJr8zD8k="},"indexInfo":{"baseKey":"BX6LaP6qQVwTx1tTGzCOCSaz6flnvr1W1Tae5nLgVxFJ","baseKeyType":1,"closed":1682621993956,"used":1682621829393,"created":1682621829393,"remoteIdentityKey":"BXMjp4OFBJ/GN4JYqRPkmajWh2/uxqODO5NOsJmfkskj"},"_chains":{"BXG0ERe/2XxabE/pfPacD+rqzs4qM9HZVQBTsRHcXNpP":{"chainKey":{"counter":0,"key":"880iIMUmsX8/s//9uy24FfEQh4M+TupRwSi607j76UA="},"chainType":1,"messageKeys":{}}},"pendingPreKey":{"signedKeyId":0,"baseKey":"BX6LaP6qQVwTx1tTGzCOCSaz6flnvr1W1Tae5nLgVxFJ"}},"BQSAHM4C2dsmJOhJKMdci3opgCqum6Usqwn4IJnUzxA7":{"registrationId":2019317224,"currentRatchet":{"ephemeralKeyPair":{"pubKey":"BSxo39UK8ho158kXdSKl7DKWM0oZ6PIXKeZuvaF+uZBM","privKey":"yLeF5tbxGrDleyhkOcRZU6uR3tFF3M21eaSSTKKtl1o="},"lastRemoteEphemeralKey":"BRlMPjg4/Puv9sHF4FBncEjj74PoeGJGOhmOEECPF8Vb","previousCounter":0,"rootKey":"q2K1xN/6UbgmcuFSKle1BUWQqJSon9B94M0t70J7U7Y="},"indexInfo":{"baseKey":"BQSAHM4C2dsmJOhJKMdci3opgCqum6Usqwn4IJnUzxA7","baseKeyType":1,"closed":1682621995923,"used":1682621993954,"created":1682621993954,"remoteIdentityKey":"BXMjp4OFBJ/GN4JYqRPkmajWh2/uxqODO5NOsJmfkskj"},"_chains":{"BSxo39UK8ho158kXdSKl7DKWM0oZ6PIXKeZuvaF+uZBM":{"chainKey":{"counter":0,"key":"7BLCpt7ZzV/J1J6D89wnkqAy0NBpLKNgqAwlDIrfAYQ="},"chainType":1,"messageKeys":{}}},"pendingPreKey":{"signedKeyId":0,"baseKey":"BQSAHM4C2dsmJOhJKMdci3opgCqum6Usqwn4IJnUzxA7"}},"Bbzq8Fcc/U5Ne+8noaYOsS2qmhQVO1EIBLAdfPuqfMpU":{"registrationId":2019317224,"currentRatchet":{"ephemeralKeyPair":{"pubKey":"BV+fjqnj5/0CDLbPlelowkv5f9f3HP8WiULY2+uR0fAg","privKey":"EDikQBHflPZ1xnXcHqH01t0DY7WEwafV3UnumJI94nM="},"lastRemoteEphemeralKey":"BRlMPjg4/Puv9sHF4FBncEjj74PoeGJGOhmOEECPF8Vb","previousCounter":0,"rootKey":"DH9EvJpw0ENMSJDMETZArGtidCRYGQ9fxTTR2A4JLrA="},"indexInfo":{"baseKey":"Bbzq8Fcc/U5Ne+8noaYOsS2qmhQVO1EIBLAdfPuqfMpU","baseKeyType":1,"closed":1682623097202,"used":1682621995921,"created":1682621995921,"remoteIdentityKey":"BXMjp4OFBJ/GN4JYqRPkmajWh2/uxqODO5NOsJmfkskj"},"_chains":{"BV+fjqnj5/0CDLbPlelowkv5f9f3HP8WiULY2+uR0fAg":{"chainKey":{"counter":5,"key":"xt7+0MjB/7Df8Y1EstU3cVGDhwt5ukRna+dcKY6MWP8="},"chainType":1,"messageKeys":{}}},"pendingPreKey":{"signedKeyId":0,"baseKey":"Bbzq8Fcc/U5Ne+8noaYOsS2qmhQVO1EIBLAdfPuqfMpU"}},"BegIlHETLgZreVqAtoQI+638ueU8spE15GO03iISswwi":{"registrationId":2019317224,"currentRatchet":{"ephemeralKeyPair":{"pubKey":"BVzUIj1YppNj/Eb0pTWGIC3QWrjfWo/XN3UEa35O2jZd","privKey":"gBiJhF3y1LGbe5q5bVkD9PJ0/tMHR33hqOuV/SwW80Y="},"lastRemoteEphemeralKey":"BRlMPjg4/Puv9sHF4FBncEjj74PoeGJGOhmOEECPF8Vb","previousCounter":0,"rootKey":"EYhunK06HPTyn3mZfR+Z5bw62gJIoOlbWazK5T2J4rY="},"indexInfo":{"baseKey":"BegIlHETLgZreVqAtoQI+638ueU8spE15GO03iISswwi","baseKeyType":1,"closed":1682623101961,"used":1682623097197,"created":1682623097197,"remoteIdentityKey":"BXMjp4OFBJ/GN4JYqRPkmajWh2/uxqODO5NOsJmfkskj"},"_chains":{"BVzUIj1YppNj/Eb0pTWGIC3QWrjfWo/XN3UEa35O2jZd":{"chainKey":{"counter":0,"key":"MA12CH8gVjGiVcPJeZRBLz10r/sScNr66SRWEYNXJNs="},"chainType":1,"messageKeys":{}}},"pendingPreKey":{"signedKeyId":0,"baseKey":"BegIlHETLgZreVqAtoQI+638ueU8spE15GO03iISswwi"}},"BTT7WfIDHJZZkrt5n7lYQZpJlMNVot8+tIhnkGEU1Ywl":{"registrationId":2019317224,"currentRatchet":{"ephemeralKeyPair":{"pubKey":"BfujjF1+fMWpXg2MgoqaIMBRhvywHQIsSaUwSZi0qnNG","privKey":"uLeTymuqPjAH/jjHALlzfeePdRNZIn+/P0QGXBI9zmc="},"lastRemoteEphemeralKey":"BRlMPjg4/Puv9sHF4FBncEjj74PoeGJGOhmOEECPF8Vb","previousCounter":0,"rootKey":"lB+7KqJSpqSENeWXzB0Gbg8X/H9mYuN+XEOGiVLJNrE="},"indexInfo":{"baseKey":"BTT7WfIDHJZZkrt5n7lYQZpJlMNVot8+tIhnkGEU1Ywl","baseKeyType":1,"closed":1682623147967,"used":1682623101960,"created":1682623101960,"remoteIdentityKey":"BXMjp4OFBJ/GN4JYqRPkmajWh2/uxqODO5NOsJmfkskj"},"_chains":{"BfujjF1+fMWpXg2MgoqaIMBRhvywHQIsSaUwSZi0qnNG":{"chainKey":{"counter":5,"key":"ZSFNGeEeWlMm0B7f5sD1ptUSqRXHeW6VERd2H+GO2L8="},"chainType":1,"messageKeys":{}}},"pendingPreKey":{"signedKeyId":0,"baseKey":"BTT7WfIDHJZZkrt5n7lYQZpJlMNVot8+tIhnkGEU1Ywl"}},"BZYTvwt5I5dNfNFW82PsuajzwlivEyChAM5HT4luHd9s":{"registrationId":2019317224,"currentRatchet":{"ephemeralKeyPair":{"pubKey":"BceCg2wUgicBBSUzUPdakMBRUREdKoyDIbTM+355cP9V","privKey":"2JAqse5ux7kPqeTCyyuOmRJ4WdEhG+CeX15fqZqf+V8="},"lastRemoteEphemeralKey":"BRlMPjg4/Puv9sHF4FBncEjj74PoeGJGOhmOEECPF8Vb","previousCounter":0,"rootKey":"f1R7v/tmocN/9OQhuu9b1az9ne0bVwUsS5cqGP3FN+o="},"indexInfo":{"baseKey":"BZYTvwt5I5dNfNFW82PsuajzwlivEyChAM5HT4luHd9s","baseKeyType":1,"closed":1682623152573,"used":1682623147965,"created":1682623147965,"remoteIdentityKey":"BXMjp4OFBJ/GN4JYqRPkmajWh2/uxqODO5NOsJmfkskj"},"_chains":{"BceCg2wUgicBBSUzUPdakMBRUREdKoyDIbTM+355cP9V":{"chainKey":{"counter":3,"key":"dX2cF3/LUca9l+FKPvtW9ac4rTq3OM5us0UaFzkLyd8="},"chainType":1,"messageKeys":{}}},"pendingPreKey":{"signedKeyId":0,"baseKey":"BZYTvwt5I5dNfNFW82PsuajzwlivEyChAM5HT4luHd9s"}},"BesXCs15KDI07UXluf2G1t6ZjIsM22o+F5w8sZ8YpPwe":{"registrationId":2019317224,"currentRatchet":{"ephemeralKeyPair":{"pubKey":"BULMc00yq6M1vbEA73GS+U3tL98XxrUb9x+xbXW5ClZJ","privKey":"mJY1j0jG4PEf/e8AAPhSSh144dTcCJ3qhv5MAC87p3I="},"lastRemoteEphemeralKey":"BRlMPjg4/Puv9sHF4FBncEjj74PoeGJGOhmOEECPF8Vb","previousCounter":0,"rootKey":"JebI9o84aZhhzqApWVkaP/G2dC2ApYKHOh8EUQBWk50="},"indexInfo":{"baseKey":"BesXCs15KDI07UXluf2G1t6ZjIsM22o+F5w8sZ8YpPwe","baseKeyType":1,"closed":1682623157401,"used":1682623152571,"created":1682623152571,"remoteIdentityKey":"BXMjp4OFBJ/GN4JYqRPkmajWh2/uxqODO5NOsJmfkskj"},"_chains":{"BULMc00yq6M1vbEA73GS+U3tL98XxrUb9x+xbXW5ClZJ":{"chainKey":{"counter":5,"key":"rOONyQaDVTBbayBgmeldC4fScURa3IAJiqxUJ7t+yOU="},"chainType":1,"messageKeys":{}}},"pendingPreKey":{"signedKeyId":0,"baseKey":"BesXCs15KDI07UXluf2G1t6ZjIsM22o+F5w8sZ8YpPwe"}},"Bd+tluhEsy84UIAv96mAqBhfR+YC5TUeHr3VWc5dlvQd":{"registrationId":2019317224,"currentRatchet":{"ephemeralKeyPair":{"pubKey":"BRAosFD7OtzFVPYqurgsviURnqnVmalRsBGS+7N3Lioc","privKey":"yNvyNBFYWhCtupKnqjXWWw71SsVEp28+RjxvZF1c43o="},"lastRemoteEphemeralKey":"BRlMPjg4/Puv9sHF4FBncEjj74PoeGJGOhmOEECPF8Vb","previousCounter":0,"rootKey":"bzByVxcEMpT4gE0cx3ETJ6Vcvg7IBynKcNX4FRHWU9k="},"indexInfo":{"baseKey":"Bd+tluhEsy84UIAv96mAqBhfR+YC5TUeHr3VWc5dlvQd","baseKeyType":1,"closed":1682623162348,"used":1682623157400,"created":1682623157400,"remoteIdentityKey":"BXMjp4OFBJ/GN4JYqRPkmajWh2/uxqODO5NOsJmfkskj"},"_chains":{"BRAosFD7OtzFVPYqurgsviURnqnVmalRsBGS+7N3Lioc":{"chainKey":{"counter":5,"key":"rRdBu5dD50mlD3/sRxLezFno6Iwc0AG6fIRT9ISiu9M="},"chainType":1,"messageKeys":{}}},"pendingPreKey":{"signedKeyId":0,"baseKey":"Bd+tluhEsy84UIAv96mAqBhfR+YC5TUeHr3VWc5dlvQd"}},"BT8YW3DLtTeQ2leqga/k7GzTiCo7wW25i2d7komSd89N":{"registrationId":2019317224,"currentRatchet":{"ephemeralKeyPair":{"pubKey":"BVl1fmecWeMspbCjmSFybPrwBtMLZCln5ncYi96v/xxH","privKey":"sEmtTlCANQxIVZf15B+r9ckAM1nJLMB5TYn/3wFCW2M="},"lastRemoteEphemeralKey":"BRlMPjg4/Puv9sHF4FBncEjj74PoeGJGOhmOEECPF8Vb","previousCounter":0,"rootKey":"W6YwmZy4+XZvqJMj+00n5h7eZGCjenJ3fRB6kDO5GXQ="},"indexInfo":{"baseKey":"BT8YW3DLtTeQ2leqga/k7GzTiCo7wW25i2d7komSd89N","baseKeyType":1,"closed":1682623170958,"used":1682623162346,"created":1682623162346,"remoteIdentityKey":"BXMjp4OFBJ/GN4JYqRPkmajWh2/uxqODO5NOsJmfkskj"},"_chains":{"BVl1fmecWeMspbCjmSFybPrwBtMLZCln5ncYi96v/xxH":{"chainKey":{"counter":2,"key":"17eyu52XKp0ouc8LxZ2fxbOzc5OSOVvYzdWBsYahloo="},"chainType":1,"messageKeys":{}}},"pendingPreKey":{"signedKeyId":0,"baseKey":"BT8YW3DLtTeQ2leqga/k7GzTiCo7wW25i2d7komSd89N"}},"BTsyFXSSA5W4VJ0bfjgYXmVnOcKg/rcKfZlyfL2IoWwz":{"registrationId":2019317224,"currentRatchet":{"ephemeralKeyPair":{"pubKey":"Bav8WLD6H4XqRbVGPK4pEnrHgrfmmThqDbaUM/d3HhQw","privKey":"QFAdn+jZ7ktcmcJ2wD/Qo/arsAxcB2eGAAHlyRtx328="},"lastRemoteEphemeralKey":"BRlMPjg4/Puv9sHF4FBncEjj74PoeGJGOhmOEECPF8Vb","previousCounter":0,"rootKey":"U5bbj6hbYSIgMl+1yRPpJJ3nqQxfCDObMA/lMf7Ec2k="},"indexInfo":{"baseKey":"BTsyFXSSA5W4VJ0bfjgYXmVnOcKg/rcKfZlyfL2IoWwz","baseKeyType":1,"closed":1682623176223,"used":1682623170956,"created":1682623170956,"remoteIdentityKey":"BXMjp4OFBJ/GN4JYqRPkmajWh2/uxqODO5NOsJmfkskj"},"_chains":{"Bav8WLD6H4XqRbVGPK4pEnrHgrfmmThqDbaUM/d3HhQw":{"chainKey":{"counter":0,"key":"wXsJ/ohj7WS0d6LVShu3RgUUCSOrNAl53kCdueAAYjI="},"chainType":1,"messageKeys":{}}},"pendingPreKey":{"signedKeyId":0,"baseKey":"BTsyFXSSA5W4VJ0bfjgYXmVnOcKg/rcKfZlyfL2IoWwz"}},"Bc8PTEpJBRJUfZy81wJkIjpNxvWN/OlZKdUQ3rSkZkcw":{"registrationId":2019317224,"currentRatchet":{"ephemeralKeyPair":{"pubKey":"BQFDentu/zO3YK3eSEh4A7yZ7FN0LnZF6uXrDbiFF3kt","privKey":"aOeRQx/gND4r6IGJKCiIBcQjsQ3Br/2V6el+XiJX5XI="},"lastRemoteEphemeralKey":"BRlMPjg4/Puv9sHF4FBncEjj74PoeGJGOhmOEECPF8Vb","previousCounter":0,"rootKey":"7mzAEL/gbQughykt4Q6wenjPLyk/mlCyJwR0cEEq24E="},"indexInfo":{"baseKey":"Bc8PTEpJBRJUfZy81wJkIjpNxvWN/OlZKdUQ3rSkZkcw","baseKeyType":1,"closed":1682623181526,"used":1682623176221,"created":1682623176221,"remoteIdentityKey":"BXMjp4OFBJ/GN4JYqRPkmajWh2/uxqODO5NOsJmfkskj"},"_chains":{"BQFDentu/zO3YK3eSEh4A7yZ7FN0LnZF6uXrDbiFF3kt":{"chainKey":{"counter":0,"key":"OACtF2ffYjTtwF6+pTEP6SyHPiMo2HhSzI/4h9UOQF0="},"chainType":1,"messageKeys":{}}},"pendingPreKey":{"signedKeyId":0,"baseKey":"Bc8PTEpJBRJUfZy81wJkIjpNxvWN/OlZKdUQ3rSkZkcw"}},"Bca22EupLS0fiaZA8BeDlOL9NSq1Bh1iLnyffuOAcCYF":{"registrationId":2019317224,"currentRatchet":{"ephemeralKeyPair":{"pubKey":"BUeuKSB6D5nkfoqkYa1kY28OBkeGplUOZdJRK0T1eXEu","privKey":"aAybqlNMKzNMghT202U507VA5/po6sxvHNY5UKJHuFc="},"lastRemoteEphemeralKey":"BRlMPjg4/Puv9sHF4FBncEjj74PoeGJGOhmOEECPF8Vb","previousCounter":0,"rootKey":"5n93HemBIvAjeox7xto/kPmx9h4ezUBDTJrq36tCtFI="},"indexInfo":{"baseKey":"Bca22EupLS0fiaZA8BeDlOL9NSq1Bh1iLnyffuOAcCYF","baseKeyType":1,"closed":1682623187417,"used":1682623181524,"created":1682623181524,"remoteIdentityKey":"BXMjp4OFBJ/GN4JYqRPkmajWh2/uxqODO5NOsJmfkskj"},"_chains":{"BUeuKSB6D5nkfoqkYa1kY28OBkeGplUOZdJRK0T1eXEu":{"chainKey":{"counter":0,"key":"MEIH634z92hwruO1/F2q5VeItsR0WbD81ZJoQF7pgus="},"chainType":1,"messageKeys":{}}},"pendingPreKey":{"signedKeyId":0,"baseKey":"Bca22EupLS0fiaZA8BeDlOL9NSq1Bh1iLnyffuOAcCYF"}},"Bfa1wJWo+J6BECuJ2j96vIHP1HEyz5MN/oKEuLOnpydt":{"registrationId":2019317224,"currentRatchet":{"ephemeralKeyPair":{"pubKey":"BdI0ZkQ5nGqq8zsQYfGfkYmoSS2ADAUAmdGGGNjpZmEl","privKey":"2FOXUeSSabaVbAaYy9RUU2QKH8ye63K2AG2JGnVG43o="},"lastRemoteEphemeralKey":"BRlMPjg4/Puv9sHF4FBncEjj74PoeGJGOhmOEECPF8Vb","previousCounter":0,"rootKey":"aMqRfGL2LNHzDpP6MopyS/mNAyPacocbg4zrCrPQvZE="},"indexInfo":{"baseKey":"Bfa1wJWo+J6BECuJ2j96vIHP1HEyz5MN/oKEuLOnpydt","baseKeyType":1,"closed":1682623190681,"used":1682623187414,"created":1682623187414,"remoteIdentityKey":"BXMjp4OFBJ/GN4JYqRPkmajWh2/uxqODO5NOsJmfkskj"},"_chains":{"BdI0ZkQ5nGqq8zsQYfGfkYmoSS2ADAUAmdGGGNjpZmEl":{"chainKey":{"counter":0,"key":"m3U8fdLbRYObykEAOxI3OQCJhFOUD+PCtCygsmPnybg="},"chainType":1,"messageKeys":{}}},"pendingPreKey":{"signedKeyId":0,"baseKey":"Bfa1wJWo+J6BECuJ2j96vIHP1HEyz5MN/oKEuLOnpydt"}},"Ba58Sh7838dTko3p9kcq9a+OfmpXU1YF+eghN+Pv3Ftd":{"registrationId":2019317224,"currentRatchet":{"ephemeralKeyPair":{"pubKey":"BRoiPINsTwvn7KMJ9gsuJDyRzeT/VX8gcEHoRtHgTYVw","privKey":"yNSpdjrYoIjwDaSnSxD6qVU3c9Bsf9u8QnmjdFD4DH4="},"lastRemoteEphemeralKey":"BRlMPjg4/Puv9sHF4FBncEjj74PoeGJGOhmOEECPF8Vb","previousCounter":0,"rootKey":"7nEzW3v5V8zS5FvYpbvv7suMnmrNnpZO/VRD1hhB7jY="},"indexInfo":{"baseKey":"Ba58Sh7838dTko3p9kcq9a+OfmpXU1YF+eghN+Pv3Ftd","baseKeyType":1,"closed":1682623193549,"used":1682623190678,"created":1682623190678,"remoteIdentityKey":"BXMjp4OFBJ/GN4JYqRPkmajWh2/uxqODO5NOsJmfkskj"},"_chains":{"BRoiPINsTwvn7KMJ9gsuJDyRzeT/VX8gcEHoRtHgTYVw":{"chainKey":{"counter":0,"key":"9xjlo04ikK9wWRzYHrO3V5aOHA+NCL9n/a3BpIxDtwQ="},"chainType":1,"messageKeys":{}}},"pendingPreKey":{"signedKeyId":0,"baseKey":"Ba58Sh7838dTko3p9kcq9a+OfmpXU1YF+eghN+Pv3Ftd"}},"BTzTwRBXquwahsSfKLfMQN7hdSleXvkrA4AP6G2Lyr8q":{"registrationId":2019317224,"currentRatchet":{"ephemeralKeyPair":{"pubKey":"BalA1wM6f2wVyRUFAi0/qTLaRuW+i9va8YtNwYVkjaIM","privKey":"qIyV6MjEvrkW+x5sWx0jWxxR4kwYq7pj9kldEY0of0Y="},"lastRemoteEphemeralKey":"BRlMPjg4/Puv9sHF4FBncEjj74PoeGJGOhmOEECPF8Vb","previousCounter":0,"rootKey":"ABYBeWNgCGsYPgoNjYkUue0IfRv8SZhW5Vzfy/AunyI="},"indexInfo":{"baseKey":"BTzTwRBXquwahsSfKLfMQN7hdSleXvkrA4AP6G2Lyr8q","baseKeyType":1,"closed":1682623197892,"used":1682623193547,"created":1682623193547,"remoteIdentityKey":"BXMjp4OFBJ/GN4JYqRPkmajWh2/uxqODO5NOsJmfkskj"},"_chains":{"BalA1wM6f2wVyRUFAi0/qTLaRuW+i9va8YtNwYVkjaIM":{"chainKey":{"counter":0,"key":"Qwvh6+b2bZG7H7hwbjZITpVjNWsAvtN1TcPZqxsEAhA="},"chainType":1,"messageKeys":{}}},"pendingPreKey":{"signedKeyId":0,"baseKey":"BTzTwRBXquwahsSfKLfMQN7hdSleXvkrA4AP6G2Lyr8q"}},"BTQdRZH01HV0h9CZNcWoaKcIfbxfX9GZ/k8fHDuEQf0a":{"registrationId":2019317224,"currentRatchet":{"ephemeralKeyPair":{"pubKey":"BTH9O8PC94amlq8wVYUy84BlM901KBb4VOvU0vwA570U","privKey":"mJ4c8SQzRMsjAamsDaic7r4EdbFKEMhIwu9QrRB68lU="},"lastRemoteEphemeralKey":"BRlMPjg4/Puv9sHF4FBncEjj74PoeGJGOhmOEECPF8Vb","previousCounter":0,"rootKey":"SQLrspyf7n1rcNCoHSX+uF/mkhXthxMDwFoWoSjfa/c="},"indexInfo":{"baseKey":"BTQdRZH01HV0h9CZNcWoaKcIfbxfX9GZ/k8fHDuEQf0a","baseKeyType":1,"closed":1682623204992,"used":1682623197890,"created":1682623197890,"remoteIdentityKey":"BXMjp4OFBJ/GN4JYqRPkmajWh2/uxqODO5NOsJmfkskj"},"_chains":{"BTH9O8PC94amlq8wVYUy84BlM901KBb4VOvU0vwA570U":{"chainKey":{"counter":0,"key":"VhLCmzfMoTuRhwZRyPHk5at9NKclCQOhHDEcAebZNTo="},"chainType":1,"messageKeys":{}}},"pendingPreKey":{"signedKeyId":0,"baseKey":"BTQdRZH01HV0h9CZNcWoaKcIfbxfX9GZ/k8fHDuEQf0a"}},"BbKJjna+BqbXRVZC01tW3V6ChBZIQOH7BejJYBr2O6JN":{"registrationId":2019317224,"currentRatchet":{"ephemeralKeyPair":{"pubKey":"Bb2wmTrtSSl5DB5iF8kDaVRCt+70KZTe0wfPgs5BX6UY","privKey":"MM0KzxIGZm6UoZuM24i4ZEVGUMRUN4xBHhNs2Y8p/kA="},"lastRemoteEphemeralKey":"BRlMPjg4/Puv9sHF4FBncEjj74PoeGJGOhmOEECPF8Vb","previousCounter":0,"rootKey":"zkMS9jSLeDQc0Eqe8QrXLEc35F55ukT8vEqsb5KoafI="},"indexInfo":{"baseKey":"BbKJjna+BqbXRVZC01tW3V6ChBZIQOH7BejJYBr2O6JN","baseKeyType":1,"closed":1682623209479,"used":1682623204990,"created":1682623204990,"remoteIdentityKey":"BXMjp4OFBJ/GN4JYqRPkmajWh2/uxqODO5NOsJmfkskj"},"_chains":{"Bb2wmTrtSSl5DB5iF8kDaVRCt+70KZTe0wfPgs5BX6UY":{"chainKey":{"counter":0,"key":"XK0etSZpAa23vFbWSSnHOm851dOxoJZsimoYFus7ltc="},"chainType":1,"messageKeys":{}}},"pendingPreKey":{"signedKeyId":0,"baseKey":"BbKJjna+BqbXRVZC01tW3V6ChBZIQOH7BejJYBr2O6JN"}},"BUeuq3P6dKXHw77snat02OWlFn1qpefyL7fKjyjTOWcE":{"registrationId":2019317224,"currentRatchet":{"ephemeralKeyPair":{"pubKey":"BZVVB5rM3uEOCC6RLn4K0EN7TLn3Hpy3JF66oktjUMcL","privKey":"wAvUl6pjlA1x6pikS0LApqHs+vdvIUuIx0cQWNtiE0k="},"lastRemoteEphemeralKey":"BRlMPjg4/Puv9sHF4FBncEjj74PoeGJGOhmOEECPF8Vb","previousCounter":0,"rootKey":"Rd3J+SefyFNwdwbMOjWBgj0WX8LuvOzevBfsil/nZFg="},"indexInfo":{"baseKey":"BUeuq3P6dKXHw77snat02OWlFn1qpefyL7fKjyjTOWcE","baseKeyType":1,"closed":1682623215662,"used":1682623209477,"created":1682623209477,"remoteIdentityKey":"BXMjp4OFBJ/GN4JYqRPkmajWh2/uxqODO5NOsJmfkskj"},"_chains":{"BZVVB5rM3uEOCC6RLn4K0EN7TLn3Hpy3JF66oktjUMcL":{"chainKey":{"counter":0,"key":"FT/dzPZ3hgywKiQ0M3toMq6ek6I7kOKp1AVtk+yuWZ0="},"chainType":1,"messageKeys":{}}},"pendingPreKey":{"signedKeyId":0,"baseKey":"BUeuq3P6dKXHw77snat02OWlFn1qpefyL7fKjyjTOWcE"}},"BWG+kK82Ur68bdSIUUF7/3jJfOx6NkUrNL7DJrcU1ndn":{"registrationId":2019317224,"currentRatchet":{"ephemeralKeyPair":{"pubKey":"Bf6GrpOnHnhaXoi9KqHgoEtqmGsJHyEpdoI4RikWbo9e","privKey":"6KuNEGdfVsAtuc1NEkpAkwZ2qDN9EsXmCc0136tO6lQ="},"lastRemoteEphemeralKey":"BRlMPjg4/Puv9sHF4FBncEjj74PoeGJGOhmOEECPF8Vb","previousCounter":0,"rootKey":"+hKvF3sgoajdsGnn/sTEdgXyX74ommAnjjqx/8fkBzQ="},"indexInfo":{"baseKey":"BWG+kK82Ur68bdSIUUF7/3jJfOx6NkUrNL7DJrcU1ndn","baseKeyType":1,"closed":1682623219726,"used":1682623215660,"created":1682623215660,"remoteIdentityKey":"BXMjp4OFBJ/GN4JYqRPkmajWh2/uxqODO5NOsJmfkskj"},"_chains":{"Bf6GrpOnHnhaXoi9KqHgoEtqmGsJHyEpdoI4RikWbo9e":{"chainKey":{"counter":0,"key":"WDgds0JQXSmxy3sE8wz3LxfPzmFaoya3uiRb16aNyEE="},"chainType":1,"messageKeys":{}}},"pendingPreKey":{"signedKeyId":0,"baseKey":"BWG+kK82Ur68bdSIUUF7/3jJfOx6NkUrNL7DJrcU1ndn"}},"BbBUyijCGCOQTppRNB3E4ifWRkV0ZElqI6nHZRAzXh1p":{"registrationId":2019317224,"currentRatchet":{"ephemeralKeyPair":{"pubKey":"BWNo1417QZA0mO2531wYVQoyTxGWb9toLsuxonJ0NEY+","privKey":"qJaMyrk0UC25TvWXbPR5l+uaSSZ3F8b73m8zrW3UKVI="},"lastRemoteEphemeralKey":"BRlMPjg4/Puv9sHF4FBncEjj74PoeGJGOhmOEECPF8Vb","previousCounter":0,"rootKey":"iwMGnXtVG1JsDqahLapjq5Xkziqq8LKe6Alj0UdR+a8="},"indexInfo":{"baseKey":"BbBUyijCGCOQTppRNB3E4ifWRkV0ZElqI6nHZRAzXh1p","baseKeyType":1,"closed":1682623224366,"used":1682623219724,"created":1682623219724,"remoteIdentityKey":"BXMjp4OFBJ/GN4JYqRPkmajWh2/uxqODO5NOsJmfkskj"},"_chains":{"BWNo1417QZA0mO2531wYVQoyTxGWb9toLsuxonJ0NEY+":{"chainKey":{"counter":0,"key":"kA/9meKw3uFHX5GDeY/fvTwSbJyLwET8fLM7UsDwZeo="},"chainType":1,"messageKeys":{}}},"pendingPreKey":{"signedKeyId":0,"baseKey":"BbBUyijCGCOQTppRNB3E4ifWRkV0ZElqI6nHZRAzXh1p"}},"BVyu3J3GDRJ3rnlVU3o0BybxNB/EtNA8A06tRUoXw30r":{"registrationId":2019317224,"currentRatchet":{"ephemeralKeyPair":{"pubKey":"BfdJxJF5HBOWGhlzunDlJR2wnmgJ+a3uNlS6roPDbQ07","privKey":"oHCcgRGJOVOcgFajRrIKA+BjfgPigHIDEEU0noicMm0="},"lastRemoteEphemeralKey":"BRlMPjg4/Puv9sHF4FBncEjj74PoeGJGOhmOEECPF8Vb","previousCounter":0,"rootKey":"YNMlvHT00359/o85uztNYtIox+KcDWyLEbhCRNfvVaA="},"indexInfo":{"baseKey":"BVyu3J3GDRJ3rnlVU3o0BybxNB/EtNA8A06tRUoXw30r","baseKeyType":1,"closed":1682623228024,"used":1682623224363,"created":1682623224363,"remoteIdentityKey":"BXMjp4OFBJ/GN4JYqRPkmajWh2/uxqODO5NOsJmfkskj"},"_chains":{"BfdJxJF5HBOWGhlzunDlJR2wnmgJ+a3uNlS6roPDbQ07":{"chainKey":{"counter":0,"key":"t0hlNhRDrtI9qNZbnDZZ+A0wjLKzVD7cMWvzwcqdf/I="},"chainType":1,"messageKeys":{}}},"pendingPreKey":{"signedKeyId":0,"baseKey":"BVyu3J3GDRJ3rnlVU3o0BybxNB/EtNA8A06tRUoXw30r"}},"BVSgT22V/+z8pT7Lt32LgDWW/CJbTTwAuMqJwGnfvk16":{"registrationId":2019317224,"currentRatchet":{"ephemeralKeyPair":{"pubKey":"BRqSRQZ364fHrQvfsDxw2hWEeZ2PBfcK+2JjSZSi8rRH","privKey":"cIFEwg0EbH/uCdZ3m0eJ1T8me9uxx/Na7aKS3R7r9Hs="},"lastRemoteEphemeralKey":"BRlMPjg4/Puv9sHF4FBncEjj74PoeGJGOhmOEECPF8Vb","previousCounter":0,"rootKey":"2tsh51n/MKVlDG5Z78qRbSJMA3Q5AlOBP+fChXZZQbU="},"indexInfo":{"baseKey":"BVSgT22V/+z8pT7Lt32LgDWW/CJbTTwAuMqJwGnfvk16","baseKeyType":1,"closed":1682623233421,"used":1682623228021,"created":1682623228021,"remoteIdentityKey":"BXMjp4OFBJ/GN4JYqRPkmajWh2/uxqODO5NOsJmfkskj"},"_chains":{"BRqSRQZ364fHrQvfsDxw2hWEeZ2PBfcK+2JjSZSi8rRH":{"chainKey":{"counter":0,"key":"7rUyHVrAwVBX8LPwjwgd9cFjhkYftRQg9IKpb9zUd00="},"chainType":1,"messageKeys":{}}},"pendingPreKey":{"signedKeyId":0,"baseKey":"BVSgT22V/+z8pT7Lt32LgDWW/CJbTTwAuMqJwGnfvk16"}},"BVhXbqFJ5LkB06z29EgYyimIhiO6WJrLWbclkHgCijMt":{"registrationId":2019317224,"currentRatchet":{"ephemeralKeyPair":{"pubKey":"BQjX9JO6yhVlJ+u8N9p8hjVLnao8AeQXIBXtzJnvqXMS","privKey":"aO3Ps+wnHDP+5TT65pVB8dMpsYPlODbPWgATlS/qBHE="},"lastRemoteEphemeralKey":"BRlMPjg4/Puv9sHF4FBncEjj74PoeGJGOhmOEECPF8Vb","previousCounter":0,"rootKey":"9JezO3WMBR2l2wy1axZe+ILlDYD8IHS0FVNVB/KaZRk="},"indexInfo":{"baseKey":"BVhXbqFJ5LkB06z29EgYyimIhiO6WJrLWbclkHgCijMt","baseKeyType":1,"closed":1682623237776,"used":1682623233419,"created":1682623233419,"remoteIdentityKey":"BXMjp4OFBJ/GN4JYqRPkmajWh2/uxqODO5NOsJmfkskj"},"_chains":{"BQjX9JO6yhVlJ+u8N9p8hjVLnao8AeQXIBXtzJnvqXMS":{"chainKey":{"counter":0,"key":"bkZxgrPNbz8wLimVVoy/7ElJV3cWMU2A9wI1CH97I+s="},"chainType":1,"messageKeys":{}}},"pendingPreKey":{"signedKeyId":0,"baseKey":"BVhXbqFJ5LkB06z29EgYyimIhiO6WJrLWbclkHgCijMt"}},"BRm5ipD8UQYC2RNxAhqpEJ/sQ2G+xVUuizs2THXOAWkQ":{"registrationId":2019317224,"currentRatchet":{"ephemeralKeyPair":{"pubKey":"BSeYeB48WCKdGnYeRWmN7Oq3hbQEpuz5Fke4cNqCiJAr","privKey":"cPjMAnWmFi+VVG2YwPMLFjG55ySu719HQ5uAxSN4q1A="},"lastRemoteEphemeralKey":"BRlMPjg4/Puv9sHF4FBncEjj74PoeGJGOhmOEECPF8Vb","previousCounter":0,"rootKey":"cMUOOUJcj1/NVaEph1Gbt3+A6iSMjiAVF3iRGUyAodM="},"indexInfo":{"baseKey":"BRm5ipD8UQYC2RNxAhqpEJ/sQ2G+xVUuizs2THXOAWkQ","baseKeyType":1,"closed":1682623242907,"used":1682623237774,"created":1682623237774,"remoteIdentityKey":"BXMjp4OFBJ/GN4JYqRPkmajWh2/uxqODO5NOsJmfkskj"},"_chains":{"BSeYeB48WCKdGnYeRWmN7Oq3hbQEpuz5Fke4cNqCiJAr":{"chainKey":{"counter":0,"key":"z22DJZXhKOOXNDfKBUwwO6SqX3yQ8Mqv432jdjj6cfA="},"chainType":1,"messageKeys":{}}},"pendingPreKey":{"signedKeyId":0,"baseKey":"BRm5ipD8UQYC2RNxAhqpEJ/sQ2G+xVUuizs2THXOAWkQ"}},"BUQcUP9YzAo2AkPxBRjtrzdMFBmG1ujnc/hdb0Choe8B":{"registrationId":2019317224,"currentRatchet":{"ephemeralKeyPair":{"pubKey":"BXmPwYWEoQvV9zdjPZszOATJg9p92XNo0axKK7V5hDM9","privKey":"SL5ZDPb5rx7zbqMxcLGc3uVX9dvqtWM9dJCF2s5ePEQ="},"lastRemoteEphemeralKey":"BRlMPjg4/Puv9sHF4FBncEjj74PoeGJGOhmOEECPF8Vb","previousCounter":0,"rootKey":"/JrFJoKl5Gf27Oyd697kPnIH4G/919uMI3ENoVI5s1I="},"indexInfo":{"baseKey":"BUQcUP9YzAo2AkPxBRjtrzdMFBmG1ujnc/hdb0Choe8B","baseKeyType":1,"closed":-1,"used":1682623242905,"created":1682623242905,"remoteIdentityKey":"BXMjp4OFBJ/GN4JYqRPkmajWh2/uxqODO5NOsJmfkskj"},"_chains":{"BXmPwYWEoQvV9zdjPZszOATJg9p92XNo0axKK7V5hDM9":{"chainKey":{"counter":248,"key":"lnQFm6A2BYWzEygiGoUNA0uogqHc0eHDDvOJFeOTVE4="},"chainType":1,"messageKeys":{}}},"pendingPreKey":{"signedKeyId":0,"baseKey":"BUQcUP9YzAo2AkPxBRjtrzdMFBmG1ujnc/hdb0Choe8B"}}},"version":"v1"}