{"_sessions":{"BaX1pv6KoEqap7yZEWhd7uFKa8Ts+UU22Uv+Rhiu8hNy":{"registrationId":49210214,"currentRatchet":{"ephemeralKeyPair":{"pubKey":"BeH4PDq6zx5eEhBuvgNLgitVlWs8zyotlSKwIK3WqxMU","privKey":"uCA9U/F6UJT2tOSqyu221rKHIYyyZ66ZD04Ni+hXckY="},"lastRemoteEphemeralKey":"BfrSDbXt9vSCw9rzFUCBeQfEI0fZcm/VYQds06HOi8pt","previousCounter":0,"rootKey":"IrMbK8CVi+9Udl1XYq8O7Bwjqea/ENRzGLMN7CYdL5U="},"indexInfo":{"baseKey":"BaX1pv6KoEqap7yZEWhd7uFKa8Ts+UU22Uv+Rhiu8hNy","baseKeyType":1,"closed":-1,"used":1682603060810,"created":1682603060810,"remoteIdentityKey":"BblrTbNOZydnrUZzu/6BD7eXZVKYNC+zirW1hv7N+7Ag"},"_chains":{"BeH4PDq6zx5eEhBuvgNLgitVlWs8zyotlSKwIK3WqxMU":{"chainKey":{"counter":360,"key":"Frk8ME0f5iMkRD8TQAawx7fQJKhhMcgmeSbuic1NKY4="},"chainType":1,"messageKeys":{}}},"pendingPreKey":{"signedKeyId":12,"baseKey":"BaX1pv6KoEqap7yZEWhd7uFKa8Ts+UU22Uv+Rhiu8hNy","preKeyId":13777443}}},"version":"v1"}