{"_sessions":{"BQ/X27GzLdo0GDVYyrln5YAlAY5n7ctmUVJJ017HE4cG":{"registrationId":814185541,"currentRatchet":{"ephemeralKeyPair":{"pubKey":"BV2vwpqwWQZNdYK9bO6jmuY7+EmvX7CKjP6ER++1Wbkk","privKey":"MPbthsAbgDFm46ecQAFIjylzsNhGeo7dlZibuUkTZFY="},"lastRemoteEphemeralKey":"BUZOHd248uQH+yxQexFoXcHqgV5Ad+SU8Wz4OBuH9zg8","previousCounter":0,"rootKey":"ai1hfeJojAt4c7rtL0iJbrhI16h7FjdObSUGS6IK4xY="},"indexInfo":{"baseKey":"BQ/X27GzLdo0GDVYyrln5YAlAY5n7ctmUVJJ017HE4cG","baseKeyType":1,"closed":-1,"used":1682619374024,"created":1682619374024,"remoteIdentityKey":"BeJOQ4FKXDnNzf43wpTaX1SOzppiUr2riJIsy33PFxke"},"_chains":{"BV2vwpqwWQZNdYK9bO6jmuY7+EmvX7CKjP6ER++1Wbkk":{"chainKey":{"counter":3,"key":"epciad0LJS51+jSv3inqubXVhIumonnLgx46ec8pE8I="},"chainType":1,"messageKeys":{}}},"pendingPreKey":{"signedKeyId":2,"baseKey":"BQ/X27GzLdo0GDVYyrln5YAlAY5n7ctmUVJJ017HE4cG","preKeyId":826272}}},"version":"v1"}