{"_sessions":{"BX+tqwM6Y5B121Z8PDvuxRzxqUKU30M280FmNYmEEuxC":{"registrationId":1420896552,"currentRatchet":{"ephemeralKeyPair":{"pubKey":"BWXpa9DAjahOjNdFb8Bx1QJv6+0qCTsiby8i6DlhlStT","privKey":"CLGm8dFIP36ckby3YYVmJjTVPziFAozbBifcGjh6zXc="},"lastRemoteEphemeralKey":"BXR7/Au0/OwkiKZ4G+bepXV7WbjacI3eDX8xCVG1qmU8","previousCounter":0,"rootKey":"OPzcnITBt7/ZMHTcLfeSskvGpe71NFh0vuqneDWjIxE="},"indexInfo":{"baseKey":"BX+tqwM6Y5B121Z8PDvuxRzxqUKU30M280FmNYmEEuxC","baseKeyType":1,"closed":-1,"used":1682603060934,"created":1682603060934,"remoteIdentityKey":"BVataBQrHM8S9XM2vk4a3I9OIyD4KtyU/lo3eCXT8PQd"},"_chains":{"BWXpa9DAjahOjNdFb8Bx1QJv6+0qCTsiby8i6DlhlStT":{"chainKey":{"counter":360,"key":"nh0x+S/knik0/A8rVSarzrYUWLhDAAhJNKALaye5lrM="},"chainType":1,"messageKeys":{}}},"pendingPreKey":{"signedKeyId":12,"baseKey":"BX+tqwM6Y5B121Z8PDvuxRzxqUKU30M280FmNYmEEuxC","preKeyId":7339526}}},"version":"v1"}