{"_sessions":{"BaJUWvURFdtDpD82vbLErYmMPzzuuuKP6foQ7Kvawf5C":{"registrationId":946566720,"currentRatchet":{"ephemeralKeyPair":{"pubKey":"BU1cTO5JIQGlKhauOKacwaoSEcxYvofhSB9kbFGnG0gK","privKey":"WJcPQNK0f/BXCmJZ24QWBHbfenu/dG37OUKQLJUHm3E="},"lastRemoteEphemeralKey":"BRikLSX4D8suCDP9+uHOpX6Zj9uhs0QLkQe2Qk+obxst","previousCounter":0,"rootKey":"94Ws0SavzedNspVGRyAoLQXbsozh3csDNPb/tf0qOa4="},"indexInfo":{"baseKey":"BaJUWvURFdtDpD82vbLErYmMPzzuuuKP6foQ7Kvawf5C","baseKeyType":1,"closed":-1,"used":1682619374113,"created":1682619374113,"remoteIdentityKey":"BXVWYc+oTRRY0MciCWZfglDRJNqIDiQIU71RqSC8tiFt"},"_chains":{"BU1cTO5JIQGlKhauOKacwaoSEcxYvofhSB9kbFGnG0gK":{"chainKey":{"counter":3,"key":"OwQU1ZxvN703qBblPWc4NN/9D3Ks5ckVcpvITkymHRY="},"chainType":1,"messageKeys":{}}},"pendingPreKey":{"signedKeyId":1,"baseKey":"BaJUWvURFdtDpD82vbLErYmMPzzuuuKP6foQ7Kvawf5C","preKeyId":12600451}}},"version":"v1"}