{"_sessions":{"BfK5uGCp/6HYNI2IQjd2j6xVTOh53DBKS3jQl42+LoZU":{"registrationId":944809909,"currentRatchet":{"ephemeralKeyPair":{"pubKey":"BbnT97u0tvVKNRIjvahuLlgUMI0T2F/+II07dqbnNVdw","privKey":"4E8SJJbox2fUINN2iaukWJKxHPY2HJZ/Z7Pb546eo1E="},"lastRemoteEphemeralKey":"BZGjHe6Ilo6G5NZT0X7IwCGbCHtPHnLeems7icDQCg1a","previousCounter":0,"rootKey":"bIprxPrb8wm7xjQCoSmOFYpFhQu6DVkicwwlS2EIs1Y="},"indexInfo":{"baseKey":"BfK5uGCp/6HYNI2IQjd2j6xVTOh53DBKS3jQl42+LoZU","baseKeyType":1,"closed":-1,"used":1682619373951,"created":1682619373951,"remoteIdentityKey":"BVTvqQtp/Yaw5NH9+0idfHskOxvn9wz6jrQ7D+LLzQxH"},"_chains":{"BbnT97u0tvVKNRIjvahuLlgUMI0T2F/+II07dqbnNVdw":{"chainKey":{"counter":0,"key":"hn0sqW4yUaU62yNBGkN6ocIj6U2n88pFBiu67TYGFXk="},"chainType":1,"messageKeys":{}}},"pendingPreKey":{"signedKeyId":0,"baseKey":"BfK5uGCp/6HYNI2IQjd2j6xVTOh53DBKS3jQl42+LoZU"}}},"version":"v1"}