{"_sessions":{"BXQs+9q334D2E6IR0fShk8eqp6QtKblijx/BDaqsRM9U":{"registrationId":536820041,"currentRatchet":{"ephemeralKeyPair":{"pubKey":"BdeifWBLi0S/YWvCDz4UkeLHRZH1gcHk0+hM7ZX4awpb","privKey":"SPi2vb9XLNBbYd8YxXW13c0IM+8gfdUmyx8S1FP/S38="},"lastRemoteEphemeralKey":"Be0YEVqkn8oc5IFTxkfKI12JLc2vTxof8jMEknYtF5lg","previousCounter":0,"rootKey":"UqSxC8eNy1VNlbp1Iu9Rsgp7QBhEjM5o7RAIhRa92lg="},"indexInfo":{"baseKey":"BXQs+9q334D2E6IR0fShk8eqp6QtKblijx/BDaqsRM9U","baseKeyType":1,"closed":-1,"used":1682603061007,"created":1682603061007,"remoteIdentityKey":"BaZtadXDZgaKQj7hx7htP0uDlNTyhGx7EnQ/rMBLuR5V"},"_chains":{"BdeifWBLi0S/YWvCDz4UkeLHRZH1gcHk0+hM7ZX4awpb":{"chainKey":{"counter":360,"key":"k+LoFD6VoKzE7zXIaKRPA8xTfjWMAbR4400F/NuHVhs="},"chainType":1,"messageKeys":{}}},"pendingPreKey":{"signedKeyId":10,"baseKey":"BXQs+9q334D2E6IR0fShk8eqp6QtKblijx/BDaqsRM9U"}}},"version":"v1"}