{"_sessions":{"BQmwreqV9vvXFWRy2gRx0gL6jj1WeOdXK/pQSWswyDxd":{"registrationId":1091060482,"currentRatchet":{"ephemeralKeyPair":{"pubKey":"BUKbElSBYfcZa/YTfYD4Djz3CP4B3GLzN2QuPUe11O4b","privKey":"ENQKGutTW0YHEuyLaQqHU0vkT8GFGTkQRUSlh8Hmnmc="},"lastRemoteEphemeralKey":"BedLqlHlLJGOLpXLUtuSTlhhyz/vFGmhKrv2eP9aW1QI","previousCounter":0,"rootKey":"Se6d2byKtT3IY0lpsIHUqzwpQYeRd+OE1NhFkr2KEAk="},"indexInfo":{"baseKey":"BQmwreqV9vvXFWRy2gRx0gL6jj1WeOdXK/pQSWswyDxd","baseKeyType":1,"closed":-1,"used":1682619374202,"created":1682619374202,"remoteIdentityKey":"BY1p0IW0Veu6G2gA6KEcb2bIQau+YuKT4b5QqmeXc/oS"},"_chains":{"BUKbElSBYfcZa/YTfYD4Djz3CP4B3GLzN2QuPUe11O4b":{"chainKey":{"counter":3,"key":"9UDhZxcPAQpmBVDIuh2ZsWHnUInPpUqzQJ0sz0+43YY="},"chainType":1,"messageKeys":{}}},"pendingPreKey":{"signedKeyId":1,"baseKey":"BQmwreqV9vvXFWRy2gRx0gL6jj1WeOdXK/pQSWswyDxd","preKeyId":1440353}}},"version":"v1"}