{"_sessions":{"BQsyf1ty0cevXO4488VyHll1ew21IcCRS6Gm2lunk8pA":{"registrationId":1350365889,"currentRatchet":{"ephemeralKeyPair":{"pubKey":"BT4C/DOs9bf1JaMKU6KLymI9WqnWAspSOhV3WUazYyNS","privKey":"QMewGzfsj8fbcg1tlfHm2KVpOmdQFnnJA3NvyQw/hGQ="},"lastRemoteEphemeralKey":"BQwAds+WxqNh5Ge7LNK5VruD+xEqUnFLJh7XJJ30OGRb","previousCounter":0,"rootKey":"xk812YE70me2SEZ3d8iIFiWf1xGOLc5YnhppG/aaOhs="},"indexInfo":{"baseKey":"BQsyf1ty0cevXO4488VyHll1ew21IcCRS6Gm2lunk8pA","baseKeyType":1,"closed":-1,"used":1682603061354,"created":1682603061354,"remoteIdentityKey":"BUpX5VVrj8c3oGLNyyG/d0tWw1neHfT24C67hNwg38YT"},"_chains":{"BT4C/DOs9bf1JaMKU6KLymI9WqnWAspSOhV3WUazYyNS":{"chainKey":{"counter":360,"key":"d5OF4N/1coY0FFC1cQaLhxGl6pZTFnxV8mKKbnpyehw="},"chainType":1,"messageKeys":{}}},"pendingPreKey":{"signedKeyId":1,"baseKey":"BQsyf1ty0cevXO4488VyHll1ew21IcCRS6Gm2lunk8pA","preKeyId":4099105}}},"version":"v1"}